,,,,,
القائمة الرئيسية   Main List,,,,,قائمة الإحصاءات النقدية والمالية       Money & Banking Stat. List
,,,,,
Table 12c: Bank Credit Classified by Maturity,,,,,جدول 12c: الائتمان المصرفي حسب الآجال
(Million ﷼),,,,,(مليون ﷼)
نهاية الفترة,,قصير الاجل,متوسط الاجل,طويل الاجل,المجموع
End of Period ,,Short Term,Medium Term,Long Term,Total
1995,,119379.347,10305.215,8174.679,137859.241
1996,,106007.9,15649.7,11965.6,133623.2
1997,,116174.066,22264.097,10775.461,149213.624
1998,,134153.375,27157.452,17517.034,178827.861
1999,,116622.043,27280.743,22419.982,166322.768
2000,,114858.275,32049.186,26625.735,173533.196
2001,,113453.455,31950.763,42215.674,187619.892
2002,,124577.967,31646.367,54432.906,210657.24
2003,,146039.551,37757.587,63170.056,246967.19400000002
2004,,192481.048,42990.479,96664.473,332136
2005,,250841.242,53495.266,148164.246,452500.7540000001
2006,,276231.63,64633.334,156202.179,497067.14300000004
2007,,347592.757,83210.381,164036.794,594839.932
2008,,476606.182,104609.949,163585.944,744802.075
2009,,449633.565,117154.738,170116.798,736905.101
2010,,456160.174,126832.936,192348.512,775341.622
2011,,488680.423,136773.561,235403.386,860857.37
2012,,541872.285,201746.554,264492.902,1008111.741
2013,,609811.376,212454.775,307633.571,1129899.722
2014,,632117.409,238505.067,394257.528,1264880.004
2015-12-31T00:00:00,,694240.564,242437.535,437919.464,1374597.563
2016-12-31T00:00:00,,711226.9603172409,266524.428102953,441193.456471761,1418944.844891955
2017-12-31T00:00:00,,701233.224745447,267154.514792103,436562.39967556,1404950.1392131099
2018-12-31T00:00:00,,714927.0503750265,227911.3701134525,499866.83495486,1442705.255443339
2019-12-31T00:00:00,,683214.98919258,234624.91,634639.00595486,1552478.90514744
2020-12-31T00:00:00,,698110.197143175,260837.697585433,823642.178181693,1782590.072910301
2021-12-31T00:00:00,,771562.11530985,269365.5023234833,1018292.3706666668,2059219.9882999999
2022-12-31T00:00:00,,873392.3911694699,290352.98741943995,1185325.636485,2349071.01507391
2023-12-31T00:00:00,,929931.0689689501,398219.49565837,1255547.57054498,2583698.1351723005
2024-12-31T00:00:00,,1071740.54374647,444426.47574193,1439383.0313859999,2955550.0508744
2025-12-31T00:00:00,,1250506.1907829645,440034.9151000531,1605634.944237769,3296176.0501207868
,,,,,
Q1,1996,112552.43,15741.79,10412.07,138706.29
Q2,1996,108694.03,15849.37,9957.07,134500.47
Q3,1996,107062.9,17907.2,13509.7,138479.8
Q4,1996,106007.9,15649.7,11965.6,133623.2
Q1,1997,103827.775,18487.743,12147.255,134462.773
Q2,1997,107059.988,21050.425,10879.756,138990.169
Q3,1997,114138.402,19119.499,9390.555,142648.456
Q4,1997,116174.066,22264.097,10775.461,149213.624
Q1,1998,119508.289,19399.849,13789.567,152697.705
Q2,1998,120102.744,24984.774,14176.679,159264.197
Q3,1998,127071.109,28105.567,18076.94,173253.616
Q4,1998,134153.375,27157.452,17517.034,178827.861
Q1,1999,129402,27269.018,18672,175343.018
Q2,1999,111055.151,28962.625,18582.763,158600.539
Q3,1999,108461.278,28803.358,20141.561,157406.197
Q4,1999,116622.043,27280.743,22419.982,166322.768
Q1,2000,110248.48,29164.546,22202.219,161615.245
Q2,2000,112383.191,28310.327,23771.088,164464.606
Q3,2000,111821.785,31398.329,25227.234,168447.348
Q4,2000,114858.275,32049.186,26625.735,173533.196
Q1,2001,112856.728,29788.209,33598.382,176243.31900000002
Q2,2001,114529.039,30191.162,36480.091,181200.29200000002
Q3,2001,114398.437,31180.605,39762.485,185341.527
Q4,2001,113453.455,31950.763,42215.674,187619.892
Q1,2002,114788.876,32528.491,44641.045,191958.412
Q2,2002,122931.591,31619.59,49321.263,203872.44400000002
Q3,2002,120864.512,35865.426,51645.368,208375.30599999998
Q4,2002,124577.967,31646.367,54432.906,210657.24
Q1,2003,132247.171,32117.518,55020.609,219385.298
Q2,2003,133949.223,34214.79,58727.29,226891.303
Q3,2003,138831.389,36009.837,63064.242,237905.468
Q4,2003,146039.551,37757.587,63170.056,246967.19400000002
Q1,2004,153367.012,39136.379,66916.107,259419.49800000002
Q2,2004,168914.386,43824.511,73001.511,285740.408
Q3,2004,180834.088,42230.315,85553.304,308617.707
Q4,2004,192481.048,42990.479,96664.473,332136
Q1,2005,208312.682,46028.391,103018.75,357359.823
Q2,2005,224273.374,48097.578,121137.287,393508.239
Q3,2005,240564.71,51326.434,134605.601,426496.745
Q4,2005,250841.242,53495.266,148164.246,452500.7540000001
Q1,2006,258494.225,57584.538,151055.326,467134.08900000004
Q2,2006,258995,61086.04,156302.262,476383.30199999997
Q3,2006,274229.122,62441.443,153380.097,490050.66199999995
Q4,2006,276231.63,64633.334,156202.179,497067.14300000004
Q1,2007,275230.635,79427.496,148358.212,503016.343
Q2,2007,298201.687,70715.898,163151.333,532068.918
Q3,2007,324342.645,75852.024,167732.256,567926.925
Q4,2007,347592.757,83210.381,164036.794,594839.932
Q1,2008,379463.666,91912.768,169302.987,640679.421
Q2,2008,431731.3,98002.7,174535.949,704269.949
Q3,2008,456718.786,103710.398,179188.062,739617.246
Q4,2008,476606.182,104609.949,163585.944,744802.075
Q1,2009,480869.183,97850.86,160480.147,739200.1900000001
Q2,2009,475202.5,104021.189,162293.711,741517.4
Q3,2009,461768.133,115718.3,172927.695,750414.128
Q4,2009,449633.565,117154.738,170116.798,736905.101
Q1,2010,451548.672,117936.585,177390.835,746876.092
Q2,2010,451586.228,119911.935,188064.805,759562.9679999999
Q3,2010,470434.633,121944.916,181809.929,774189.478
Q4,2010,456160.174,126832.936,192348.512,775341.622
Q1,2011,461160.799,131474.346,204574.782,797209.927
Q2,2011,469773.64,133603.828,215111.619,818489.087
Q3,2011,487941.602,133848.448,220378.915,842168.965
Q4,2011,488680.423,136773.561,235403.386,860857.37
Q1,2012,527688.878,153972.946,220385.876,902047.7
Q2,2012,548826.731,167848.865,226304.245,942979.841
Q3,2012,560401.471,175243.344,244398.158,980042.973
Q4,2012,541872.285,201746.554,264492.902,1008111.741
Q1,2013,560331.36,196075.227,293287.444,1049694.031
Q2,2013,578176.921,203672.12,311285.799,1093134.84
Q3,2013,591888.153,204825.551,320305.961,1117019.665
Q4,2013,609811.376,212454.775,307633.571,1129899.722
Q1,2014,610265.291,214616.603,346711.128,1171593.022
Q2,2014,647749.997,226149.057,347100.778,1220999.832
Q3,2014,624153.013,224426.091,403179.729,1251758.833
Q4,2014,632117.409,238505.067,394257.528,1264880.004
Q1,2015,672507.748,239743.648,384269.035,1296520.431
Q2,2015,692119.339,230966.58,409952.931,1333038.85
Q3,2015,696275.434,230203.1,416743.447,1343221.981
Q4,2015,694240.564,242437.535,437919.464,1374597.563
Q1,2016,742909.5163644169,285747.14917109,392901.052800603,1421557.7183361098
Q2,2016,751461.36520687,282611.273942227,418055.371493374,1452128.0106424708
Q3,2016,749373.01986703,275049.62702501897,424051.63081977,1448474.2777118192
Q4,2016,711226.9603172409,266524.428102953,441193.456471761,1418944.844891955
Q1,2017,710240.0694000489,264958.729355921,450075.394686498,1425274.1934424678
Q2,2017,719693.8706641,255254.76313327,455474.42087058,1430423.0546679501
Q3,2017,732933.7005504251,259562.31409042998,434942.434191905,1427438.44883276
Q4,2017,701233.224745447,267154.514792103,436562.39967556,1404950.1392131099
Q1,2018,710434.396586732,268134.5444094774,432081.3100187975,1410650.251015007
Q2,2018,734351.329071091,271479.9259478554,424497.29709338583,1430328.5521123323
Q3,2018,713560.4471681635,233640.42395486002,500351.83091047197,1447552.7020334955
Q4,2018,714927.0503750265,227911.3701134525,499866.83495486,1442705.255443339
Q1,2019,723586.19698658,233480.91975,503819.88176485995,1460886.99850144
Q2,2019,723498.66948008,228060.819,525497.13095486,1477056.61943494
Q3,2019,699011.88567675,229476.244,572535.98595486,1501024.11563161
Q4,2019,683214.98919258,234624.91,634639.00595486,1552478.90514744
Q1,2020,694589.08961983,248244.00129001,690438.17501479,1633271.2659246302
Q2,2020,716648.479148289,243302.116188811,712012.320997516,1671962.9163346163
Q3,2020,712949.700144829,261386.693521507,756540.179135313,1730876.572801649
Q4,2020,698110.197143175,260837.697585433,823642.178181693,1782590.072910301
Q1,2021,721901.4125559899,261449.212785403,895037.983148455,1878388.6084898482
Q2,2021,780816.1778304699,250077.93068696003,921906.918,1952801.0265174299
Q3,2021,791254.5785712709,246538.259977086,971366.8273476129,2009159.6658959698
Q4,2021,771562.11530985,269365.5023234833,1018292.3706666668,2059219.9882999999
Q1,2022,811645.20383047,278484.09647691,1065731.654,2155860.9543073797
Q2,2022,832817.84404876,284965.9900381,1124134.03,2241917.8640868603
Q3,2022,866906.15637347,283899.31772187003,1164772.393785,2315577.86788034
Q4,2022,873392.3911694699,290352.98741943995,1185325.636485,2349071.01507391
Q1,2023,889910.59969804,330956.38861527,1190142.7923949999,2411009.78070831
Q2,2023,909709.9299177399,359716.39027243,1201907.051725,2471333.3719151695
Q3,2023,947814.2284538,369476.50561094,1226560.74377425,2543851.4778389903
Q4,2023,929931.0689689501,398219.49565837,1255547.57054498,2583698.1351723005
Q1,2024,960051.500149989,410726.65079486003,1297301.04042891,2668079.1913737594
Q2,2024,1031410.51588238,420367.66822878,1300064.0421689602,2751842.2262801197
Q3,2024,1066884.17866682,431726.99247105996,1354527.49892146,2853138.67005934
Q4,2024,1071740.54374647,444426.47574193,1439383.0313859999,2955550.0508744
Q1,2025,1119283.61595447,462830.72313784,1519846.937234,3101961.2763263104
Q2,2025,1140813.73961443,490440.64436131,1555016.6917219998,3186271.0756977396
Q3,2025,1230748.13068678,440020.12552898994,1591383.25996923,3262151.516185
Q4,2025,1250506.1907829645,440034.9151000531,1605634.944237769,3296176.0501207868
,,,,,
1997-01-31T00:00:00,,103688.394,17907.277,10059.963,131655.634
1997-02-28T00:00:00,,104279.342,17768.148,11389.136,133436.62600000002
1997-03-31T00:00:00,,103827.775,18487.743,12147.255,134462.773
1997-04-30T00:00:00,,104365,19256.687,10743.09,134364.777
1997-05-31T00:00:00,,107016.947,17687.261,10193.314,134897.522
1997-06-30T00:00:00,,107059.988,21050.425,10879.756,138990.169
1997-07-31T00:00:00,,109198.879,22214.68,10275.83,141689.389
1997-08-31T00:00:00,,114261.542,21789.764,9508.055,145559.361
1997-09-30T00:00:00,,114138.402,19119.499,9390.555,142648.456
1997-10-31T00:00:00,,116137.454,18979.234,9954.114,145070.802
1997-11-30T00:00:00,,121495.676,18760.496,10170.606,150426.77800000002
1997-12-31T00:00:00,,116174.066,22264.097,10775.461,149213.624
1998-01-31T00:00:00,,118855.107,21915.439,10804.11,151574.65600000002
1998-02-28T00:00:00,,120193.921,21613.381,11081.787,152889.089
1998-03-31T00:00:00,,119508.289,19399.849,13789.567,152697.70500000002
1998-04-30T00:00:00,,118155.48,23698.199,13351.97,155205.649
1998-05-31T00:00:00,,119663.426,23471.017,13488.668,156623.111
1998-06-30T00:00:00,,120102.744,24984.774,14176.679,159264.19700000001
1998-07-31T00:00:00,,122919.443,27526.854,15200.857,165647.15399999998
1998-08-31T00:00:00,,123722.688,26358.248,16145.797,166226.73299999998
1998-09-30T00:00:00,,127071.109,28105.567,18076.94,173253.616
1998-10-31T00:00:00,,127387.26,27971.967,18018.388,173377.615
1998-11-30T00:00:00,,127426.264,28086.398,18339.628,173852.29
1998-12-31T00:00:00,,134153.375,27157.452,17517.034,178827.86099999998
1999-01-31T00:00:00,,131374.843,26269.831,18506.049,176150.723
1999-02-28T00:00:00,,130459.675,26531.816,18088.516,175080.007
1999-03-31T00:00:00,,129402,27269.018,18672,175343.018
1999-04-30T00:00:00,,118944.3,31356.03,16926.817,167227.14700000003
1999-05-31T00:00:00,,113644.202,38104.227,16219.82,167968.249
1999-06-30T00:00:00,,111055.151,28962.625,18582.763,158600.53900000002
1999-07-31T00:00:00,,109584.202,29177.222,18708.847,157470.271
1999-08-31T00:00:00,,110190.584,29549.996,17145.072,156885.652
1999-09-30T00:00:00,,108461.278,28803.358,20141.561,157406.197
1999-10-31T00:00:00,,110656.72,22871.75,23901.04,157429.51
1999-11-30T00:00:00,,110829.396,27452.432,20751.388,159033.216
1999-12-31T00:00:00,,116622.043,27280.743,22419.982,166322.76799999998
2000-01-31T00:00:00,,111098.597,28273.818,21595.71,160968.12499999997
2000-02-29T00:00:00,,112190.508,28354.147,22272.876,162817.531
2000-03-31T00:00:00,,110248.48,29164.546,22202.219,161615.245
2000-04-30T00:00:00,,110468.995,28677.724,22869.203,162015.922
2000-05-31T00:00:00,,109400.452,29770.774,23293.296,162464.522
2000-06-30T00:00:00,,112383.191,28310.327,23771.088,164464.606
2000-07-31T00:00:00,,111121.067,29088.105,24488.219,164697.391
2000-08-31T00:00:00,,111679.637,30257.66,23591.15,165528.447
2000-09-30T00:00:00,,111821.785,31398.329,25227.234,168447.348
2000-10-31T00:00:00,,115062.064,30837.334,24817.766,170717.164
2000-11-30T00:00:00,,113729.884,31329.999,25839.496,170899.37900000002
2000-12-31T00:00:00,,114858.275,32049.186,26625.735,173533.196
2001-01-31T00:00:00,,114823.65,29359.679,30275.206,174458.535
2001-02-28T00:00:00,,113862.948,31227.643,31865.185,176955.776
2001-03-31T00:00:00,,112856.728,29788.209,33598.382,176243.31900000002
2001-04-30T00:00:00,,112600.581,30525.073,33742.476,176868.13
2001-05-31T00:00:00,,114163.275,30097.544,35930.072,180190.891
2001-06-30T00:00:00,,114529.039,30191.162,36480.091,181200.29200000002
2001-07-31T00:00:00,,115333.73,29500.889,37032.403,181867.022
2001-08-31T00:00:00,,113420.18,31200.819,38628.65,183249.64899999998
2001-09-30T00:00:00,,114398.437,31180.605,39762.485,185341.527
2001-10-31T00:00:00,,115102.46,32079.698,39057.622,186239.78
2001-11-30T00:00:00,,114536.365,32820.063,40010.947,187367.375
2001-12-31T00:00:00,,113453.455,31950.763,42215.674,187619.892
2002-01-31T00:00:00,,115615.356,30076.288,42489.847,188181.491
2002-02-28T00:00:00,,115066.047,31324.559,44826.599,191217.20500000002
2002-03-31T00:00:00,,114788.876,32528.491,44641.045,191958.412
2002-04-30T00:00:00,,121029.283,31755.145,43430.902,196215.33
2002-05-31T00:00:00,,119572.207,33024.171,47102.914,199699.292
2002-06-30T00:00:00,,122931.591,31619.59,49321.263,203872.44400000002
2002-07-31T00:00:00,,124711.553,33277.282,48948.483,206937.318
2002-08-31T00:00:00,,118808.276,37557.598,51436.926,207802.8
2002-09-30T00:00:00,,120864.512,35865.426,51645.368,208375.30599999998
2002-10-31T00:00:00,,121897.676,37266.876,51138.215,210302.767
2002-11-30T00:00:00,,123450.175,38219.624,54354.971,216024.77
2002-12-31T00:00:00,,124577.967,31646.367,54432.906,210657.24
2003-01-31T00:00:00,,132754.792,31981.487,54023.35,218759.629
2003-02-28T00:00:00,,128154.468,33799.867,53935.09,215889.425
2003-03-31T00:00:00,,132247.171,32117.518,55020.609,219385.298
2003-04-30T00:00:00,,130846.45,33473.861,55662.818,219983.129
2003-05-31T00:00:00,,130405.171,33809.243,58405.615,222620.02899999998
2003-06-30T00:00:00,,133949.223,34214.79,58727.29,226891.303
2003-07-31T00:00:00,,135307.515,35463.418,60504.645,231275.578
2003-08-31T00:00:00,,137706.616,35992.754,62099.158,235798.528
2003-09-30T00:00:00,,138831.389,36009.837,63064.242,237905.468
2003-10-31T00:00:00,,140665.637,38546.087,63020.478,242232.202
2003-11-30T00:00:00,,142099.632,39183.378,63629.283,244912.293
2003-12-31T00:00:00,,146039.551,37757.587,63170.056,246967.19400000002
2004-01-31T00:00:00,,150908.017,38757.665,63268.553,252934.235
2004-02-29T00:00:00,,149802.61,38867.993,63911.008,252581.611
2004-03-31T00:00:00,,153367.012,39136.379,66916.107,259419.49800000002
2004-04-30T00:00:00,,156724.978,41484.201,69942.156,268151.335
2004-05-31T00:00:00,,160572.383,43356.178,75199.83,279128.391
2004-06-30T00:00:00,,168914.386,43824.511,73001.511,285740.408
2004-07-31T00:00:00,,169402.645,41440.917,80675.451,291519.013
2004-08-31T00:00:00,,178616.971,40476.411,82301.014,301394.39599999995
2004-09-30T00:00:00,,180834.088,42230.315,85553.304,308617.707
2004-10-31T00:00:00,,213019.001,44106.339,92514.242,349639.582
2004-11-30T00:00:00,,195231.651,43206.58,92603.152,331041.38300000003
2004-12-31T00:00:00,,192481.048,42990.479,96664.473,332136
2005-01-31T00:00:00,,194284.872,42823.61,97672.079,334780.561
2005-02-28T00:00:00,,198654.192,44395.75,100001.164,343051.106
2005-03-31T00:00:00,,208312.682,46028.391,103018.75,357359.823
2005-04-30T00:00:00,,211061.344,45135.309,109815.196,366011.84900000005
2005-05-31T00:00:00,,218294.612,47411.302,114420.42,380126.334
2005-06-30T00:00:00,,224273.374,48097.578,121137.287,393508.239
2005-07-31T00:00:00,,222360.843,52299.015,127704.556,402364.414
2005-08-31T00:00:00,,230252.277,50063.269,131181.743,411497.289
2005-09-30T00:00:00,,240564.71,51326.434,134605.601,426496.745
2005-10-31T00:00:00,,240193.531,52470.243,139587.964,432251.738
2005-11-30T00:00:00,,247839.446,51448.736,143944.119,443232.301
2005-12-31T00:00:00,,250841.242,53495.266,148164.246,452500.7540000001
2006-01-31T00:00:00,,255096.984,55003.999,147293.097,457394.08
2006-02-28T00:00:00,,261130.831,57178.815,148272.643,466582.289
2006-03-31T00:00:00,,258494.225,57584.538,151055.326,467134.08900000004
2006-04-30T00:00:00,,256464.739,58610.798,151361.487,466437.024
2006-05-31T00:00:00,,253628.88,59612.318,155413.154,468654.35199999996
2006-06-30T00:00:00,,258995,61086.04,156302.262,476383.30199999997
2006-07-31T00:00:00,,264264.203,62287.783,155045.146,481597.132
2006-08-31T00:00:00,,269234.153,64278.829,153098.023,486611.00499999995
2006-09-30T00:00:00,,274229.122,62441.443,153380.097,490050.66199999995
2006-10-31T00:00:00,,277271.866,62889.992,153434.473,493596.331
2006-11-30T00:00:00,,278482.125,63707.138,153360.117,495549.38
2006-12-31T00:00:00,,276231.63,64633.334,156202.179,497067.14300000004
2007-01-31T00:00:00,,268963.638,66553.523,152896.092,488413.25299999997
2007-02-28T00:00:00,,279964.544,65101.81,148988.066,494054.42
2007-03-31T00:00:00,,275230.635,79427.496,148358.212,503016.343
2007-04-30T00:00:00,,289448.27,69591.971,152131.942,511172.1830000001
2007-05-31T00:00:00,,295836.128,71513.15,153191.526,520540.80400000006
2007-06-30T00:00:00,,298201.687,70715.898,163151.333,532068.918
2007-07-31T00:00:00,,305532.856,71480.207,165600.137,542613.2
2007-08-31T00:00:00,,308631.852,74415.991,162449.688,545497.531
2007-09-30T00:00:00,,324342.645,75852.024,167732.256,567926.925
2007-10-31T00:00:00,,331076.486,78691.044,166371.16,576138.69
2007-11-30T00:00:00,,341207.535,78508.965,164637.753,584354.253
2007-12-31T00:00:00,,347592.757,83210.381,164036.794,594839.932
2008-01-31T00:00:00,,355458.587,89286.869,167198.967,611944.423
2008-02-29T00:00:00,,368745.531,83885.298,169526.747,622157.576
2008-03-31T00:00:00,,379463.666,91912.768,169302.987,640679.421
2008-04-30T00:00:00,,405171.776,95523.805,165207.914,665903.495
2008-05-31T00:00:00,,417410.122,99935.453,167526.246,684871.821
2008-06-30T00:00:00,,431731.3,98002.7,174535.949,704269.949
2008-07-31T00:00:00,,437515.022,99883.021,175161.08,712559.1229999999
2008-08-31T00:00:00,,442250.147,102402.939,175360.08,720013.166
2008-09-30T00:00:00,,456718.786,103710.398,179188.062,739617.246
2008-10-31T00:00:00,,464805.269,104066.108,179139.795,748011.172
2008-11-30T00:00:00,,479739.758,106364.34,168461.576,754565.674
2008-12-31T00:00:00,,476606.182,104609.949,163585.944,744802.075
2009-01-31T00:00:00,,476313.27,101111.968,161285.997,738711.235
2009-02-28T00:00:00,,479021.603,102682.151,158421.225,740124.9789999999
2009-03-31T00:00:00,,480869.183,97850.86,160480.147,739200.1900000001
2009-04-30T00:00:00,,473422.038,100984.288,164397.052,738803.378
2009-05-31T00:00:00,,472263.289,100984.458,164435.594,737683.341
2009-06-30T00:00:00,,475202.5,104021.189,162293.711,741517.4
2009-07-31T00:00:00,,471055.023,108792.64,161683.523,741531.186
2009-08-31T00:00:00,,464602.525,110747.521,176152.713,751502.759
2009-09-30T00:00:00,,461768.133,115718.3,172927.695,750414.128
2009-10-31T00:00:00,,458214.115,114751.338,178263.904,751229.357
2009-11-30T00:00:00,,463567.399,116091.27,173110.102,752768.771
2009-12-31T00:00:00,,449633.565,117154.738,170116.798,736905.101
2010-01-31T00:00:00,,448961.465,118093.108,172734.228,739788.801
2010-02-28T00:00:00,,452495.474,117235.49,173799.711,743530.675
2010-03-31T00:00:00,,451548.672,117936.585,177390.835,746876.092
2010-04-30T00:00:00,,455022.038,118785.176,176956.319,750763.533
2010-05-31T00:00:00,,455119.444,117370.181,179836.159,752325.784
2010-06-30T00:00:00,,451586.228,119911.935,188064.805,759562.9679999999
2010-07-31T00:00:00,,462494.499,118387.922,181331.077,762213.4979999999
2010-08-31T00:00:00,,468489.842,116093.358,179946.563,764529.7629999999
2010-09-30T00:00:00,,470434.633,121944.916,181809.929,774189.478
2010-10-31T00:00:00,,467254.195,125338.401,184284.472,776877.068
2010-11-30T00:00:00,,466098.234,123419.703,185035.999,774553.936
2010-12-31T00:00:00,,456160.174,126832.936,192348.512,775341.622
2011-01-31T00:00:00,,457891.155,128899.88,194149.613,780940.648
2011-02-28T00:00:00,,458945.026,131935.372,197235.283,788115.681
2011-03-31T00:00:00,,461160.799,131474.346,204574.782,797209.927
2011-04-30T00:00:00,,462205.989,131413.987,205358.208,798978.184
2011-05-31T00:00:00,,464876.256,134290.47,208667.845,807834.571
2011-06-30T00:00:00,,469773.64,133603.828,215111.619,818489.087
2011-07-31T00:00:00,,476131.437,135768.43,215764.28,827664.147
2011-08-31T00:00:00,,486522.439,132829.559,216015.433,835367.431
2011-09-30T00:00:00,,487941.602,133848.448,220378.915,842168.965
2011-10-31T00:00:00,,496626.474,134056.321,225630.865,856313.66
2011-11-30T00:00:00,,498022.312,134916.628,227908.453,860847.393
2011-12-31T00:00:00,,488680.423,136773.561,235403.386,860857.37
2012-01-31T00:00:00,,500611.622,139695.961,233441.889,873749.472
2012-02-29T00:00:00,,525505.229,153451.601,207699.569,886656.399
2012-03-31T00:00:00,,527688.878,153972.946,220385.876,902047.7
2012-04-30T00:00:00,,534914.561,156098.921,222664.967,913678.449
2012-05-31T00:00:00,,543238.19,160939.546,222923.948,927101.684
2012-06-30T00:00:00,,548826.731,167848.865,226304.245,942979.841
2012-07-31T00:00:00,,555924.968,167865.249,233641.414,957431.631
2012-08-31T00:00:00,,562822.41,169801.501,234755.374,967379.285
2012-09-30T00:00:00,,560401.471,175243.344,244398.158,980042.973
2012-10-31T00:00:00,,552966.98,184654.921,253955.648,991577.549
2012-11-30T00:00:00,,560858.317,183333.49,253278.081,997469.888
2012-12-31T00:00:00,,541872.285,201746.554,264492.902,1008111.741
2013-01-31T00:00:00,,548548.533,198271.478,272925.827,1019745.838
2013-02-28T00:00:00,,562025.757,194195.31,275457.893,1031678.96
2013-03-31T00:00:00,,560331.36,196075.227,293287.444,1049694.031
2013-04-30T00:00:00,,571026.831,193854.244,301800.908,1066681.983
2013-05-31T00:00:00,,575550.746,196590.828,307684.202,1079825.776
2013-06-30T00:00:00,,578176.921,203672.12,311285.799,1093134.84
2013-07-31T00:00:00,,592087.631,200523.418,312644.858,1105255.907
2013-08-31T00:00:00,,595387.661,206107.179,310749.403,1112244.243
2013-09-30T00:00:00,,591888.153,204825.551,320305.961,1117019.665
2013-10-31T00:00:00,,596293.245,204129.678,321204.554,1121627.477
2013-11-30T00:00:00,,599477.863,206632.007,323944.819,1130054.689
2013-12-31T00:00:00,,609811.376,212454.775,307633.571,1129899.722
2014-01-31T00:00:00,,601542.075,207592.461,333003.922,1142138.458
2014-02-28T00:00:00,,610611.004,210470.422,331473.048,1152554.474
2014-03-31T00:00:00,,610265.291,214616.603,346711.128,1171593.022
2014-04-30T00:00:00,,625353.088,216032.917,345893.228,1187279.233
2014-05-31T00:00:00,,629839.448,220106.573,351005.231,1200951.252
2014-06-30T00:00:00,,647749.997,226149.057,347100.778,1220999.832
2014-07-31T00:00:00,,608342.976,220501.165,395427.465,1224271.606
2014-08-31T00:00:00,,609155.52,227030.618,398611.379,1234797.517
2014-09-30T00:00:00,,624153.013,224426.091,403179.729,1251758.833
2014-10-31T00:00:00,,661476.016,225203.991,405788.444,1292468.451
2014-11-30T00:00:00,,632743.5,224785.45,408042.074,1265571.024
2014-12-31T00:00:00,,632117.409,238505.067,394257.528,1264880.004
2015-01-31T00:00:00,,628568.23,226800.378,418893.18,1274261.788
2015-02-28T00:00:00,,625527.279,228895.549,429546.952,1283969.78
2015-03-31T00:00:00,,672507.748,239743.648,384269.035,1296520.431
2015-04-30T00:00:00,,669877.503,243457.799,389612.707,1302948.009
2015-05-31T00:00:00,,670980.077,233113.827,416042.109,1320136.013
2015-06-30T00:00:00,,692119.339,230966.58,409952.931,1333038.85
2015-07-31T00:00:00,,697430.646,223183.473,417033.249,1337647.368
2015-08-31T00:00:00,,696657.283,216416.794,428313.858,1341387.935
2015-09-30T00:00:00,,696275.434,230203.1,416743.447,1343221.981
2015-10-31T00:00:00,,708523.353,223634.913,422562.093,1354720.359
2015-11-30T00:00:00,,716879.255,224055.826,427074.783,1368009.864
2015-12-31T00:00:00,,694240.564,242437.535,437919.464,1374597.563
2016-01-31T00:00:00,,711568.006,272337.354,404289.072,1388194.432
2016-02-29T00:00:00,,715065.432,276810.448,417727.417,1409603.297
2016-03-31T00:00:00,,742909.5163644169,285747.14917109,392901.052800603,1421557.7183361098
2016-04-30T00:00:00,,739475.853186485,275029.574427691,418245.284022971,1432750.711637147
2016-05-31T00:00:00,,743369.852295385,277970.97475857,424364.021365105,1445704.84841906
2016-06-30T00:00:00,,751461.36520687,282611.273942227,418055.371493374,1452128.0106424708
2016-07-31T00:00:00,,750170.6468572089,280304.306114107,417460.07781995396,1447935.03079127
2016-08-31T00:00:00,,751077.50529725,274687.57741469,425913.33114226,1451678.4138542002
2016-09-30T00:00:00,,749373.01986703,275049.62702501897,424051.63081977,1448474.2777118192
2016-10-31T00:00:00,,745987.8812331529,267786.733324274,439393.778395153,1453168.39295258
2016-11-30T00:00:00,,735830.040216331,264611.415365579,438236.61376797,1438678.0693498799
2016-12-31T00:00:00,,711226.9603172409,266524.428102953,441193.456471761,1418944.844891955
2017-01-31T00:00:00,,705165.029455168,262722.599274672,446750.5129454,1414638.1416752401
2017-02-28T00:00:00,,694540.931105168,257630.237581381,463159.389228438,1415330.557914987
2017-03-31T00:00:00,,710240.0694000489,264958.729355921,450075.394686498,1425274.1934424678
2017-04-30T00:00:00,,702714.907548482,260361.69635676802,464819.19577609,1427895.7996813399
2017-05-31T00:00:00,,715482.554094275,259194.713074225,460157.1807591,1434834.4479276
2017-06-30T00:00:00,,719693.8706641,255254.76313327,455474.42087058,1430423.0546679501
2017-07-31T00:00:00,,722570.780088388,254642.184250914,455089.554004138,1432302.51834344
2017-08-31T00:00:00,,731686.3442420741,254261.26372789,450710.731839757,1436658.339809721
2017-09-30T00:00:00,,732933.7005504251,259562.31409042998,434942.434191905,1427438.44883276
2017-10-31T00:00:00,,713243.680466061,262375.332128993,451830.518208126,1427449.53080318
2017-11-30T00:00:00,,713544.381815472,261667.9450224,448765.11515574,1423977.441993612
2017-12-31T00:00:00,,701233.224745447,267154.514792103,436562.39967556,1404950.1392131099
2018-01-31T00:00:00,,708976.17119703,261360.1367401298,436245.19135995384,1406581.4992971136
2018-02-28T00:00:00,,696394.497871136,269078.5207007488,441414.39297412464,1406887.4115460094
2018-03-31T00:00:00,,710434.396586732,268134.5444094774,432081.3100187975,1410650.251015007
2018-04-30T00:00:00,,725675.66813155,270388.46795485995,428391.463,1424455.5990864101
2018-05-31T00:00:00,,726951.7717036479,262980.2623537649,443192.24520542,1433124.2792628328
2018-06-30T00:00:00,,734351.329071091,271479.9259478554,424497.29709338583,1430328.5521123323
2018-07-31T00:00:00,,721246.2667307926,238390.88795486,474455.3134184074,1434092.46810406
2018-08-31T00:00:00,,707900.7346211501,239562.68995486,499443.457,1446906.88157601
2018-09-30T00:00:00,,713560.4471681635,233640.42395486002,500351.83091047197,1447552.7020334955
2018-10-31T00:00:00,,717367.21861322,231480.81895486,501859.09712,1450707.1346880798
2018-11-30T00:00:00,,715807.9522299052,228567.27656626422,510184.19611977914,1454559.4249159484
2018-12-31T00:00:00,,714927.0503750265,227911.3701134525,499866.83495486,1442705.255443339
2019-01-31T00:00:00,,716366.35616141,229831.946,493318.40095486,1439516.70311627
2019-02-28T00:00:00,,707491.16467757,235821.341,509863.40495486,1453175.91063243
2019-03-31T00:00:00,,723586.19698658,233480.91975,503819.88176485995,1460886.99850144
2019-04-30T00:00:00,,717681.27586098,236439.764,516465.78595486,1470586.82581584
2019-05-31T00:00:00,,721958.038906809,237012.287814543,530066.774330477,1489037.1010518288
2019-06-30T00:00:00,,723498.66948008,228060.819,525497.13095486,1477056.61943494
2019-07-31T00:00:00,,721764.71890926,225964.086,541432.1667048599,1489160.97161412
2019-08-31T00:00:00,,718898.96396873,226331.037,544680.55145486,1489910.5524235899
2019-09-30T00:00:00,,699011.88567675,229476.244,572535.98595486,1501024.11563161
2019-10-31T00:00:00,,693862.7736767499,229426.445,585459.73395486,1508748.95263161
2019-11-30T00:00:00,,698860.2642881401,231777.0215,601338.99745486,1531976.283243
2019-12-31T00:00:00,,683214.98919258,234624.91,634639.00595486,1552478.90514744
2020-01-31T00:00:00,,681393.2974095059,241015.44954960002,641654.7381236041,1564063.48508271
2020-02-29T00:00:00,,668759.628020056,246427.62217995,673411.574665834,1588598.82486584
2020-03-31T00:00:00,,694589.08961983,248244.00129001,690438.17501479,1633271.2659246302
2020-04-30T00:00:00,,707038.806030894,247359.74900824,688163.1949570139,1642561.749996148
2020-05-31T00:00:00,,708649.471627013,248620.264614433,690428.815238574,1647698.55148002
2020-06-30T00:00:00,,716648.479148289,243302.116188811,712012.320997516,1671962.9163346163
2020-07-31T00:00:00,,715861.18896851,251564.657000974,718274.8003316261,1685700.6463011103
2020-08-31T00:00:00,,714834.33216532,257401.121762984,738109.991989566,1710345.4459178702
2020-09-30T00:00:00,,712949.700144829,261386.693521507,756540.179135313,1730876.572801649
2020-10-31T00:00:00,,719447.196560715,265213.58872413903,764461.876049263,1749122.661334117
2020-11-30T00:00:00,,728193.16071011,260406.87289308,785148.012,1773748.0456031899
2020-12-31T00:00:00,,698110.197143175,260837.697585433,823642.178181693,1782590.072910301
2021-01-31T00:00:00,,707496.9592730401,258879.53448815,840503.885,1806880.37876119
2021-02-28T00:00:00,,711170.8527647931,262369.963280343,863045.7301269451,1836586.546172081
2021-03-31T00:00:00,,721901.4125559899,261449.212785403,895037.983148455,1878388.6084898482
2021-04-30T00:00:00,,739266.9478304699,257080.87549774,902121.383,1898469.20632821
2021-05-31T00:00:00,,768955.85883047,245136.8958633,908562.441,1922655.19569377
2021-06-30T00:00:00,,780816.1778304699,250077.93068696003,921906.918,1952801.0265174299
2021-07-31T00:00:00,,773773.13683047,254094.28542934,934785.852,1962653.2742598099
2021-08-31T00:00:00,,776609.05992021,248653.6691462,953563.431,1978826.16006641
2021-09-30T00:00:00,,791254.5785712709,246538.259977086,971366.8273476129,2009159.6658959698
2021-10-31T00:00:00,,777013.651402084,248619.760292778,987825.623031898,2013459.03472676
2021-11-30T00:00:00,,767275.93639959,260771.78690131,1022705.206,2050752.9293009
2021-12-31T00:00:00,,771562.11530985,269365.5023234833,1018292.3706666668,2059219.9882999999
2022-01-31T00:00:00,,765326.49983047,274290.3196960433,1036685.9436666667,2076302.76319318
2022-02-28T00:00:00,,797714.98983047,272113.13802866,1040358.633,2110186.76085913
2022-03-31T00:00:00,,811645.20383047,278484.09647691,1065731.654,2155860.9543073797
2022-04-30T00:00:00,,807108.93983047,274657.40143076004,1094787.299,2176553.64026123
2022-05-31T00:00:00,,815068.87009876,276173.09791948996,1101650.1174,2192892.08541825
2022-06-30T00:00:00,,832817.84404876,284965.9900381,1124134.03,2241917.8640868603
2022-07-31T00:00:00,,833288.47151876,291467.42449322,1131153.77512,2255909.67113198
2022-08-31T00:00:00,,841537.67040876,292201.11788874003,1157264.04226,2291002.8305575
2022-09-30T00:00:00,,866906.15637347,283899.31772187003,1164772.393785,2315577.86788034
2022-10-31T00:00:00,,879687.9340598418,285653.96914256585,1166698.0630767224,2332039.96627913
2022-11-30T00:00:00,,874858.8714704734,290721.3590235952,1183716.3639843715,2349296.5944784405
2022-12-31T00:00:00,,873392.3911694699,290352.98741943995,1185325.636485,2349071.01507391
2023-01-31T00:00:00,,874734.82257747,308945.14933687,1183864.194681,2367544.16659534
2023-02-28T00:00:00,,885489.80619077,316402.40553128,1187361.127357,2389253.33907905
2023-03-31T00:00:00,,889910.59969804,330956.38861527,1190142.7923949999,2411009.78070831
2023-04-30T00:00:00,,890396.4783390401,327951.2754399,1199617.661925,2417965.4157039397
2023-05-31T00:00:00,,900619.37082204,341600.3221085,1208904.4379440001,2451124.13087454
2023-06-30T00:00:00,,909709.9299177399,359716.39027243,1201907.051725,2471333.3719151695
2023-07-31T00:00:00,,918751.073595111,358563.87672288,1214979.067598,2492294.0179159907
2023-08-31T00:00:00,,943118.712605859,358757.46334802004,1217879.52852459,2519755.7044784687
2023-09-30T00:00:00,,947814.2284538,369476.50561094,1226560.74377425,2543851.4778389903
2023-10-31T00:00:00,,936277.408616617,387102.10618127603,1240548.837362438,2563928.352160331
2023-11-30T00:00:00,,952570.86185356,387342.46621767,1247542.14189756,2587455.46996879
2023-12-31T00:00:00,,929931.0689689501,398219.49565837,1255547.57054498,2583698.1351723005
2024-01-31T00:00:00,,957820.9674167699,399366.16573396,1264538.91505745,2621726.04820818
2024-02-29T00:00:00,,964777.79566882,401946.83509394,1281881.196249345,2648605.827012105
2024-03-31T00:00:00,,960051.500149989,410726.65079486003,1297301.04042891,2668079.1913737594
2024-04-30T00:00:00,,972172.7710723899,413300.99280857004,1297888.99419634,2683362.7580773
2024-05-31T00:00:00,,998199.5525602,411087.25075472996,1314873.5887211098,2724160.39203604
2024-06-30T00:00:00,,1031410.51588238,420367.66822878,1300064.0421689602,2751842.2262801197
2024-07-31T00:00:00,,1065952.40137307,416918.65499132,1308430.0371715801,2791301.09353597
2024-08-31T00:00:00,,1074234.0248929998,426384.19950773,1324161.40055089,2824779.62495162
2024-09-30T00:00:00,,1066884.17866682,431726.99247105996,1354527.49892146,2853138.67005934
2024-10-31T00:00:00,,1057077.0510249601,437035.21757541003,1389387.91691263,2883500.185513
2024-11-30T00:00:00,,1076793.5380694699,436229.22764345,1419437.528924,2932460.29463692
2024-12-31T00:00:00,,1071740.54374647,444426.47574193,1439383.0313859999,2955550.0508744
2025-01-31T00:00:00,,1100145.9717734698,444605.37574042997,1461194.48202194,3005945.82953584
2025-02-28T00:00:00,,1104893.6419524702,454527.42867957003,1483560.356704,3042981.42733604
2025-03-31T00:00:00,,1119283.61595447,462830.72313784,1519846.937234,3101961.2763263104
2025-04-30T00:00:00,,1135757.2235284701,465936.89964012004,1524687.105405,3126381.22857359
2025-05-31T00:00:00,,1152282.179272558,481400.28023312404,1533875.820911098,3167558.28041678
2025-06-30T00:00:00,,1140813.73961443,490440.64436131,1555016.6917219998,3186271.0756977396
2025-07-31T00:00:00,,1179699.1115471302,468359.63053806,1567704.8962248398,3215763.63831003
2025-08-31T00:00:00,,1200911.87969131,465305.46665849,1571331.43882788,3237548.78517768
2025-09-30T00:00:00,,1230748.13068678,440020.12552898994,1591383.25996923,3262151.516185
2025-10-31T00:00:00,,1220208.0822852866,451087.5639572994,1603820.084521124,3275115.73076371
2025-11-30T00:00:00,,1237625.8916140068,444872.8668560515,1599691.246059072,3282190.00452913
2025-12-31T00:00:00,,1250506.1907829645,440034.9151000531,1605634.944237769,3296176.0501207868
2026-01-31T00:00:00,,1259432.8648773697,451097.5229643776,1608777.7687837381,3319308.1566254855
2026-02-28T00:00:00,,1257375.860328173,455956.44044966146,1621573.185194748,3334905.4859725824
,,,,,
,,,,,
Note : ,,,,,ملاحظة:
    Short Term : Less than One Year ,,,,, الاجل القصير : أقل من سنة  
    Medium Term : 1 - 3 Years,,,,,      الأجل المتوسط : 1 - 3 سنوات
    Long Term : Over 3 Years,,,,,      الأجل الطويل : أكثر من 3 سنوات
