,,,,,,,,,,,,
القائمة الرئيسية   Main List,,,,,,,,,,,قائمة الإحصاءات النقدية والمالية       Money & Banking Stat. List,
,,,,,,,,,,,,
Table 19: Financial Soundness Indicators for Banking Sector,,,,,,,,,,,جدول 19: مؤشرات السلامة المالية للقطاع المصرفي,
(Percentage Shares),,,,,,,,,,,(نـسـب مـئـوية),
,,رأس المال التنظيمي إلى,رأس المال التنظيمي ,صافي القروض ,القروض المتعثرة ,,,هامش الفائدة,مصاريف غير ,الأصول ,الأصول السائلة ,
نهاية,, الأصول المرجحة المخاطر ,من فئة 1 إلى الأصول ,المتعثرة لمخصصات ,إلى الإجمالي ,العائد على,العائد على ,إلى إجمالي ,الفوائد إلى ,السائلة إلى ,إلى المطلوبات ,
الفترة,,(معدل كفاية رأس المال),المرجحة المخاطر,القروض إلى رأس المال,الكلي للقروض,الأصول,الأسهم,الدخل,إجمالي الدخل,إجمالي الأصول,قصيرة الأجل,
End of,,Regulatory  ,Regulatory  ,Nonperforming ,Nonperforming,Return ,Return,Interest ,Non-interest  ,Liquid ,Liquid assets,
Period,,capital to,Tier 1 capital to,loans net of, loans to total,on assets, on equity,margin to ,expenses to,assets to,to short-term,
,,risk-weighted assets,risk-weighted assets,provisions to capital,  gross loans,,,gross income, gross income, total assets, liabilities,
2009,,16.9435864299667,14.6132211834748,6.40775114765482,3.28697148338663,1.9734375291767,14.4765812544225,73.0710038474991,34.4135134662469,25.3074128388984,36.480352508639,
2010,,17.5987112646342,15.4230763729466,3.41187887962126,2.96818471895203,1.95808472038179,13.5571194130708,70.2854838144005,35.7017062392593,24.7520969866051,37.2008419994077,
2011,,17.5502130846746,15.2106153126605,1.86334136239325,2.22411986474196,2.13702129864259,14.9912501266691,68.7020342504776,36.6201296960354,23.7040872522176,36.9981468175951,
2012,,18.2310482000534,15.67991734724,0.892857610979394,1.66979368016871,2.12639759859576,15.0162679277223,65.8821202531646,35.1654865506329,23.6606026231833,36.3755426911201,
2013,,17.8722974465802,16.4790581699965,0.703416524208474,1.30683882837442,2.03228402949705,14.7265832528076,66.452664399093,34.9827862811791,21.5647700542971,33.1878084884525,
2014,,17.8768341985833,16.1613306456154,0.0612241683963851,1.08033805274768,2.00606673007628,14.8062950321512,66.4950359104351,36.2440100866075,22.3295829830872,33.5776883831029,
2015-12-31T00:00:00,,18.0780444131251,16.1839683688082,0.99407581551285,1.23698687005173,1.95685322722019,14.3781420599973,67.1174155959707,37.0719649245933,17.5053000871892,27.2863854732987,
2016-12-31T00:00:00,,19.5447205862525,17.4693040479515,0.992332956691431,1.38335895995773,1.81317302183408,12.6280832007209,70.0763907523461,37.970332940681,20.2744035663867,31.809750929088,
2017-12-31T00:00:00,,20.3966974990304,18.3466006859991,1.72351457335718,1.61364907195792,1.95034483313016,12.8638995416976,73.3965061389776,36.6034510701634,21.6088034804504,34.5841119141961,
2018-12-31T00:00:00,,20.2911668117437,18.4905134697096,1.06756348918846,1.95231785727138,2.10492143262782,13.7647923571326,75.6511840670853,36.2724531189873,22.344193285197,35.4913712279556,
2019-12-31T00:00:00,,19.2865925552707,18.0091024701853,1.62461354053268,1.85839038526169,2.11533358912082,12.0883168027962,77.6932006227733,35.8611213007093,25.4498944811833,41.304558728151,
2020-12-31T00:00:00,,20.3385021163627,18.7272345898783,2.20776477276958,2.21159921239074,1.47666763186873,10.2961216875243,76.5765218599889,43.2919282265752,27.0369855505195,43.7801555620134,
2021-12-31T00:00:00,,19.9043091796364,18.2107792451645,2.12317538634608,1.86810170169938,1.85804310540875,12.8681499945506,77.059727839243,35.8372822911948,24.8812870739819,41.2770918054345,
2022-12-31T00:00:00,,19.9389271725664,18.3668236863244,2.68519695998709,1.80253047265235,2.01611615818821,13.7337273206641,77.9722662808892,33.3616458367856,22.9920677376356,39.6574365111974,
2023-12-31T00:00:00,,20.1309886092963,18.555620844236,2.18578552785277,1.51347587802945,2.1711929032106,14.6843806856615,78.8456919714285,33.0133964977435,21.9456994163376,38.9476538028126,
2024-12-31T00:00:00,,19.6322411411291,18.2562904870481,1.68465510737654,1.24535587233853,2.21710844572471,15.0329879519326,77.7755893316921,32.3016608987446,19.8059072436962,36.5104570570634,
2025-12-31T00:00:00,,20.4582377540763,18.8178875127348,1.43926294093879,1.03781619190088,2.25703625732976,14.9848760058789,75.9752505507447,30.1547013730889,20.158059052628,38.0195614786592,
,,,,,,,,,,,,
Q1,2009,15.4934506830806,13.9239603663114,1.63516832906379,1.44056252480491,2.47243475707828,18.716111734916,57.0339332325869,32.2381233685946,24.5214760786735,36.0573840740798,
Q2,2009,16.093169849186,13.9959956564959,4.22368588045573,2.06456185154547,2.35982443244996,17.7160758450124,72.5985054347826,32.3239028532609,24.2193658929117,34.7509821585633,
Q3,2009,16.2102183524276,13.6880012857614,7.60385778783567,2.94057034688373,1.90945095904716,14.1411515720175,72.4274105186267,33.079003834916,24.1148984515009,35.1177125785167,
Q4,2009,16.9435864299667,14.6132211834748,6.40775114765482,3.28697148338663,1.9734375291767,14.4765812544225,73.0710038474991,34.4135134662469,25.3074128388984,36.480352508639,
Q1,2010,16.865948838339,15.3173753674491,5.70413196440794,3.28869573383843,2.06815615383286,14.6531804455751,69.2162878259657,34.3873169711337,23.1177054688205,34.0683514978861,
Q2,2010,17.1144383625459,15.234761689862,4.4288240297714,3.2845032169847,2.12668658286132,14.9184295176989,69.2146272661598,34.6138429254532,23.1137665777442,33.3104618181166,
Q3,2010,17.2424541209841,14.983691827337,3.35155106417143,3.22966186985702,1.99770315295359,13.8419927778441,69.7814636850859,35.0928894843837,22.9021315339261,32.7096452822274,
Q4,2010,17.5987112646342,15.4230763729466,3.41187887962126,2.96818471895203,1.95808472038179,13.5571194130708,70.2854838144005,35.7017062392593,24.7520969866051,37.2008419994077,
Q1,2011,17.3476949319613,15.7464337771377,2.45730160489225,2.75657903212316,2.17815518369429,15.2549339810845,67.6208127402526,37.881390719385,25.3903839764583,40.1331322738054,
Q2,2011,17.3215336332146,15.1648301341666,1.90398099069601,2.54530766645283,2.21735129608468,15.6024902803982,67.8489315661347,36.9648126859616,25.0208130522441,39.5212442481984,
Q3,2011,17.332140389331,14.682191568957,1.60918005574719,2.39586179482959,2.1771314073942,15.2975676411267,68.0005374297423,36.4353158519381,23.8574083750587,37.5644789558809,
Q4,2011,17.5502130846746,15.2106153126605,1.86334136239325,2.22411986474196,2.13702129864259,14.9912501266691,68.7020342504776,36.6201296960354,23.7040872522176,36.9981468175951,
Q1,2012,17.3120804051667,15.6019787208983,2.45074701330745,1.95616284624914,2.41098101407235,17.0295888407647,63.443836110944,33.9157331087179,22.9761560909535,35.5693211473154,
Q2,2012,16.9511975643775,14.7469892166714,1.54605730565226,1.77455621794098,1.39546065388726,9.79160164738509,63.8275562479403,34.1646843823961,22.1217568308722,34.6367117731043,
Q3,2012,17.6360270284807,15.0233399479699,1.53535525397067,1.82459464975382,2.22647347198397,15.6614546222229,65.036645440346,34.1892726981457,21.3259737778521,33.1495778728728,
Q4,2012,18.2310482000534,15.67991734724,0.892857610979394,1.66979368016871,2.12639759859576,15.0162679277223,65.8821202531646,35.1654865506329,23.6606026231833,36.3755426911201,
Q1,2013,17.4144962869703,16.2092286927575,0.477307243102491,1.72402383788833,2.24145773210843,16.1971301465101,63.3803605419326,33.8317937520994,21.5922098155172,33.182770631844,
Q2,2013,17.4948295338586,16.2390984734938,0.65827073255909,1.4555261110672,2.24634619632971,16.2497233730579,64.5403219010702,37.8442628016067,19.3732057233919,29.9567363425667,
Q3,2013,17.4585156732723,16.2245918451846,0.714301872473328,1.39572313348577,2.15912077294558,15.6109398938273,65.847800597602,35.2381103672605,20.0034057123447,30.4468383477817,
Q4,2013,17.8722974465802,16.4790581699965,0.703416524208474,1.30683882837442,2.03228402949705,14.7265832528076,66.452664399093,34.9827862811791,21.5647700542971,33.1878084884525,
Q1,2014,17.8853601717718,16.2603746898007,0.593558202947036,1.28213387607699,2.1761525746646,16.1039900990471,64.284955940121,35.3865325406094,22.1506335628847,32.9931813790533,
Q2,2014,17.8374767647835,16.0212682741444,0.896711663578643,1.37216345182155,2.17779633548616,16.1633930084706,64.6057208119192,35.0783652598245,20.8194279584099,31.9913871431271,
Q3,2014,17.8374179055938,16.2001716642375,0.805124512662007,1.32159149752593,2.07320671470487,15.3774683974056,65.134159194181,35.8027609322898,20.4335734922218,31.8826540749301,
Q4,2014,17.8768341985833,16.1613306456154,0.0612241683963851,1.08033805274768,2.00606673007628,14.8062950321512,66.4950359104351,36.2440100866075,22.3295829830872,33.5776883831029,
Q1,2015,17.6511112844507,16.028146808065,0.708240012784551,1.24905936941309,2.04357626304569,15.0482913142235,64.5119737995165,38.0373392987498,19.7429266300296,30.2404647460032,
Q2,2015,17.7914336961865,15.8532308013818,0.875346346763898,1.22644419446162,2.08340361558576,15.3868843102817,64.4966083897448,36.4919702155385,18.8088061322316,28.8433063027773,
Q3,2015,17.7698470011237,15.7617055349681,0.926668510313009,1.2225441993271,2.0141617472281,14.859019827306,66.2773942463393,36.4428427659503,19.4371898920116,29.5711519188846,
Q4,2015,18.0780444131251,16.1839683688082,0.99407581551285,1.23698687005173,1.95685322722019,14.3781420599973,67.1174155959707,37.0719649245933,17.5053000871892,27.2863854732987,
Q1,2016,17.9957880763854,16.1828527094027,1.01663599825673,1.24718813269704,2.09390642244819,15.004698647543,66.4846134361393,35.9603521688685,17.0749374329476,26.0095567652534,
Q2,2016,18.3187689635075,16.3971873430811,0.999978508401699,1.21896336114313,2.06984136445007,14.7099330099269,67.7357585334232,36.6317934324731,18.3711520565093,29.0718042438259,
Q3,2016,18.8692198211565,16.806664018055,1.09002877417813,1.26798650400366,1.95951028757864,13.7873003650273,69.3462124566367,37.009654820906,18.3887761653993,28.8811984402946,
Q4,2016,19.5447205862525,17.4693040479515,0.992332956691431,1.38335895995773,1.81317302183408,12.6280832007209,70.0763907523461,37.970332940681,20.2744035663867,31.809750929088,
Q1,2017,18.8705976228731,16.8904068237425,1.00957207158924,1.41264727882255,2.04322133624109,13.6560810646762,70.4094630365703,36.7779293742191,19.4490510734305,30.8777221220846,
Q2,2017,19.1711499732566,17.1507769257993,0.52073407894577,1.40002921092771,2.01370407737628,13.4366103839969,72.2907338697707,36.290506771719,19.4149170547055,30.6008920523347,
Q3,2017,19.440266339083,17.3851166758141,1.28494298677239,1.48495910673856,2.00628645583298,13.3042010233022,72.8483485709689,36.1990687463075,19.4277055425025,30.8389218172601,
Q4,2017,20.3966974990304,18.3466006859991,1.72351457335718,1.61364907195792,1.95034483313016,12.8638995416976,73.3965061389776,36.6034510701634,21.6088034804504,34.5841119141961,
Q1,2018,20.4179643542009,18.3938705909921,0.177221662681349,1.68577748556959,2.17582056584211,13.9877411023629,73.6309750503763,36.2390735525022,20.6029269375655,31.9105303461928,
Q2,2018,20.8925550343246,18.8786922745169,0.414741916144423,1.75510429010785,2.13864936611233,13.7946909829124,74.3545234544346,36.4340116050601,21.0568337767175,33.1025669203396,
Q3,2018,20.0609121003601,18.0694588245701,0.749192936596278,1.8253264564291,2.14111025668081,13.9029816889161,74.931160667835,36.0558905453504,21.329833189673,33.5046533900134,
Q4,2018,20.2911668117437,18.4905134697096,1.06756348918846,1.95231785727138,2.10492143262782,13.7647923571326,75.6511840670853,36.2724531189873,22.344193285197,35.4913712279556,
Q1,2019,20.182206575696,18.6194615641446,1.46159005224748,1.94484738406172,2.4023654861121,15.6506251234856,75.99616656681,34.370741794334,24.4548891208863,39.458617639048,
Q2,2019,19.6931259851526,18.3819432772972,0.871413841989252,1.89560890551471,2.13112214449362,12.1786679077473,76.6083048789007,34.643513087178,25.4005746241015,41.6455475650305,
Q3,2019,19.3895730523329,18.0815954468992,1.48322029390353,1.89638755804586,2.18204759003057,12.5069429775807,76.6548831729929,34.9011362056627,24.2503544429919,39.5640043341731,
Q4,2019,19.2865925552707,18.0091024701853,1.62461354053268,1.85839038526169,2.11533358912082,12.0883168027962,77.6932006227733,35.8611213007093,25.4498944811833,41.304558728151,
Q1,2020,18.5914211366222,17.0476227203105,1.22151075121361,1.8632821595706,1.95448280844391,13.6296398554466,77.2953233994303,36.1969307480061,24.6336231073192,39.976566893148,
Q2,2020,19.0663022873297,17.7393888273405,2.44240387182107,2.23977314202881,1.16080505253638,7.93562534123125,77.9866219298841,51.0993561652873,25.4788382390934,41.4780388243394,
Q3,2020,19.6116641241969,18.0985182173461,2.20356633591182,2.23838777747958,1.44089913019197,10.0985843465115,77.1349817817243,45.7344563819376,25.4554532478953,41.6732782047458,
Q4,2020,20.3385021163627,18.7272345898783,2.20776477276958,2.21159921239074,1.47666763186873,10.2961216875243,76.5765218599889,43.2919282265752,27.0369855505195,43.7801555620134,
Q1,2021,20.291461995625,18.5676525770794,2.12356092422324,2.1925531087203,1.67434301261726,11.6414643085163,73.2822632503229,39.9730035704624,25.9419941469713,41.9796947206932,
Q2,2021,19.8162705689538,18.0689744396254,2.23745212942144,2.13137686537468,1.81907125426222,12.8309234510424,76.03155867497,34.5533370614673,24.7910905006657,40.433788355891,
Q3,2021,19.9887068199437,18.336920585958,2.29742714712384,2.05246633578749,1.88742073205336,13.1377618313237,76.5537404632988,34.8285603351266,24.2160167063411,39.6096596285286,
Q4,2021,19.9043091796364,18.2107792451645,2.12317538634608,1.86810170169938,1.85804310540875,12.8681499945506,77.059727839243,35.8372822911948,24.8812870739819,41.2770918054345,
Q1,2022,20.0133935233859,18.3660380862732,2.52496143507692,1.82294179013461,2.11391963575398,14.2609362130072,74.1043935573214,34.1801849468528,23.935599781913,39.6452933186439,
Q2,2022,19.3511760472406,18.0147285765828,2.74138812629395,1.8484882386507,2.09382992771066,14.2685053773275,76.4902381086957,33.6928861127448,24.75846267123,42.1128133931106,
Q3,2022,19.3958396313597,17.7991736734102,2.70197699102874,1.80471867225914,2.14212100789317,14.6897644639634,76.860998746282,33.138662561714,23.2288669690682,40.1766883403594,
Q4,2022,19.9389271725664,18.3668236863244,2.68519695998709,1.80253047265235,2.01611615818821,13.7337273206641,77.9722662808892,33.3616458367856,22.9920677376356,39.6574365111974,
Q1,2023,19.984689770291,18.4278054835146,2.5705481334964,1.73998031877112,2.21780721932734,14.8782474824282,77.8593736482713,31.5482748200722,23.6108956207233,40.5242710536415,
Q2,2023,20.0750246799277,18.5279787894129,2.37706680190979,1.71746820725891,2.20122414315674,14.7586821143909,78.111947035046,32.0252869560052,22.8108247612185,39.6778964982989,
Q3,2023,19.5069218689691,17.9916183152647,2.19080680848168,1.63779963412409,2.20543111704705,14.9393526703662,78.3583804893795,32.6041452509013,21.8010596088417,38.6257851082839,
Q4,2023,20.1309886092963,18.555620844236,2.18578552785277,1.51347587802945,2.1711929032106,14.6843806856615,78.8456919714285,33.0133964977435,21.9456994163376,38.9476538028126,
Q1,2024,19.6376825481132,18.0953278584086,2.15539792498821,1.42255523209917,2.19268784067352,14.7766650182705,77.849407017902,32.1594744449213,21.2367354928706,37.1869305443037,
Q2,2024,19.4340874994821,17.9152849388329,1.8971674096202,1.36628420983658,2.19564261524646,14.8623352511836,78.1925150775717,32.5879757052514,21.1329143040246,36.9008255379099,
Q3,2024,19.2058092484896,17.7247310470776,2.14866273748264,1.31533174004614,2.21040869495584,15.0265971465011,77.668259477018,32.3754500303457,21.0406667226475,36.8957194154545,
Q4,2024,19.6322411411291,18.2562904870481,1.68465510737654,1.24535587233853,2.21710844572471,15.0329879519326,77.7755893316921,32.3016608987446,19.8059072436962,36.5104570570634,
Q1,2025,19.2647378338205,18.1289688448464,1.90169721344921,1.20736118640534,2.28154044187548,15.2796225847625,76.7271857640433,30.8009755349067,19.9758189550191,36.936137121685,
Q2,2025,19.4938645325048,18.2374033068227,1.74737120949817,1.17285382100428,2.27413276854205,15.2088409582953,76.4120744469292,30.6157304514253,19.8642277302412,36.3034596543654,
Q3,2025,20.0096796793265,18.4051566781369,1.61249600880186,1.09876555275417,2.26778437919426,15.1486889951947,75.8439821261779,30.4250269313755,20.3736290712571,38.4768970076484,
Q4,2025,20.4582377540763,18.8178875127348,1.43926294093879,1.03781619190088,2.25703625732976,14.9848760058789,75.9752505507447,30.1547013730889,20.158059052628,38.0195614786592,
