,,,,,,,,,,,,,,
القائمة الرئيسية   Main List,,,,,,,,,,,,,احصاءات اسعار الفائدة وأسواق المال   Money Market & Exchange Rate Stat.,
,,,,,,,,,,,,,,
Table 3a: Exchange Rates of Saudi Riyal Against Foreign Currencies,,,,,,,,,,,,,جدول 3a: سعــــر صرف الريال السعودي مقابل بعض العــمـــلات الأجــنبـيــــة ,
,,,,,,,,,,,,,,
متوسط,,الدولار,الريال ,اليوان,الين ,الروبية ,الجنيه,الوان,الدولار,اليورو,البات,الليرة,الفرنك ,
الفترة ,,الاسترالي,البرازيلي,الصيني,الياباني ,الهندية,الإسترليني ,الكوري الجنوبي,الأمريكي ,,التايلاندي,التركية,السويسري ,
Period,,Australian,Brazilian,Chinese,Japanese,Indian,Pound,Korean,U.S.,EURO,Thai,Turkish,Swiss,
Average,,Dollar,Real,Yuan,Yen,Rupee,Sterling,Won,Dollar,,Baht,Lira,Franc,
2009,,0.341333202593822,0.531836443842741,1.8216214737272,24.9585125984703,12.8930025302443,0.170891639744349,340.363590528026,0.2667,0.19172208217351,9.15003601038784,-,0.28955529782441,
2010,,0.290915095066776,0.469499101385753,1.80572328089186,23.4122581519292,12.1930357652524,0.172700003100544,308.231143065187,0.2667,0.201469392077758,8.45721268762552,-,0.278185719306392,
2011,,0.258488131785439,0.445156603605755,1.72250112546902,21.2698183724492,12.4257797305327,0.166319214110075,295.336367440781,0.2667,0.191716910826024,8.13066819787853,-,0.236690001210012,
2012,,0.257525328798297,0.520372548949124,1.68338406626184,21.2761926900702,14.2522254238528,0.168306769195291,300.665029122743,0.2667,0.207734369720632,8.2929290596791,0.478928888888889,0.250224869808556,
2013,,0.276194497667841,0.574712725386074,1.65164275496501,26.0396374589816,15.6253394783653,0.170670901561489,292.095425620414,0.2667,0.200901616082697,8.18801118736904,0.507668888888889,0.24718447167163,
2014,,0.295600351696554,0.626805475393361,1.63823072647991,28.1765219450708,16.2700012200905,0.161906020611601,280.68499938331,0.2667,0.201013930819611,8.66176157337114,0.583611111111111,0.24403997886984,
2015-12-31T00:00:00,,0.355215509007985,0.889603795745562,1.66092941994656,32.2981103039937,17.106492589201,0.174459862076658,301.781745303957,0.2667,0.240612029229231,9.14286083463962,0.72532102650814,0.256732407078506,
2016-12-31T00:00:00,,0.358430727824447,0.930095897202204,1.77171846015441,28.984625000731,17.9191387898853,0.197479897516898,309.219212774097,0.2667,0.240970029320736,9.40807647861398,0.805105060614895,0.26261330925789,
2017-12-31T00:00:00,,0.347754681046049,0.849069690585811,1.80163191421306,29.9051281847944,17.3636497193433,0.207049634036269,301.239991412583,0.2667,0.23654615928976,9.05172682295121,0.96273879165823,0.262825569712209,
2018-12-31T00:00:00,,0.35699468263141,0.973831520256223,1.7643956566603,29.4389461406275,18.2196406009042,0.199882143735658,293.371749519965,0.2667,0.225979147407671,8.6181631373437,1.28800645553745,0.260860428055787,
2019-12-31T00:00:00,,0.3831895593749633,1.0481785017246894,1.8403416943343807,29.080903367425062,18.753107203111327,0.20886332868671761,310.43162328416105,0.2667,0.23805429192480507,8.28965349346918,1.5164661851981878,0.26496370590379004,
2020-12-31T00:00:00,,0.3891949510597528,1.3726228896566026,1.8418757225335896,28.51970190051057,19.743169302798414,0.20830675173242075,315.0518828348665,0.2667,0.2345904063568753,8.347378710078964,1.882275156789267,0.2508134151781892,
2021-12-31T00:00:00,,0.355372097686743,1.4371691198246777,1.7186687845373712,29.39437637560653,19.731221292670597,0.19369428208892975,305.5108644376422,0.2667,0.22560154197185425,8.559810368008641,2.3835296092139435,0.24390113852801343,
2022-12-31T00:00:00,,0.38453687177195134,1.37695171131016,1.7967339111108136,35.04547735349378,20.947449178720372,0.21614117593144172,345.1129819541732,0.2667,0.25350642281080976,9.353306793674463,4.430928278603218,0.25450963433372514,
2023-12-31T00:00:00,,0.4024144752770539,1.3331817243762205,1.8915788131557993,37.56462922638414,22.02670135142551,0.21466803411268795,348.3587284178222,0.2667,0.24682793027450473,9.28578858868839,6.33471390046913,0.23985055633482824,
2024-12-31T00:00:00,,0.4034319775636877,1.4324159889469932,1.9191754064708182,40.33080756984312,22.307250375821685,0.20867647277630086,363.0860020765111,0.2667,0.24626122017229723,9.39153724632638,8.77326621330294,0.23395270970146986,
2025-12-31T00:00:00,,0.41381959070963775,1.488432086769559,1.9160982052590139,39.8970062552749,23.26840671806533,0.20250863459876983,379.19732023824804,0.2667,0.23624223063171312,8.761398992911055,10.555432339251547,0.2208511344731889,
,,,,,,,,,,,,,,
Q1,2009,0.402091177560594,0.617111059098825,1.82286576153975,24.9976962331865,13.2694253688739,0.186096623148814,376.688893713895,0.2667,0.20481794907633,9.42277969809647,-,0.306784512247283,
Q2,2009,0.351674869878524,0.550236700346612,1.8213490290835,25.9414838465413,12.9849086380651,0.172113857851912,343.648434365882,0.2667,0.195776194783352,9.2449361733036,-,0.2966419217087,
Q3,2009,0.320593931030276,0.497478175406945,1.82161251138924,24.9844268517562,12.9136436710261,0.16254802306084,330.904582459832,0.2667,0.186490693187473,9.05807283809342,-,0.283471447804695,
Q4,2009,0.292923940678328,0.463096373433878,1.82069617680483,23.9102327145331,12.4369327813616,0.163252390423929,311.475577078252,0.2667,0.180474037194902,8.88419024443733,-,0.272223954554976,
Q1,2010,0.294835741393242,0.479976886993502,1.82050482867007,24.1762764544681,12.2413153632556,0.171278692041934,304.853046426639,0.2667,0.192905934872268,8.77223869248362,-,0.282035619978286,
Q2,2010,0.302633977405914,0.477002878688971,1.81958449336087,24.5386644315501,12.1757292819272,0.178992470035326,310.148211439266,0.2667,0.210112415308346,8.63663135091573,-,0.295510526037252,
Q3,2010,0.295121135083879,0.466645843793376,1.80588826276007,22.8859275115962,12.3968313348578,0.171926625149359,315.965774545602,0.2667,0.206469113016371,8.42759623458164,-,0.275373222903563,
Q4,2010,0.27017256321638,0.452129565649593,1.77590017929802,22.0142992173245,11.9556025876423,0.168500515568096,301.950716372567,0.2667,0.196224875476303,7.99465057536875,-,0.259559953821772,
Q1,2011,0.265420137266772,0.444288026327138,1.75554462669746,21.9375623782566,12.068972566656,0.166370087886856,298.8321750892,0.2667,0.194955915370248,8.142377839211,-,0.250911841657754,
Q2,2011,0.251184596720217,0.425996842137572,1.73349233312431,21.7807054505942,11.9335266484447,0.163729848022142,289.045239879461,0.2667,0.185319788605919,8.07994733696539,-,0.232418067080797,
Q3,2011,0.254519040849864,0.435311714299744,1.71115730534251,20.7414469092997,12.2065808530778,0.165710599889577,289.019873675221,0.2667,0.188935757817624,8.03453144654706,-,0.220437401104265,
Q4,2011,0.263221631945711,0.478129004627628,1.69063310288051,20.6380799121861,13.5871104670514,0.16949590345647,305.04186830683,0.2667,0.197844731948027,8.26968765618108,-,0.2431523587924,
Q1,2012,0.252693684442385,0.471441716684199,1.68194116677096,21.1732413045123,13.3971916027658,0.169699291720357,301.684487970952,0.2667,0.203361507600587,8.26436141177527,0.477884444444445,0.245569045353942,
Q2,2012,0.26415460489673,0.5221509956033,1.68188686108059,21.3763915477618,14.4544499147245,0.168423723154172,307.140240089652,0.2667,0.208147313499987,8.35238237407085,0.480462222222223,0.249932359765325,
Q3,2012,0.256663868964963,0.541051176806931,1.68918959973481,20.965982407636,14.7314515162036,0.16887817265166,302.268592362713,0.2667,0.213431425740147,8.36658163794153,0.47992,0.256741170771267,
Q4,2012,0.25663933325314,0.548610757352124,1.67975571148219,21.6017931841601,14.4288437454308,0.166037434952517,291.131351559571,0.2667,0.205752147820152,8.181872077757,0.477448888888889,0.248509098915433,
Q1,2013,0.256770196082328,0.532487164754592,1.67427837302394,24.6483482150859,14.4412296243865,0.171909364257956,289.237764565004,0.2667,0.202004362162849,7.94916680892904,0.475413333333333,0.248181110497431,
Q2,2013,0.269149541000605,0.550349216322991,1.65486267641723,26.326199314422,14.9130965520794,0.173625489674217,299.214397699403,0.2667,0.204141083972423,7.96929458017545,0.490213333333333,0.251196856567825,
Q3,2013,0.290903751857187,0.609943202640022,1.64466812517258,26.371022415558,16.5938877508262,0.171977507802675,296.337754069244,0.2667,0.201256529679751,8.39678724499682,0.525413333333334,0.2485050146606,
Q4,2013,0.286969562966742,0.607410093069931,1.6351849801183,26.7147674217024,16.5477430932452,0.164882349978639,283.302030127438,0.2667,0.196015707870724,8.44569980670076,0.539635555555555,0.240916379639546,
Q1,2014,0.297299348847796,0.630993397993595,1.63157006410322,27.4191121469283,16.4769992380928,0.16121129155639,285.164800227088,0.2667,0.194749903643563,8.71361107906473,0.591093333333334,0.238190717017679,
Q2,2014,0.285781991107009,0.594889751787751,1.6421626332507,27.2367363398439,15.9434714213917,0.158447328868196,274.741181722427,0.2667,0.194491416928192,8.65657935180508,0.56368,0.237037762744621,
Q3,2014,0.288120676733518,0.605843151633818,1.64173363724108,27.6960330716152,16.1624568849765,0.159777843461841,273.655965808413,0.2667,0.201318394948341,8.56039368674767,0.576542222222222,0.243848817592515,
Q4,2014,0.311803718568759,0.678424938948267,1.63645124841802,30.4371842074652,16.5299903017026,0.16843320794382,289.625715093398,0.2667,0.213480018261689,8.72277685516705,0.603128888888888,0.257130607997514,
Q1,2015,0.339516774089539,0.764999140153977,1.63685313848598,31.7840908607827,16.5921765394829,0.176229161744438,293.532312731715,0.2667,0.23756859974207,8.7081668679678,0.655987399923465,0.254358065825329,
Q2,2015,0.342471019257313,0.820329550524478,1.63197021363817,32.3771971003875,16.9339203227664,0.174033844708255,292.742853343381,0.2667,0.2413526441671,8.87707597401528,0.710211850926086,0.251194969203404,
Q3,2015,0.367596389665078,0.942923910771895,1.66885664390006,32.6273419003985,17.3082750336913,0.171997711705438,311.506033451545,0.2667,0.23993336982495,9.40694166507244,0.759978404335694,0.257216223517577,
Q4,2015,0.370347925985718,1.02660026922381,1.70509125303339,32.3808690056335,17.5797454664063,0.175717466215353,308.817777248193,0.2667,0.243480078106756,9.55606395111074,0.775106450847313,0.264080892993265,
Q1,2016,0.369636660073151,1.04013780103183,1.74367541897232,30.7517669135162,18.0038927429645,0.186444620725188,320.308437195232,0.2667,0.242051830637543,9.5028961429746,0.784866108155127,0.265062861422005,
Q2,2016,0.357661298368741,0.9366670438772,1.74247678193955,28.8221083687034,17.8465943492595,0.185984011918436,310.133638358776,0.2667,0.236116269910444,9.40775990759138,0.77245183142527,0.258794367697957,
Q3,2016,0.351590384938542,0.865376677998766,1.77758719126936,27.290274665003,17.8548764685888,0.203040704270222,298.933497963163,0.2667,0.238817215983096,9.28686790906827,0.788438279636574,0.260063002669675,
Q4,2016,0.355337443509062,0.878410540608588,1.82509511571055,29.1107139980249,17.9780592194832,0.214654326983447,308.42537961431,0.2667,0.247257120744659,9.43450178780715,0.874664023242608,0.266806090361272,
Q1,2017,0.351689839995002,0.837658274505788,1.8372528594882,30.2717239166753,17.8522462031233,0.215275637424758,306.983441406714,0.2667,0.25034449544157,9.35923590471961,0.984943015933258,0.26769744996074,
Q2,2017,0.356331064009814,0.850801468372553,1.83225301648497,29.5827414654174,17.1844209781491,0.208339348082132,300.856048652017,0.2667,0.243322642398821,9.16468127789025,0.954110931642997,0.263681861872357,
Q3,2017,0.337664470736331,0.84296503835974,1.77896401906425,29.5943782952482,17.1444454390013,0.203786740855547,301.974747995123,0.2667,0.227050133755508,8.89591430490357,0.932891358819091,0.256819855271151,
Q4,2017,0.34697251976488,0.865356328779962,1.76307924309489,30.1279641524831,17.2610125548035,0.200986588145887,295.035034272846,0.2667,0.226534257843844,8.78759584895145,0.979009860237574,0.263230791422969,
Q1,2018,0.339316834122528,0.865364619288739,1.69526720076335,28.8148235974841,17.1545705777937,0.19169156447761,285.962553831537,0.2667,0.216984635749855,8.40978561186613,1.01946196891797,0.252797972185283,
Q2,2018,0.352424638299221,0.960616533534558,1.70162530350141,29.0860571379465,17.8666264343791,0.196000981023226,287.616686580732,0.2667,0.223843460219718,8.51905073346031,1.16242333319376,0.262510539509129,
Q3,2018,0.364594022323322,1.05273212861301,1.81551628630026,29.7146863244135,18.6806682120956,0.204643613899164,299.130995816962,0.2667,0.22932819730468,8.79312846770064,1.50073712207515,0.262508926732627,
Q4,2018,0.371355524991413,1.01465675912822,1.84563085088003,30.1103722998789,19.2487004107955,0.207155934397043,300.776615066148,0.2667,0.233641836389919,8.75335601889644,1.46940339796293,0.265564241499613,
Q1,2019,0.374487360533848,1.00490226310939,1.79896536067947,29.3855098698371,18.7935806266418,0.204789521886652,300.051472800306,0.2667,0.234789785501146,8.43405655746728,1.43026616583773,0.265875285883996,
Q2,2019,0.380525737742363,1.04161081800546,1.82042461346335,29.2884640520653,18.5217600982174,0.20710513699931,310.506350404039,0.2667,0.23714744296565,8.41762100407697,1.56714068522405,0.266685511350366,
Q3,2019,0.388546235224907,1.05637547741267,1.86960050464424,28.6404887492914,18.7535949790813,0.216240725989772,317.994535460965,0.2667,0.239846087909315,8.18918845624085,1.5147023453956,0.262964270071297,
Q4,2019,0.390989136289441,1.09706608711057,1.87854527762277,28.9599302212997,18.9928267874971,0.207707793683633,313.787506686962,0.2667,0.240962480701275,8.07866038371739,1.55375554433538,0.264062639405038,
Q1,2020,0.406925527815875,1.19198948487253,1.86337566921139,29.0568167934684,19.301997715308,0.209036051154483,318.477110471897,0.2667,0.242091594669997,8.34953016805055,1.62417859109553,0.258405042865169,
Q2,2020,0.406928953351126,1.43432720038957,1.88885959918883,28.6994494066649,20.2280278374136,0.214458834118885,325.012198107037,0.2667,0.242033786486811,8.50455343098053,1.8233890452518,0.25695885946766,
Q3,2020,0.372697811130068,1.43972825771287,1.84243112333574,28.3684179500016,19.8282091818834,0.206651255128414,316.95559971021,0.2667,0.228291285456755,8.35125506995927,1.92093241912935,0.245414511643676,
Q4,2020,0.36682797130947,1.44383783624938,1.76424066087699,27.8942177522308,19.6838363853675,0.202543422520777,298.801837282024,0.2667,0.224247576325228,8.18388940604549,2.16060057168039,0.241547351649003,
Q1,2021,0.344226761751768,1.46168003589745,1.72823958728128,28.3228575660911,19.4425398212068,0.193142480990529,296.900181403722,0.2667,0.221038764715074,8.06842915068304,1.96821089067054,0.241189927273179,
Q2,2021,0.34618270111927474,1.4096402903603422,1.7209131939043603,29.203125517746788,19.661480022491688,0.19056691490410552,298.79030284447697,0.2667,0.22106563945697758,8.368242751133668,2.234094941046912,0.24278671019734313,
Q3,2021,0.3629706602493626,1.3951171066216348,1.7248634019629636,29.371277925825815,19.7524996641542,0.19344150683578404,308.7504122987003,0.2667,0.2262845006411628,8.788426491266904,2.27007830999158,0.24489558829463198,
Q4,2021,0.36537350042973676,1.488177941317571,1.7037341246659246,30.291763317532396,19.980753511190997,0.1975016634403654,315.43802072787724,0.2667,0.23277444541777165,8.891370263008891,3.061734295146742,0.2460703273766201,
Q1,2022,0.3683794115228002,1.398989433379491,1.6928918908585655,31.051482057580635,20.0815405582963,0.19901248538291655,321.51737558503464,0.2667,0.23797359960732695,8.827126837590992,3.7391671366509174,0.24651291216944307,
Q2,2022,0.37336981326412066,1.3098320754019341,1.766018148985362,34.63622308567436,20.62482056410096,0.21249131858650172,334.7955997545577,0.2667,0.2502932268131073,9.187153353699214,4.224029153705616,0.25731009719305237,
Q3,2022,0.38979785483024865,1.3914949526138056,1.8341132562512097,36.98045727569004,21.303478418917013,0.2271490901965968,358.6127379131073,0.2667,0.26536325280732864,9.725782546946757,4.786205598193735,0.25741558508566376,
Q4,2022,0.4070416891863689,1.4026333282991237,1.9020609631786418,37.88050073476714,21.90847219315554,0.2279873763192413,364.89199159152236,0.2667,0.26237985964173877,9.744376967330524,4.974311225862604,0.2580003170066522,
Q1,2023,0.3899441871109624,1.3852249516253543,1.825913228113054,35.2473411269245,21.931193914041565,0.21914389024786587,340.1565501514103,0.2667,0.24821137228595402,9.031920127499198,5.030936088069644,0.24635139985559668,
Q2,2023,0.3993997556295726,1.3221870160573062,1.8716115777298743,36.55882763851787,21.92457565916545,0.21315766052852553,350.9996166591331,0.2667,0.2452708668191157,9.174447966213803,5.550434097968935,0.23998153051472193,
Q3,2023,0.40748760580076065,1.3019708629770095,1.9323774779657235,38.57933081762441,22.03961576764642,0.2107436685194696,349.3924669125061,0.2667,0.24511771181966238,9.382523639667223,7.140524520908007,0.23559414340467974,
Q4,2023,0.41152426218017185,1.3235618304168821,1.9291009197821016,39.561677868687745,22.205941964444794,0.21558769491354635,352.99840667474655,0.2667,0.24866003938508613,9.541580682209318,7.616960894929934,0.2376319124609602,
Q1,2024,0.4035519191434885,1.315436293053087,1.9137493536252714,39.38518847802393,22.154953868132463,0.21041056546056291,353.597127030373,0.2667,0.24540097875983694,9.440533379119938,8.269787254766236,0.23082754733575772,
Q2,2024,0.40479797458029826,1.3887996105755038,1.9313753063967072,41.529200552790236,22.247322874049875,0.21139249166314275,365.6293945780684,0.2667,0.24765808218328217,9.792332943886718,8.651677238176356,0.24134374354871274,
Q3,2024,0.3982824326943947,1.4790027166674025,1.912602272059647,39.83385390854185,22.342244708693183,0.2053650785483098,362.67309924033356,0.2667,0.24284966063678673,9.28411285805887,8.951499525588925,0.23090016971292143,
Q4,2024,0.40753294064435247,1.5516308910891574,1.9197029999679718,40.50887118923806,22.50056130526477,0.2076384342551275,371.5508211786147,0.2667,0.24948141362799442,9.064145172661785,9.220100834680238,0.23340753446134965,
Q1,2025,0.42549243502918394,1.561668696546673,1.9410456125068276,40.70208391476378,23.132782585431414,0.21206834136429897,387.25489788983583,0.2667,0.25381597016515567,9.053328201837317,9.687047885069727,0.2398579079067661,
Q2,2025,0.416957410054855,1.515785829533693,1.9308409470681553,38.50890544172103,22.796674500991138,0.20004270917019756,375.023044991376,0.2667,0.23521174964275535,8.82996606021681,10.363639891208114,0.22004985516146752,
Q3,2025,0.4073930213257427,1.4532052463600313,1.9085654370820826,39.28482626470363,23.265121340195783,0.19764451597370156,369.3518905751446,0.2667,0.22828469140270163,8.609856379136467,10.889389535556068,0.21339102025110201,
Q4,2025,0.4067735723140749,1.438327694042479,1.8899845258410901,41.000216784123936,23.768483358431112,0.20060504874347057,386.62536448022536,0.2667,0.2291845673512044,8.586319370438321,11.28165204517228,0.21316020632909424,
,,,,,,,,,,,,,,
2009-01-31T00:00:00,,0.393534938019632,0.614987919671412,1.82350560891746,24.1105900192128,13.0239873496843,0.184978319298569,358.959990944302,0.2667,0.201526492134323,9.31128090648104,-,0.301194613804101,
2009-02-28T00:00:00,,0.410962792166257,0.615567728828866,1.82287094806057,24.6672243765218,13.1259224713381,0.185165075580855,381.189376712494,0.2667,0.208597990991582,9.39991792233334,-,0.31083456419135,
2009-03-31T00:00:00,,0.401804472956321,0.621211855511177,1.82242502269606,26.0993144875736,13.6720017311097,0.188010956431282,388.443155268672,0.2667,0.204523392598018,9.54638751926405,-,0.308184372701024,
2009-04-30T00:00:00,,0.374500482224571,0.586537104000136,1.82164638324183,26.4009200332832,13.3523210719215,0.181464661077491,357.839004056628,0.2667,0.202197010206134,9.45795190051734,-,0.30625754168178,
2009-05-31T00:00:00,,0.3490424031056,0.552706175047337,1.81988145196771,25.6373635767746,12.9424081235287,0.17281597080516,335.656315485096,0.2667,0.195414766690153,9.20482409358877,-,0.295551144911886,
2009-06-30T00:00:00,,0.332443302666026,0.522073553960106,1.82219922788547,25.737933149471,12.7396358614819,0.163038671594182,336.360149163087,0.2667,0.190267660847368,9.10768225662581,-,0.288471081693361,
2009-07-31T00:00:00,,0.331823208325638,0.516307638110949,1.82187492086223,25.1989227087954,12.9353956320112,0.16310846131387,337.057544805312,0.2667,0.189302622183184,9.07864637199935,-,0.287822730931697,
2009-08-31T00:00:00,,0.319607252438855,0.491659318653239,1.82192357570008,25.2901472492069,12.8850430134863,0.161143346456162,330.238551090159,0.2667,0.186906452525832,9.07210780805882,-,0.284955977486349,
2009-09-30T00:00:00,,0.309751212577326,0.48569998542953,1.82104124918896,24.398161735897,12.9170578474253,0.163239089073289,325.107697224244,0.2667,0.183154088050798,9.02818367565909,-,0.27750532802125,
2009-10-31T00:00:00,,0.293466125487278,0.463279882995987,1.82067834483473,24.0770650457152,12.4589370861941,0.164827918084186,313.514576247082,0.2667,0.179996147311805,8.91138748482087,-,0.272468871373187,
2009-11-30T00:00:00,,0.289824257785999,0.459780615599283,1.82063645773771,23.7841571267381,12.4183960579422,0.160775438736613,310.214715124232,0.2667,0.178806082035114,8.8785263155335,-,0.26999344318131,
2009-12-31T00:00:00,,0.295481438761709,0.465813837334125,1.82076863299345,23.854830575197,12.4346781469125,0.16407878932431,310.760482961144,0.2667,0.18254406609416,8.86078994677224,-,0.274091671577484,
2010-01-31T00:00:00,,0.291544179757937,0.472581252006295,1.82062163230333,24.3090574811515,12.247157742183,0.164900154232439,303.904792538878,0.2667,0.186874615728369,8.81219058531778,-,0.275880102195571,
2010-02-28T00:00:00,,0.301063313462521,0.492140503073636,1.82054377535586,24.0828230299331,12.355715136674,0.170796623395011,308.578971509994,0.2667,0.194844449473656,8.84000526997636,-,0.285857461069095,
2010-03-31T00:00:00,,0.292410341469524,0.476359669350963,1.8203829386997,24.1380638242246,12.1328053071979,0.177223477280257,302.792869038023,0.2667,0.196549178587556,8.6773931093452,-,0.284563405070048,
2010-04-30T00:00:00,,0.287830830385417,0.468884403654827,1.82030818457686,24.900560916944,11.8663805943579,0.173957294663087,297.951167877054,0.2667,0.19893481288428,8.60803758668317,-,0.285161207953752,
2010-05-31T00:00:00,,0.306008168372466,0.480730552947516,1.82063768252407,24.4707452984012,12.2054747702383,0.182260696572984,309.062731058011,0.2667,0.212116933979345,8.63199793870953,-,0.300453324505129,
2010-06-30T00:00:00,,0.31281378569441,0.48207143842067,1.81773143495895,24.2457007529256,12.4172047721957,0.180747342909383,323.332055348073,0.2667,0.218451582356588,8.66037535085245,-,0.300874889184897,
2010-07-31T00:00:00,,0.304679199237994,0.472221584389937,1.80740830235914,23.3767348884104,12.495157063901,0.174350407370992,321.710736157039,0.2667,0.208572740819195,8.62018562644717,-,0.280860091933233,
2010-08-31T00:00:00,,0.296318855734514,0.469105232909384,1.81069961446452,22.7929865089574,12.4177413358979,0.170298810266126,314.663237036188,0.2667,0.20686882631269,8.47583882019023,-,0.277427963628511,
2010-09-30T00:00:00,,0.28482049619123,0.458876225537785,1.79787352573188,22.5027360325743,12.2764950784039,0.171246076011989,310.892632956094,0.2667,0.20404691070325,8.21887155933673,-,0.267218397822393,
2010-10-31T00:00:00,,0.271882278831263,0.447219027876362,1.77951531199514,21.8311976942209,11.8446715874339,0.168186407757505,299.876043689002,0.2667,0.191914148562062,7.99102115008245,-,0.258136212221789,
2010-11-30T00:00:00,,0.268994092877003,0.456580746693289,1.77487468150653,21.9594049541386,11.9844464528055,0.166700428096718,299.696173252473,0.2667,0.19474761348798,7.96394761289008,-,0.26190386696293,
2010-12-31T00:00:00,,0.269703342695578,0.452520018869697,1.77429460622053,22.2468055772955,12.0450462945493,0.170725984285957,306.07377904272,0.2667,0.201737245859698,8.03059890852735,-,0.258906829796,
2011-01-31T00:00:00,,0.268171868764936,0.446234457441547,1.76090287647151,22.0296396966863,12.1024528230431,0.169074596686402,298.75748423291,0.2667,0.199650447045462,8.15577753375986,-,0.255004104622829,
2011-02-28T00:00:00,,0.264445696356221,0.44475928994145,1.75574512606844,21.9993970867759,12.1213415529918,0.165386558837884,298.256690458549,0.2667,0.19540232818185,8.18990305009209,-,0.253626747993234,
2011-03-31T00:00:00,,0.264010283191022,0.44229080024689,1.75099620335395,21.8116343562074,11.9972104473197,0.16494840896247,299.318610144482,0.2667,0.190504938112651,8.09824751005771,-,0.245110603410988,
2011-04-30T00:00:00,,0.252734789811977,0.424619751558359,1.74132926975281,22.2468724131554,11.8361969818902,0.163181657531469,289.913343883218,0.2667,0.184682395312209,8.01269392771556,-,0.239729232375622,
2011-05-31T00:00:00,,0.249517879303585,0.429940496491054,1.7332033861757,21.6686069934628,11.9720060024506,0.163405672641574,288.961415142265,0.2667,0.185860050264863,8.06422938674797,-,0.233357362640033,
2011-06-30T00:00:00,,0.251522577201054,0.423233965221405,1.72742333389991,21.4698236296716,11.960482478065,0.164473072405937,288.328448512714,0.2667,0.185354560321495,8.13794762298556,-,0.224068733009974,
2011-07-31T00:00:00,,0.247696009340943,0.416965277125451,1.7229908018731,21.1726092522531,11.8440835540223,0.165392765244717,282.441566920467,0.2667,0.187122098792718,8.01388260912182,-,0.219570636782507,
2011-08-31T00:00:00,,0.254400831089744,0.425510685071622,1.70864776636077,20.5922211670397,12.0742638037307,0.162885678197338,286.428860592845,0.2667,0.185927965331264,7.96893944000521,-,0.20822417006581,
2011-09-30T00:00:00,,0.26114100489277,0.463518972191775,1.70208430169183,20.4909262543451,12.7274380619227,0.16897274132417,299.080896622047,0.2667,0.19395730104069,8.1209458854792,-,0.234057704403367,
2011-10-31T00:00:00,,0.262987639539926,0.473275964998747,1.69506766324947,20.4725479821967,13.1306594625249,0.169211719844642,308.019349688498,0.2667,0.19455009922206,8.23872650726892,-,0.239037399040881,
2011-11-30T00:00:00,,0.263051419927163,0.473071452246594,1.69045568097128,20.687853474414,13.5174739503724,0.168393071667601,301.394633291386,0.2667,0.196372734353669,8.24630055011439,-,0.241721278613385,
2011-12-31T00:00:00,,0.263614136749756,0.488297848130695,1.68763453300672,20.7588156361704,14.0374616971906,0.170882918857167,305.963298565823,0.2667,0.202384379872147,8.32835454232911,-,0.248434301583386,
2012-01-31T00:00:00,,0.256601031583836,0.477777571880754,1.68421317544807,20.5275586706657,13.6606280521409,0.171820367455829,305.416229963366,0.2667,0.206502334558538,8.41618549475562,0.490106666666667,0.249942672446191,
2012-02-29T00:00:00,,0.24869286367745,0.458573123674372,1.68009531329307,20.9045265936346,13.1103073826321,0.168786356555611,299.74158935514,0.2667,0.201702939060148,8.1938506492473,0.467813333333333,0.24333997078119,
2012-03-31T00:00:00,,0.252956267151982,0.47738056924172,1.68217339168359,21.9826023343594,13.4194669849865,0.168600982110607,300.309202418087,0.2667,0.202013999948304,8.19414987243873,0.475733333333334,0.243619452154399,
2012-04-30T00:00:00,,0.257646224695256,0.493499681488928,1.67908909672285,21.7305322380053,13.8142214578585,0.166586470390675,302.839405371113,0.2667,0.20261381498497,8.24319567512698,0.475226666666667,0.243456720081127,
2012-05-31T00:00:00,,0.266809395158986,0.526665395808695,1.68143000350571,21.2574493135548,14.5163248398559,0.167532095446407,307.99468134379,0.2667,0.208404390999088,8.35622159050812,0.480640000000001,0.250178522194476,
2012-06-30T00:00:00,,0.267091877789576,0.546072938073926,1.68474466123828,21.1523930182031,14.9413422383354,0.171343156687489,310.801675289979,0.2667,0.212896734657332,8.44154381255776,0.48552,0.255556831451836,
2012-07-31T00:00:00,,0.259111262972036,0.541140149378135,1.6864041786388,21.062127897318,14.8070751255744,0.171061780744501,304.863465193767,0.2667,0.217257807044725,8.44401420074348,0.482426666666666,0.260803647682633,
2012-08-31T00:00:00,,0.254557946064843,0.541074292129324,1.69070928164877,20.9772776421032,14.8158816600138,0.169715922742742,301.748423340159,0.2667,0.215071957581824,8.38282423387953,0.477786666666668,0.25820871790353,
2012-09-30T00:00:00,,0.256397291578338,0.540926073591775,1.69050859136159,20.8447212861702,14.5489234491243,0.165450592544051,299.877002865159,0.2667,0.207216360489898,8.26304593617632,0.479546666666667,0.250551799610822,
2012-10-31T00:00:00,,0.259081853166076,0.541497222880383,1.68382753477687,21.0419929867426,14.1222376064195,0.165779454529352,295.653439617589,0.2667,0.205459571067371,8.18453948614537,0.479386666666667,0.24859867030831,
2012-11-30T00:00:00,,0.256110663949654,0.549456571082626,1.6788712990549,21.5445353210979,14.5919935233158,0.167022689464375,290.108484231983,0.2667,0.208015016886339,8.18886236852337,0.477253333333333,0.250492254038965,
2012-12-31T00:00:00,,0.254531421942783,0.555574891509058,1.67734520587805,22.2874132513597,14.5643303087169,0.165181818377583,287.24332852576,0.2667,0.203434156863206,8.16996666683784,0.475706666666667,0.246070597131422,
2013-01-31T00:00:00,,0.253907852407473,0.542017055766697,1.67432786204248,23.7760009711642,14.4835357854995,0.167030251659945,283.986620603873,0.2667,0.200735531008301,8.02288294163505,0.471306666666666,0.246555798214993,
2013-02-28T00:00:00,,0.258384528005609,0.526296161699535,1.67583160592916,24.8443192976235,14.3320232770987,0.17228295772106,289.894932952908,0.2667,0.199638703217509,7.95234593154176,0.472613333333333,0.245449694507559,
2013-03-31T00:00:00,,0.258018207833903,0.528838726644791,1.67314409542266,25.2891256311339,14.503429125993,0.176928474192654,293.89745697702,0.2667,0.205772413436901,7.86890365923629,0.482320000000001,0.252401267970248,
2013-04-30T00:00:00,,0.256743319747575,0.534124636858068,1.6658836631582,26.0558540538392,14.5001770231514,0.174241289578318,299.154877990097,0.2667,0.20472918743325,7.75279893559851,0.479493333333332,0.249648015277818,
2013-05-31T00:00:00,,0.268643584297465,0.54112852370422,1.65274967784891,26.9551853512483,14.6755683643427,0.174240993598548,295.946718701181,0.2667,0.205392687069914,7.94074634132818,0.485653333333333,0.255029977960186,
2013-06-30T00:00:00,,0.282794565870588,0.578339015615055,1.6458035710406,25.9810758012077,15.5543131455234,0.172301845458147,302.722977360938,0.2667,0.202209392086188,8.22373583388615,0.505493333333332,0.249104232535089,
2013-07-31T00:00:00,,0.29062178270819,0.59939422866347,1.64589125664484,26.5776034285755,15.9411913080142,0.175554422059855,300.260320631163,0.2667,0.203677711758135,8.30197883421757,0.515386666666666,0.251800764272585,
2013-08-31T00:00:00,,0.2949095437395,0.623588400644482,1.6455369142601,26.0986659073947,16.855705038737,0.172131218038686,297.860377312544,0.2667,0.200361505378379,8.43021872411123,0.522293333333334,0.247154847894302,
2013-09-30T00:00:00,,0.286993737987206,0.606009907510495,1.64217928512574,26.4743681332937,16.9709870484689,0.168052666573022,289.611343133387,0.2667,0.199698815228957,8.45175218216698,0.538560000000001,0.246394644334313,
2013-10-31T00:00:00,,0.280184702030101,0.585136394826991,1.63748052100224,26.0937105843518,16.4349704709488,0.165669655906055,284.478719964917,0.2667,0.195539489127104,8.32345764173595,0.530133333333333,0.240774398227262,
2013-11-30T00:00:00,,0.285124222185135,0.610344178492431,1.63669881007226,26.6102211171535,16.722278397565,0.165857371146059,283.456702958445,0.2667,0.197805737653709,8.42335672998179,0.539706666666666,0.243590352103179,
2013-12-31T00:00:00,,0.296833093773409,0.625577405982849,1.63125479133915,27.5783831941243,16.5194740183404,0.16289089816841,281.846805370795,0.2667,0.194708277119775,8.62167650799026,0.549066666666666,0.238406806705928,
2014-01-31T00:00:00,,0.300614386684915,0.635084112487593,1.6277112603802,27.7160195683995,16.5693775651857,0.161873647056371,284.001498166452,0.2667,0.195902999511794,8.78719861356936,0.59096,0.240901372346353,
2014-02-28T00:00:00,,0.297578670230386,0.636828996687895,1.63020366286427,27.2415989962734,16.6058160616581,0.161232118608587,285.811762148832,0.2667,0.19527783780897,8.71193121904466,0.590933333333335,0.238523375803918,
2014-03-31T00:00:00,,0.293704989628087,0.620851784042454,1.63650760564646,27.2997178761121,16.2578284483497,0.160458387372635,285.619913941735,0.2667,0.192947495097478,8.63774196276307,0.591386666666668,0.235004736832836,
2014-04-30T00:00:00,,0.28632594620638,0.595765199242939,1.64131335300126,27.3507956173348,16.0950954282854,0.15931924601702,278.643449756425,0.2667,0.193063844388131,8.62102022405735,0.568026666666667,0.235281338947453,
2014-05-31T00:00:00,,0.28635870548347,0.592416357321413,1.64352904769304,27.1418811677351,15.8247302146222,0.158309951624494,273.434368106542,0.2667,0.194135913743264,8.67392491022508,0.5584,0.236777028620331,
2014-06-30T00:00:00,,0.284659683667324,0.596611368522219,1.64169474993333,27.213929802713,15.9281606981262,0.157754308827305,271.885273221818,0.2667,0.196189584285323,8.6704976908599,0.564613333333332,0.238971281437642,
2014-07-31T00:00:00,,0.283895985685385,0.592410746519996,1.64176043743847,27.1203644011532,16.0170066530041,0.156204804519511,272.10555962281,0.2667,0.196999923715542,8.55645055940747,0.564693333333333,0.239288578428575,
2014-08-31T00:00:00,,0.286621672369575,0.605160606727371,1.64283052932455,27.4552491105237,16.2387139380908,0.159662816085803,273.429445444372,0.2667,0.200266693726146,8.53570659413419,0.576266666666666,0.242686697495292,
2014-09-30T00:00:00,,0.294266841250407,0.620597739992839,1.6405524203363,28.5984280854377,16.2356177270428,0.163636054491748,275.802595995308,0.2667,0.206894208890611,8.58648498705529,0.588666666666666,0.249732992047333,
2014-10-31T00:00:00,,0.303511782374679,0.653070753318003,1.63840911085184,28.8076297147868,16.3594748782321,0.165990632626079,282.598648870307,0.2667,0.210392623829836,8.65566715616172,0.602933333333332,0.254138414967154,
2014-11-30T00:00:00,,0.307874797254011,0.679030985822334,1.6384841342339,30.9378368902777,16.4472821228893,0.168940976829146,291.761633620821,0.2667,0.213829354021807,8.74455011032644,0.595786666666666,0.257228290021172,
2014-12-31T00:00:00,,0.323068447499573,0.702052313656461,1.63312383860559,31.8166684927941,16.7229225701093,0.170440552788425,294.487371806171,0.2667,0.216267982042011,8.77556993223578,0.610666666666666,0.260039073579025,
2015-01-31T00:00:00,,0.329996485089938,0.70227647761644,1.63396796167401,31.5487393446273,16.5694127749942,0.176172899003283,290.380153633321,0.2667,0.229980206490148,8.73277029916819,0.621310966138552,0.250989294446684,
2015-02-28T00:00:00,,0.342370348857371,0.747854217981347,1.63582628999944,31.6204023930303,16.540773074377,0.174044139986993,292.901293036056,0.2667,0.235103553758343,8.68527264004523,0.65599580162687,0.249717130919714,
2015-03-31T00:00:00,,0.344971358460985,0.833196375941276,1.64014810221166,32.1031377354458,16.6533006665114,0.178065497367891,296.684872654642,0.2667,0.246139067900869,8.70539841345776,0.690655432004973,0.261383946039392,
2015-04-30T00:00:00,,0.344642607110193,0.815490754773908,1.63460541035365,31.8811440187556,16.7349668807336,0.178456134234323,290.32158372782,0.2667,0.247437709918758,8.67099405311973,0.706663840011307,0.256520080698742,
2015-05-31T00:00:00,,0.337346943852842,0.813807503364887,1.6304405700395,32.1838408738131,17.0160386956678,0.172347750704473,291.005643988807,0.2667,0.239023732854916,8.94949761779899,0.703977472720873,0.248049048972,
2015-06-30T00:00:00,,0.345282912163592,0.83080102336742,1.63096995129439,33.0001139442981,17.0295126520557,0.171469753596913,296.58547606723,0.2667,0.237832098707933,8.99509057552941,0.71999424004608,0.248586788817007,
2015-07-31T00:00:00,,0.359668183100992,0.857253840612933,1.63112024411848,32.8649279597208,16.9722352973972,0.171415227516573,305.102023426987,0.2667,0.242631525249648,9.15681789049512,0.717308657915501,0.254432694781282,
2015-08-31T00:00:00,,0.365645249124675,0.933939069484031,1.68148769953259,32.8623297479677,17.3526144390653,0.170895832816527,314.426481454519,0.2667,0.239460815984204,9.44742153189323,0.75999392004864,0.258130572673283,
2015-09-30T00:00:00,,0.377760358961171,1.03757882221872,1.69859078215858,32.0760056756916,17.6507006174277,0.173657341702258,315.84704716106,0.2667,0.237579284649345,9.60660252960245,0.802632635042941,0.259217952085608,
2015-10-31T00:00:00,,0.370216059574274,1.03615109158593,1.69308281770273,32.01651856274,17.3534397411474,0.17389971309839,306.031718741228,0.2667,0.237531001431091,9.5273295087176,0.778694907335306,0.258429287513668,
2015-11-30T00:00:00,,0.37316748191845,1.00929041013373,1.69710670802624,32.6754393037084,17.6134637091261,0.175305846243503,307.375619327934,0.2667,0.24807894470431,9.54272220786696,0.767990169725827,0.268602290135782,
2015-12-31T00:00:00,,0.367922486247953,1.03164618713366,1.72072040396186,32.5130522173081,17.7588081757589,0.177907637402085,312.596057731112,0.2667,0.245186993781093,9.60207406052709,0.778634275480807,0.265570764327978,
2016-01-31T00:00:00,,0.379910143037474,1.07886023561417,1.75282409557094,31.5482697768798,17.9448965384119,0.185175456480753,320.145136605825,0.2667,0.245601082198233,9.64091180918768,0.8,0.268537669133362,
2016-02-29T00:00:00,,0.374212667646478,1.05826873801148,1.74504236224911,30.6914999248997,18.1981241853186,0.186587945383473,324.54337579751,0.2667,0.240521840635083,9.49381560659335,0.783944810285356,0.265118529374131,
2016-03-31T00:00:00,,0.356472715081514,0.992383670742381,1.73522633181904,30.1521315154785,17.8724694568256,0.18745641250988,317.221789241561,0.2667,0.240297736370689,9.39638451398309,0.770653514180025,0.262143961180339,
2016-04-30T00:00:00,,0.348074001218394,0.9519061444176,1.72766485228101,29.3240638551774,17.7252329959222,0.186349473693227,306.002382853062,0.2667,0.235177094689458,9.35859103634151,0.757288905717531,0.257135502183204,
2016-05-31T00:00:00,,0.363872516489378,0.941292859527833,1.7408940357117,29.080998235549,17.8351081399573,0.183594800289933,312.270396673299,0.2667,0.235600044223327,9.44817693165338,0.781311039924994,0.260565440587237,
2016-06-30T00:00:00,,0.36058083943891,0.917705078422124,1.75887145782595,28.131150058741,17.9458212605659,0.187807172613866,312.134909889174,0.2667,0.237505516231816,9.4145226986002,0.778755548633284,0.258687260658636,
2016-07-31T00:00:00,,0.354302415718449,0.873545947546845,1.78104079412837,27.7256281725752,17.9244824346414,0.202789082345941,305.045571203436,0.2667,0.241004525141022,9.35249204662506,0.78665827564506,0.261876084303442,
2016-08-31T00:00:00,,0.349533620410773,0.855733878677884,1.77311129846614,27.0051099957943,17.8506044735279,0.203331671763227,296.447536341907,0.2667,0.237857518627311,9.25826134141998,0.789328281632331,0.258828010461247,
2016-09-30T00:00:00,,0.351162204177244,0.868157582447273,1.77937000586375,27.185111827041,17.7967166939555,0.202961665515293,295.180703011062,0.2667,0.237785161508074,9.26371239239193,0.789328281632331,0.259688868770556,
2016-10-31T00:00:00,,0.350097140649831,0.850269969034837,1.7997565181084,27.6846554328034,17.8019234217506,0.21609887374908,300.207769459764,0.2667,0.242022465302648,9.34972943062288,0.818665575112567,0.26330415402967,
2016-11-30T00:00:00,,0.353324822752677,0.887955331598605,1.82229669331086,28.6998501659232,18.0073167685336,0.214499250723188,309.316169226657,0.2667,0.246493703774031,9.41115701799056,0.874661068835826,0.264970556938744,
2016-12-31T00:00:00,,0.362328351981717,0.896575321687861,1.84585927818798,30.906550012138,18.1063968578779,0.213364856478075,315.011989170951,0.2667,0.252969570661457,9.54992235352009,0.930665425779432,0.271889394889014,
2017-01-31T00:00:00,,0.358276608285164,0.852936821984393,1.83943261180358,30.5999971652822,18.1563831002609,0.216043426077255,316.072210031268,0.2667,0.251066555770206,9.45014814555126,0.997307270370001,0.268849192739854,
2017-02-28T00:00:00,,0.347808908767541,0.82800469749402,1.83281673516745,30.1524046271923,17.8883155102346,0.21359282720422,305.306933349517,0.2667,0.250544421698709,9.33793065467394,0.978760888714887,0.267148203451542,
2017-03-31T00:00:00,,0.349555357333041,0.832800345466245,1.83899641967417,30.1139344535258,17.5630709295117,0.21606588332443,302.441102946856,0.2667,0.249548234299308,9.30228473044019,0.978760888714887,0.267177112273087,
2017-04-30T00:00:00,,0.354006587809614,0.835750090148729,1.83775146059346,29.3498536183649,17.2036701661879,0.210967419236077,302.059815666581,0.2667,0.248720602223473,9.1875095753878,0.973330737784699,0.266886314430856,
2017-05-31T00:00:00,,0.358788994511763,0.853560565779812,1.83815469536127,29.9546600172432,17.1764042986871,0.20616915797212,300.28145237367,0.2667,0.241521390708734,9.19735247570508,0.950299344293452,0.263433584625062,
2017-06-30T00:00:00,,0.355121019496064,0.872900242820193,1.81306175352111,29.3975799207073,17.1669290494609,0.207984668212064,299.482787923916,0.2667,0.237764620304095,9.0729691128048,0.93870271285084,0.258329568329014,
2017-07-31T00:00:00,,0.342050124899971,0.855410623714842,1.80658283303797,30.0028770769078,17.1841042500899,0.205422845954282,302.435346196427,0.2667,0.231777365852629,8.99848286699909,0.944911650760654,0.256161353450531,
2017-08-31T00:00:00,,0.336876135023824,0.839728020226084,1.77983756684758,29.3030850718595,17.0575819366865,0.205684025217936,301.644296282618,0.2667,0.225885626944575,8.87030410650153,0.941353666572531,0.257419413302326,
2017-09-30T00:00:00,,0.334545134487189,0.835324731487169,1.75176524322753,29.5293351174214,17.1912728362205,0.200145428213119,301.907183912081,0.2667,0.223840220755269,8.8407501635493,0.912408759124087,0.256752993075415,
2017-10-31T00:00:00,,0.342097528954713,0.848526500168475,1.76447740765332,30.1192142548903,17.3562755006037,0.201966487189532,301.868361211971,0.2667,0.226720636926609,8.86595883068527,0.968804495252858,0.261639939577326,
2017-11-30T00:00:00,,0.349636092734476,0.870747970690916,1.76702514753869,30.1466655997506,17.3054865455051,0.20210530412463,295.424502073083,0.2667,0.227568601637741,8.79117098749334,1.03755965968043,0.264836407064657,
2017-12-31T00:00:00,,0.349183937605452,0.877064097576045,1.75828201045446,30.1198827475351,17.1313032968071,0.198943908922436,289.540044658277,0.2667,0.225303725541774,8.70981260885307,0.930665425779432,0.26329975667143,
2018-01-31T00:00:00,,0.335941405796757,0.857783899371547,1.71474776431583,29.535503674757,16.9713831105436,0.193172899831438,284.4438671272,0.2667,0.218749202925918,8.50100919293179,1.01677681748856,0.256384085250372,
2018-02-28T00:00:00,,0.338539809506045,0.864122236368896,1.68359395652816,28.7735029417875,17.1663672833509,0.190901720876084,287.883865081032,0.2667,0.21602953761861,8.39582379121529,1.00694794079146,0.249349182600815,
2018-03-31T00:00:00,,0.343261664417668,0.87412560297978,1.68505231469087,28.2668336207651,17.3361384210006,0.190960580545232,285.848125973802,0.2667,0.216127411798475,8.33638693947205,1.03466114847387,0.252488209225438,
2018-04-30T00:00:00,,0.346459441798743,0.908506272526103,1.6798864505003,28.672395584442,17.5100334268209,0.189492482525365,284.735254209962,0.2667,0.217233208723344,8.35062468947529,1.08003024084674,0.258088321717361,
2018-05-31T00:00:00,,0.354401126766413,0.968414695431064,1.69980779781681,29.2537091766622,18.0117264425717,0.197787753502232,287.005091063177,0.2667,0.225626299457363,8.52598903857762,1.17343346632246,0.265899604372818,
2018-06-30T00:00:00,,0.355917437660762,1.0052999736892,1.7241855948213,29.3400500831504,18.0781194337447,0.20063762263832,291.413023139665,0.2667,0.228356098597668,8.65680800438337,1.23380629241209,0.263866460519463,
2018-07-31T00:00:00,,0.360078631887744,1.01985777266388,1.79172410027071,29.7116402766204,18.3203044792482,0.202524005615635,299.434982599302,0.2667,0.22816176493055,8.87419332510874,1.26742712294043,0.265319861905222,
2018-08-31T00:00:00,,0.364035513350819,1.04777600245482,1.82714678355814,29.6155542893603,18.5426089032678,0.207073416511833,298.973511150587,0.2667,0.230923658981844,8.80662080340957,1.54559505409583,0.263583897521469,
2018-09-30T00:00:00,,0.370231411615017,1.09741837175581,1.82841264572744,29.8523897221833,19.2801249919499,0.204172883187342,298.948554581405,0.2667,0.22868606368794,8.69644090578745,1.68918918918919,0.258157400628466,
2018-10-31T00:00:00,,0.375337941129664,1.00207637774146,1.84969326434846,30.0733200600943,19.6314002626411,0.204958578003425,301.5521208771,0.2667,0.232212705294444,8.73690697637589,1.5600624024961,0.264930965179869,
2018-11-30T00:00:00,,0.368037303505403,1.00905118277628,1.85087816893243,30.2356026684496,19.1531533242194,0.206704293587002,300.913255447185,0.2667,0.23462858161937,8.79167745574661,1.43472022955524,0.267053075432017,
2018-12-31T00:00:00,,0.370339859745351,1.0364622861758,1.83596377365718,30.0165135167593,18.8883919606958,0.210343415333732,299.703501899103,0.2667,0.234330423420002,8.72419282645694,1.41342756183746,0.264573954023757,
2019-01-31T00:00:00,,0.373374578931878,0.997248179258061,1.81003636411603,29.0456146965546,18.8668592300077,0.206905643315993,299.208891284813,0.2667,0.233534231832229,8.48444171411589,1.43204926249463,0.26378935865283,
2019-02-28T00:00:00,,0.373310302584832,0.992694794265351,1.79616065824665,29.4260336245153,18.9887761049699,0.204998832030634,299.231442342115,0.2667,0.234905205664172,8.34865363351665,1.40272127928181,0.267011076220151,
2019-03-31T00:00:00,,0.37661210972769,1.02556950884173,1.78976415886481,29.6549441465809,18.5276664539792,0.202484024612757,301.592207758126,0.2667,0.235940911403515,8.46094071296447,1.45602795573675,0.26683426341906,
2019-04-30T00:00:00,,0.374250480823696,1.02891654719776,1.79063397422821,29.719798343648,18.4368450405934,0.203621264404244,303.454916268384,0.2667,0.236884451538539,8.47894531001093,1.53327200245324,0.266564862184186,
2019-05-31T00:00:00,,0.383746788755592,1.06666464643458,1.83207159823595,29.2942271821381,18.6105099309191,0.207699668032656,315.459928876364,0.2667,0.238438685591748,8.47908426283007,1.6134236850597,0.269685481906247,
2019-06-30T00:00:00,,0.384062186685503,1.02861837383482,1.84013619630668,28.8088095142587,18.5130524490461,0.21031313926887,313.45687574814,0.2667,0.23608092877807,8.29806103443906,1.5547263681592,0.263667346641858,
2019-07-31T00:00:00,,0.38189006978569,1.00714575756883,1.83398445613132,28.8691951071173,18.3490039489956,0.213927789374841,313.555361004853,0.2667,0.237824554313621,8.21516128907602,1.52276534186082,0.263297975085165,
2019-08-31T00:00:00,,0.393932683617153,1.07312209219904,1.88469355593835,28.3585619941049,18.96929894854,0.219405519474731,322.107991756865,0.2667,0.239836792159831,8.20017175055849,1.49857635246516,0.261268891698331,
2019-09-30T00:00:00,,0.391224560311319,1.09706353577745,1.89761592202526,28.6541529793945,19.0376799291404,0.215774358555567,319.193313601727,0.2667,0.242213839520443,8.15139957694818,1.52276534186082,0.264176138240697,
2019-10-31T00:00:00,,0.392405231200787,1.08920634525019,1.88883277401876,28.8329015843256,18.9462604347212,0.211141103612496,315.700340620033,0.2667,0.241262180782868,8.0977414078924,1.57331655129012,0.264930045679707,
2019-11-30T00:00:00,,0.390129687353498,1.10508585785057,1.87182578934989,29.0045088418915,19.0436875568238,0.206920976859939,310.966045681899,0.2667,0.241150436318731,8.06356136416313,1.53515505066012,0.26409138130923,
2019-12-31T00:00:00,,0.389728522853837,1.09969024762687,1.87421269633041,29.0995261817989,18.9945712189784,0.203268012795618,314.480946574439,0.2667,0.240263291609004,8.06665886911301,1.5527950310559,0.262664671518325,
2020-01-31T00:00:00,,0.388056953389502,1.10564806731138,1.84557806200881,29.1232555594837,19.0198004735914,0.204022307874972,310.519082293256,0.2667,0.240125861843928,8.11273188561527,1.56961230576048,0.25860364501353,
2020-02-29T00:00:00,,0.399311480272535,1.1548668811514,1.86641614836716,29.2996869319153,19.058013406002,0.205684898529289,318.515736116918,0.2667,0.244401904892143,8.35550601291959,1.61316341345378,0.260271197366653,
2020-03-31T00:00:00,,0.431752985912481,1.30849301795711,1.8738734254048,28.8013508857169,19.830726795158,0.217191500020113,325.901550347164,0.2667,0.241891411662804,8.5810995862254,1.68976005407232,0.256340286215323,
2020-04-30T00:00:00,,0.423559394490257,1.41727155661819,1.88618228162108,28.7838565439083,20.3113024672887,0.214831036901199,326.528971957541,0.2667,0.245370360795519,8.69859813681342,1.83016105417277,0.258838636732066,
2020-05-31T00:00:00,,0.412867255829189,1.53283481560846,1.8923690206639,28.5451338076842,20.1766303116927,0.216587867657965,326.488715294722,0.2667,0.245768084618335,8.57581819726112,1.82149362477231,0.259046481709523,
2020-06-30T00:00:00,,0.386587073163205,1.38981558464915,1.88972793502903,28.6844324620521,20.1840736444908,0.212945190790673,322.841430876607,0.2667,0.236993332583779,8.31121554792728,1.81851245681033,0.253774318302089,
2020-07-31T00:00:00,,0.38191030078811,1.41831263524416,1.87001788564428,28.6070923652374,20.0330025507369,0.212122006306341,320.064713933594,0.2667,0.234561343540717,8.37131222045186,1.82949140139041,0.250937687562173,
2020-08-31T00:00:00,,0.370403481739782,1.46741532526609,1.84549582032601,28.2781759573573,19.9039592127748,0.203255908415758,316.230853715674,0.2667,0.225277078067141,8.33293499294534,1.93050193050193,0.242522875176448,
2020-09-30T00:00:00,,0.366931840142727,1.43237508567233,1.81593953700887,28.2199855274102,19.5823326941812,0.204872337015325,314.754644422042,0.2667,0.225715856818,8.34976614983471,2.00280392549569,0.243365451861675,
2020-10-31T00:00:00,,0.374047760901402,1.49934811395066,1.78786193865248,28.0570831405672,19.5988705812183,0.205583576653438,305.430016221664,0.2667,0.226439556587897,8.34191964337737,2.25988700564972,0.243240840655349,
2020-11-30T00:00:00,,0.367792985078547,1.44552973630136,1.76238056839767,27.8623142172343,19.8031755676631,0.201992664864331,298.045125797268,0.2667,0.22549077903903,8.13581852445178,2.12811236433284,0.243070366009355,
2020-12-31T00:00:00,,0.35623549180108,1.36583486658585,1.745472361051,27.7127330854039,19.6478126135583,0.19919885984016,291.46664442758,0.2667,0.219450217474241,8.0235239374736,2.09380234505863,0.237022754843476,
2021-01-31T00:00:00,,0.345229105504437,1.42040566891308,1.72473483392011,27.6206524030359,19.5106309093167,0.195696899609606,291.878508918697,0.2667,0.218700079176836,8.00103921137532,1.98098256735341,0.236130148919535,
2021-02-28T00:00:00,,0.342688383548604,1.44546177911556,1.72243317456794,28.1400688553352,19.3875143094868,0.191959934301815,296.16047088931,0.2667,0.220194397877495,7.9953122597165,1.89071658158442,0.239124592529563,
2021-03-31T00:00:00,,0.344933727113724,1.51342339728707,1.73545835420567,29.0308526651398,19.4355881905635,0.192026050922073,302.085426103215,0.2667,0.223987948537067,8.20219698702651,2.0329335230738,0.247809062535075,
2021-04-30T00:00:00,,0.345744642678397,1.47891824326423,1.73659295416388,29.0984865008078,19.83376427986,0.192440427146019,298.090618751026,0.2667,0.222438765051296,8.35657835081425,2.15238915195867,0.245289751821146,
2021-05-31T00:00:00,,0.343305062251506,1.41608509026787,1.71186295773703,29.077640617921,19.5460206318747,0.189155768898088,299.549326996868,0.2667,0.21929135970999,8.34954775892364,2.25631768953069,0.240700072642185,
2021-06-30T00:00:00,,0.348744002498881,1.33982502772403,1.71332411849495,29.354225253047,19.6140254303592,0.190050502719962,298.909524829225,0.2667,0.221279077145332,8.38747349971798,2.29357798165138,0.24219830242844,
2021-07-31T00:00:00,,0.358102415281114,1.37197468781016,1.72666850469857,29.4353871903484,19.8626445147556,0.192674774882796,304.938441063174,0.2667,0.225411680926356,8.66999262844249,2.29095074455899,0.244792806857829,
2021-08-31T00:00:00,,0.364708192961986,1.39496750221088,1.72623031893172,29.2876038340437,19.775244925827,0.192979303986996,309.006261201576,0.2667,0.226326129107056,8.81121916297307,2.26449275362319,0.243659575385956,
2021-09-30T00:00:00,,0.3650581771546488,1.4165179960456005,1.7217587954535063,29.404580452625876,19.641587358317906,0.19443516626017662,312.2134986666703,0.2667,0.22688293996612785,8.841769874233579,2.254791431792559,0.24630064468284382,
2021-10-31T00:00:00,,0.3597752361926396,1.4775205874705992,1.7093771164989093,30.18418797053239,19.989231028438976,0.19463336236135267,315.47229257911914,0.2667,0.22987214775022935,8.925970579350452,2.4480403437048643,0.24620867659655588,
2021-11-30T00:00:00,,0.3639534421655952,1.4834456218088279,1.70392135850901,30.39961219494037,19.862371724299155,0.19776121359101298,315.3033850122863,0.2667,0.23327988918277287,8.82327046003423,2.8186672439297182,0.24597384894354993,
2021-12-31T00:00:00,,0.3746931995033519,1.5081950091801852,1.6978017714390796,30.291390321521522,20.14215563380895,0.20101186013347308,315.60247538675515,0.2667,0.23595098369123677,8.962159516821789,3.918495297805643,0.24600446008243343,
2022-01-31T00:00:00,,0.37137859704372694,1.4795247855182239,1.6949011601743964,30.63257315652291,19.851066100323244,0.19688421862268662,318.43391975003067,0.2667,0.23577642312232483,8.86213614096964,3.635041802980734,0.24519680052090065,
2022-02-28T00:00:00,,0.3732234177618897,1.387111979671943,1.6917146420017743,30.726504792683752,20.00674369636593,0.19682939676711503,319.4847343066991,0.2667,0.23540980745672385,8.72886218108,3.637686431429611,0.24619287559435482,
2022-03-31T00:00:00,,0.3620100398072822,1.3295397047011364,1.6921549022196118,31.63006018665645,20.33177794366413,0.20241618699557298,325.7924446522946,0.2667,0.24184789992412092,8.871893450247534,3.9447731755424065,0.24794948633627673,
2022-04-30T00:00:00,,0.3590218667987512,1.262280286524274,1.7129039348629647,33.63539010524463,20.309673235798513,0.2054784817115935,328.4958702564332,0.2667,0.24603491466444624,9.006305957555647,3.912363067292645,0.2514666023275518,
2022-05-31T00:00:00,,0.37979039083301364,1.3214440971336872,1.7934386501964106,34.37071372322326,20.678318473195482,0.2145476887817559,338.964153433725,0.2667,0.25208849166034825,9.189798407362595,4.140786749482402,0.2621081117488284,
2022-06-30T00:00:00,,0.3798108004925078,1.3432047163231338,1.7856662823881575,35.722347580869084,20.82805234991258,0.2169567500684024,339.2739047148569,0.2667,0.2524272225229378,9.312943242508748,4.618937644341801,0.25885591540225056,
2022-07-31T00:00:00,,0.3859328497580596,1.4318116643450347,1.8005938330387774,36.57746925278726,21.302536929054472,0.22180288919605068,350.3498841921278,0.2667,0.26205972131664573,9.786769468499513,4.662004662004662,0.25793490857095536,
2022-08-31T00:00:00,,0.38354096212290395,1.3709359985757952,1.8146657257675993,36.08843775866118,21.21008167268642,0.22218644963398732,351.69342584782424,0.2667,0.2634118671997105,9.572800569350454,4.819277108433735,0.25549102057153555,
2022-09-30T00:00:00,,0.3993674621175635,1.3960340481386304,1.8766238205770802,38.23894177347933,21.391508613439452,0.2359555660720197,371.3227677093024,0.2667,0.26933228896171646,9.880766867163043,4.877335024142808,0.2593210584214122,
2022-10-31T00:00:00,,0.4193151028266305,1.400194341796877,1.9266670261994723,39.18203540487372,21.9417864272495,0.2360376023720541,380.8978610277363,0.2667,0.2710170924636779,10.11920287748754,4.967709885742672,0.2654308421604127,
2022-11-30T00:00:00,,0.4054557927971729,1.4067484353137647,1.91557672756605,38.04163143755582,21.83088265247879,0.22772520880550087,363.8291460239025,0.2667,0.26201742477373485,9.728522010472659,4.970178926441352,0.25785351771624143,
2022-12-31T00:00:00,,0.3949539225719386,1.4006993430925143,1.8616732131143405,36.09269186834135,21.97065277835604,0.21842224023374762,347.8135556766247,0.2667,0.25222337253443405,9.291828924092856,4.985044865403789,0.2490470235817918,
2023-01-31T00:00:00,,0.38332365157355874,1.3879153291755766,1.8128326861520176,34.755847346388585,21.849943324391614,0.21809258460035852,332.4725537215657,0.2667,0.247487134555472,8.867296536848812,5.006723010752688,0.24631974108103855,
2023-02-28T00:00:00,,0.384510300461935,1.3765732735272531,1.8189798320124748,35.27419145940922,22.01978873787915,0.22007722493711535,336.9524496363355,0.2667,0.2483639858415053,9.02766031190231,5.024174285714292,0.24616212130198603,
2023-03-31T00:00:00,,0.39891243714995955,1.3881206415295508,1.8392558534874632,35.634726966346314,21.94156864462146,0.2194561610305951,348.09105324494624,0.2667,0.2487533967871261,9.189616328791665,5.061910967741953,0.2465057266909444,
2023-04-30T00:00:00,,0.3995036427253502,1.3400236826182652,1.8381689014220348,35.458930054298186,21.865284624631727,0.21403685689096255,352.1701620478827,0.2667,0.24347113724316374,9.125089776198875,5.152938222222216,0.24035602964128938,
2023-05-31T00:00:00,,0.40056157367724304,1.3290457762828998,1.8660580156868394,36.56647943480654,21.946369331133226,0.2136984012973547,354.3164870145111,0.2667,0.24519746295450287,9.121138639187484,5.252517849462366,0.23909554883552855,
2023-06-30T00:00:00,,0.397570455978252,1.2961201613901694,1.906422427206868,37.48009261434851,21.94168473007967,0.21181582853424577,345.22771704932705,0.2667,0.24675126385434135,9.28254571142677,6.245846222222222,0.2407838932532926,
2023-07-31T00:00:00,,0.39527314904312494,1.2807328031335041,1.9164851311344158,37.60232649094446,21.907763093022893,0.20663859054349548,342.46777135467704,0.2667,0.24072239465669182,9.21235677501411,7.0476894623655895,0.23224939072262063,
2023-08-31T00:00:00,,0.4105947851835604,1.3064249223998339,1.9335559360997883,38.59955325602184,22.067616606573647,0.20978322016148182,351.18098165373755,0.2667,0.24444356325833286,9.338531340651166,7.18361032258065,0.23428200927907497,
2023-09-30T00:00:00,,0.41563728091681945,1.317864051513126,1.9468556750361548,39.46693459644878,22.157290898147718,0.21561265550230732,354.64001568154237,0.2667,0.24999673879144302,9.586047374295577,7.190273777777782,0.2401239915525651,
2023-10-31T00:00:00,,0.41973046575408335,1.3488396151419917,1.9495750434672026,39.86789246789721,22.195667862784077,0.21921309922986518,360.16357989902883,0.2667,0.2523808074317709,9.727585093575657,7.419043870967715,0.2410626693432834,
2023-11-30T00:00:00,,0.4108756615900418,1.3062764845097623,1.928663622012226,39.92427007541418,22.210648334407846,0.2150234899666449,349.59990017674954,0.2667,0.24701316947135013,9.458468098949409,7.64876854826373,0.2380097802771309,
2023-12-31T00:00:00,,0.40144745820179656,1.3100243543417072,1.9075036828164105,38.644417577505756,22.212901629066874,0.21120397872796315,348.57328214172315,0.2667,0.2455847778705975,9.376953757239033,7.783070265558358,0.2322678497894414,
2024-01-31T00:00:00,,0.4011481934064461,1.312172799265708,1.9121198357621954,39.122296777858274,22.169851243508123,0.2100151767647211,352.9427884707898,0.2667,0.24459067681282148,9.385985051222999,8.032773716764398,0.22927574700158854,
2024-02-29T00:00:00,,0.4086598363347034,1.323361920822437,1.9183663209039852,39.8759196516665,22.12515911738113,0.21125076643922686,355.08029443209483,0.2667,0.24712287039724498,9.564176255686327,8.223684210526315,0.23393114800409592,
2024-03-31T00:00:00,,0.4011481934064461,1.312172799265708,1.9121198357621954,39.122296777858274,22.169851243508123,0.2100151767647211,352.9427884707898,0.2667,0.24459067681282148,9.385985051222999,8.552903837007996,0.22927574700158854,
2024-04-30T00:00:00,,0.409513411312767,1.3673384150099297,1.930445985464589,40.9079062260828,22.24037785568563,0.21291310715757367,364.8846318619357,0.2667,0.24851946969613714,9.805385738420778,8.638562543192812,0.24262282559661336,
2024-05-31T00:00:00,,0.40324208361681524,1.3689511276471318,1.9292618694301504,41.667510474832326,22.2448501594089,0.21122503672005694,363.9901622188258,0.2667,0.2467118330608649,9.780152143147388,8.614006374364717,0.24247771814150945,
2024-06-30T00:00:00,,0.4010289867848917,1.4362410592310417,1.9350291533462722,42.12556089574405,22.25723667979543,0.20973740706914618,368.3686422091181,0.2667,0.24769353920043527,9.79038981252824,8.702462796971544,0.2387375960829509,
2024-07-31T00:00:00,,0.4000524285998694,1.478838873426299,1.9368613319761547,42.122020548507415,22.29521541188843,0.20738010356929404,368.90491703002533,0.2667,0.24597128105294383,9.674359097395643,8.781944322472995,0.23791507976700188,
2024-08-31T00:00:00,,0.399739197226032,1.4800566131784532,1.9059604131919383,38.88195521261361,22.372950417368454,0.20629819673976782,360.70499938506566,0.2667,0.24194254306711865,9.249686230110253,8.985775517356025,0.2282072568869463,
2024-09-30T00:00:00,,0.39450743780530284,1.4779346527434665,1.8882092244536168,38.21124283363939,22.35635566289256,0.20188951457280965,356.1135140174256,0.2667,0.2401922572209997,8.906867047774751,9.086778736937756,0.22600190618773525,
2024-10-31T00:00:00,,0.39784773986833405,1.5011813142254993,1.89597254071056,39.91632166758396,22.40528172275968,0.20422296820670258,363.6425013693949,0.2667,0.244610217076801,8.89631550591828,9.140767824497258,0.2295200275386277,
2024-11-30T00:00:00,,0.40800244078299386,1.5409635091409375,1.9223822785805387,41.071634579797085,22.48948566124856,0.2092542868201239,371.31575007311056,0.2667,0.25085625990565935,9.193704178152927,9.191176470588236,0.23481755262361206,
2024-12-31T00:00:00,,0.4187905057238305,1.6199549323101283,1.9405628035690616,40.70795718366288,22.62975610036542,0.21029847714060623,380.27588287296146,0.2667,0.2542713310391732,9.125969304789184,9.328358208955224,0.2368950239024254,
2025-01-31T00:00:00,,0.428332255521938,1.601948696287308,1.9494575477190823,41.694855444570706,23.022359784016025,0.2157762708642792,388.3403335749894,0.2667,0.2573542964208403,9.123507376941912,9.47867298578199,0.24229129486456455,
2025-02-28T00:00:00,,0.42429947476991964,1.5398495099040688,1.9416002603117546,40.62002729528294,23.217635737848507,0.21308456471439358,385.7004193918427,0.2667,0.256414823058053,9.01345106634351,9.66183574879227,0.24113637923208092,
2025-03-31T00:00:00,,0.42359221168284955,1.533417747975532,1.9333203522203164,39.71500196368329,23.17730725380117,0.2067418969177916,388.046586293532,0.2667,0.24698768348769753,9.013000565783015,9.920634920634921,0.23577168239937613,
2025-04-30T00:00:00,,0.4243800551603457,1.5490470386818966,1.9482863334780838,38.28171423959993,22.78410102744291,0.2026497699560876,383.80787161620725,0.2667,0.23659569906734884,8.9759900532848,10.185373803218578,0.22100263305885945,
2025-05-31T00:00:00,,0.41407274290457996,1.510552101473411,1.9224616808214159,38.61992352496561,22.724824799620045,0.19956021835795984,371.80088343297604,0.2667,0.23658679969086865,8.781617709074215,10.36591686534674,0.22144318422558015,
2025-06-30T00:00:00,,0.41009769881458047,1.4667377376298303,1.9138419717621762,38.698331139349364,22.95025290138432,0.19644533441936535,364.19027779701736,0.2667,0.2300397380534898,8.695539685114356,10.539629005059021,0.21577000184582007,
2025-07-31T00:00:00,,0.4076107803688277,1.4742452711389857,1.9127636449399021,39.11882204909611,22.96955960371622,0.19741414513003125,366.6309994075419,0.2667,0.228502839133561,8.652270337072277,10.741138560687432,0.2128394118843081,
2025-08-31T00:00:00,,0.4104307675991417,1.450732306700038,1.912270864180373,39.33313981422495,23.33967650095334,0.19819307080011137,370.502813515651,0.2667,0.22905209694304138,8.646971880093293,10.896807235480004,0.21495619572670863,
2025-09-30T00:00:00,,0.40411029612887317,1.431544481957452,1.8999054369501027,39.43571777391132,23.540269919163226,0.19735512834642083,371.1900375144099,0.2667,0.22722390681887394,8.532646639053638,11.03022281050077,0.21234858072091337,
2025-10-31T00:00:00,,0.4072098529166175,1.4336877684095193,1.8980625115261736,40.36883320168576,23.57971765238891,0.19976768290132982,379.82134576172945,0.2667,0.22928615871251143,8.674207641979857,11.166945840312675,0.21280145080406146,
2025-11-30T00:00:00,,0.4095525627499173,1.422755149973232,1.8967336940176547,41.28866141763289,23.664143466165097,0.2032561010296889,388.01743932804595,0.2667,0.23078033519828883,8.64790936712045,11.287191295318074,0.21449205608315314,
2025-12-31T00:00:00,,0.4029133526186571,1.4551489725303297,1.8782491041717957,41.56475741853676,24.01483066373059,0.19930845187002788,391.0822594325461,0.2667,0.2277628382710451,8.429228665787933,11.390818999886092,0.21252159177896637,
2026-01-31T00:00:00,,0.39259507874375277,1.4223633842864203,1.8578758445679053,41.70809341670945,24.23763124477549,0.19687134781362534,388.17362706056696,0.2667,0.22678868979192268,8.335031482624087,11.507479861910241,0.2101376086730134,
2026-02-28T00:00:00,,0.377775278767975,1.386050150102577,1.841871367107049,41.40389475623705,24.19125690838962,0.1961987353942332,386.40794401756546,0.2667,0.22544180987478094,8.336678733045856,11.614401858304298,0.20615300238227022,
,,,,,,,,,,,,,,
,,,,,,,,,,,,,,
Source : IMF.,,,,,,,,,,,,,المصدر : صندوق النقد الدولي .,
