,,,,,,,,,,,,,,,,,,,,,,,,,,,,,,,,,,,,,,,,,,,,,,,,,,,,,,,,,,,,,,,,,,,,,,,,,,,,,,,,,,,,,,,,,,,,,,,,,,,,,,,,,,,,,,,,,,,,,,,,,,,,,,,,,,
القائمة الرئيسية   Main List,,,,,,,,,,,,,,,,,,,,,,,,,,,,,,,,,,,,,,القطاع الخارجي       External Sector,,,,,,,,,,,,,,,,,,,,,,,,,,,,,,,,,,,,,,,,,,,,,,,,,,,,,,,,,,,,,,,,,,,,,,,,,,,,,,,,,,,,,,,,,,,,
,,,,,,,,,,,,,,,,,,,,,,,,,,,,,,,,,,,,,,,,,,,,,,,,,,,,,,,,,,,,,,,,,,,,,,,,,,,,,,,,,,,,,,,,,,,,,,,,,,,,,,,,,,,,,,,,,,,,,,,,,,,,,,,,,,
Table 4:  External Debt,,,,,,,,,,,,,,,,,,,,,,,,,,,,,,,,,,,,,,جدول 4: الدين الخارجي,,,,,,,,,,,,,,,,,,,,,,,,,,,,,,,,,,,,,,,,,,,,,,,,,,,,,,,,,,,,,,,,,,,,,,,,,,,,,,,,,,,,,,,,,,,,
(Million ﷼),,,,,,,,,,,,,,,,,,,,,,,,,,,,,,,,,,,,,,(مليون ﷼),,,,,,,,,,,,,,,,,,,,,,,,,,,,,,,,,,,,,,,,,,,,,,,,,,,,,,,,,,,,,,,,,,,,,,,,,,,,,,,,,,,,,,,,,,,,
,,,,,,,,,,,,,,,,,,,,,,,,,,,,,,,,,,,,,,,,,,,,,,,,,,,,,,,,,,,,,,,,,,,,,,,,,,,,,,,,,,,,,,,,,,,,,,,,,,,,,,,,,,,,,,,,,,,,,,,,,,,,,,,,,,
,Q1 2017,Q2 2017,Q3 2017,Q4 2017,Q1 2018,Q2 2018,Q3 2018,Q4 2018,Q1 2019,Q2 2019,Q3 2019,Q4 2019,Q1 2020,Q2 2020,Q3 2020,Q4 2020,Q1 2021,Q2 2021,Q3 2021,Q4 2021,Q1 2022,Q2 2022,Q3 2022,Q4 2022,Q1 2023,Q2 2023,Q3 2023,Q4 2023,Q1 2024,Q2 2024,Q3 2024,Q4 2024,Q1 2025,Q2 2025,Q3 2025,Q4 2025,,,,,,,,,,,,,,,,,,,,,,,,,,,,,,,,,,,,,,,,,,,,,,,,,,,,,,,,,,,,,,,,,,,,,,,,,,,,,,,,,,,,,,,,,,,,,,
,,,,,,,,,,,,,,,,,,,,,p,p,p,p,p,p,p,p,p,p,p,p,p,p,p,e,,,,,,,,,,,,,,,,,,,,,,,,,,,,,,,,,,,,,,,,,,,,,,,,,,,,,,,,,,,,,,,,,,,,,,,,,,,,,,,,,,,,,,,,,,,,,,
General Government,,,,,,,,,,,,,,,,,,,,,,,,,,,,,,,,,,,,,,الحكومة العامة,,,,,,,,,,,,,,,,,,,,,,,,,,,,,,,,,,,,,,,,,,,,,,,,,,,,,,,,,,,,,,,,,,,,,,,,,,,,,,,,,,,,,,,,,,,,
Long-term,,,,,,,,,,,,,,,,,,,,,,,,,,,,,,,,,,,,,,طويلة الأجل,,,,,,,,,,,,,,,,,,,,,,,,,,,,,,,,,,,,,,,,,,,,,,,,,,,,,,,,,,,,,,,,,,,,,,,,,,,,,,,,,,,,,,,,,,,,
debt securities,65625,99375,99375,146250,110077.75,146292,155075.65,155075.65,171217,173261.9375,184726.55625000002,194920.94125,209306.48125,234961.15625,235544.38125,240403.52475,268868.338125,269225.688125,270766.338125,264021.748125,264629.438125,249161.60712499998,248958.48712499999,261008.93437499995,288660.510625,305831.42062499997,303960.200625,302738.439375,343139.739375,363408.54937500006,363058.59937500005,360499.699375,411050.91687500005,397742.288125,421913.600625,414514.905625,,سندات الدين,,,,,,,,,,,,,,,,,,,,,,,,,,,,,,,,,,,,,,,,,,,,,,,,,,,,,,,,,,,,,,,,,,,,,,,,,,,,,,,,,,,,,,,,,,,,
Loans,37500,37500,37500,37500,37500,60000,60000,60000,60000,60000,60000,60000,60000,60000,60000,60938.025316575,72184.275316575,72020.123150775,72020.123150775,72020.123150775,72020.123150775,71393.123150775,71393.123150775,70766.3212215375,10766.3212215375,10139.5192923075,10139.5192923075,50762.71736306999,54823.96736306999,54197.1654338325,54197.1654338325,62945.36350459499,62945.36850184841,62318.56657260841,62318.56657260841,110441.76464331841,,قروض,,,,,,,,,,,,,,,,,,,,,,,,,,,,,,,,,,,,,,,,,,,,,,,,,,,,,,,,,,,,,,,,,,,,,,,,,,,,,,,,,,,,,,,,,,,,
Trade credits,,,,,,,,,,,,,,,,,,,,,,,,,,,,,,,,,,,,,,الائتمان التجاري,,,,,,,,,,,,,,,,,,,,,,,,,,,,,,,,,,,,,,,,,,,,,,,,,,,,,,,,,,,,,,,,,,,,,,,,,,,,,,,,,,,,,,,,,,,,
Other debt Liabilities,,,,,,,,,,,,,,,,,,,,,,,,,,,,,,,,,,,,,,التزامات أخرى,,,,,,,,,,,,,,,,,,,,,,,,,,,,,,,,,,,,,,,,,,,,,,,,,,,,,,,,,,,,,,,,,,,,,,,,,,,,,,,,,,,,,,,,,,,,
Central Bank,,,,,,,,,,,,,,,,,,,,,,,,,,,,,,,,,,,,,,البنك المركزي,,,,,,,,,,,,,,,,,,,,,,,,,,,,,,,,,,,,,,,,,,,,,,,,,,,,,,,,,,,,,,,,,,,,,,,,,,,,,,,,,,,,,,,,,,,,
Short-term,,,,,,,,,,,,,,,,,,,,,,,,,,,,,,,,,,,,,,قصيرة الأجل,,,,,,,,,,,,,,,,,,,,,,,,,,,,,,,,,,,,,,,,,,,,,,,,,,,,,,,,,,,,,,,,,,,,,,,,,,,,,,,,,,,,,,,,,,,,
Money market instruments,,,,,,,,,,,,,,,,,,,,,,,,,,,,,,,,,,,,,,أدوات السوق المالية,,,,,,,,,,,,,,,,,,,,,,,,,,,,,,,,,,,,,,,,,,,,,,,,,,,,,,,,,,,,,,,,,,,,,,,,,,,,,,,,,,,,,,,,,,,,
Loans,,,,,,,,,,,,,,,,,,,,,,,,,,,,,,,,,,,,,,القروض,,,,,,,,,,,,,,,,,,,,,,,,,,,,,,,,,,,,,,,,,,,,,,,,,,,,,,,,,,,,,,,,,,,,,,,,,,,,,,,,,,,,,,,,,,,,
Currency and deposits,18548.46600695,18448.65639087,18516.51243143,18468.51283485,18518.64392308,18501.72096419,17932.17484798,17190.46513567,15520.23582919,14384.79012584,13182.90755777,12248.82152688,12241.56252966,9647.53739712,9675.08449955,8348.67796813,8344.27218702,6974.27127524,7110.01429209,6896.64293771,6938.08391933,5779.64851295,5753.04715929,5348.90234452,5284.10049134,5383.52665865,5622.71030353,6271.34595195,6379.23816775,6400.83193072,7718.43605161,7625.24588883,7588.63667808,7300.22980805,7599.22024888,7902.65314294,,العملة والودائع,,,,,,,,,,,,,,,,,,,,,,,,,,,,,,,,,,,,,,,,,,,,,,,,,,,,,,,,,,,,,,,,,,,,,,,,,,,,,,,,,,,,,,,,,,,,
Other debt Liabilities,,,,,,,,,,,,,,,,,,,,,,,,,,,,,,,,,,,,,,التزامات أخرى,,,,,,,,,,,,,,,,,,,,,,,,,,,,,,,,,,,,,,,,,,,,,,,,,,,,,,,,,,,,,,,,,,,,,,,,,,,,,,,,,,,,,,,,,,,,
Long-term,,,,,,,,,,,,,,,,,,,,,,,,,,,,,,,,,,,,,,طويلة الأجل,,,,,,,,,,,,,,,,,,,,,,,,,,,,,,,,,,,,,,,,,,,,,,,,,,,,,,,,,,,,,,,,,,,,,,,,,,,,,,,,,,,,,,,,,,,,
debt securities,,,,,,,,,,,,,,,,,,,,,,,,,,,,,,,,,,,,,,سندات الدين,,,,,,,,,,,,,,,,,,,,,,,,,,,,,,,,,,,,,,,,,,,,,,,,,,,,,,,,,,,,,,,,,,,,,,,,,,,,,,,,,,,,,,,,,,,,
Loans,,,,,,,,,,,,,,,,,,,,,,,,,,,,,,,,,,,,,,قروض,,,,,,,,,,,,,,,,,,,,,,,,,,,,,,,,,,,,,,,,,,,,,,,,,,,,,,,,,,,,,,,,,,,,,,,,,,,,,,,,,,,,,,,,,,,,
Currency and deposits,,,,,,,,,,,,,,,,,,,,,,,,,,,,,,,,,,,,,,العملة والودائع,,,,,,,,,,,,,,,,,,,,,,,,,,,,,,,,,,,,,,,,,,,,,,,,,,,,,,,,,,,,,,,,,,,,,,,,,,,,,,,,,,,,,,,,,,,,
Other debt Liabilities of which:,,,,,,,,,,,,,,,,,,,,,,,,,,,,,,,,,,,,,,التزامات أخرى ومنها:,,,,,,,,,,,,,,,,,,,,,,,,,,,,,,,,,,,,,,,,,,,,,,,,,,,,,,,,,,,,,,,,,,,,,,,,,,,,,,,,,,,,,,,,,,,,
SDR Allocations,34001.76285,34636.934475,35416.381275,35687.958075,36432.99,35247.848625,34964.04285,34852.4451,34788.760875,34837.87725000001,35485.7937215625,34460.316,34403.51475,34291.67461014706,35183.18491195054,35183.18491195054,36252.16155,35745.2271,85905.543437,85221.64994,84291.58080000001,80961.3804405,77796.54377250001,81011.948885,82054.21168000001,81758.28059000001,81216.82425500001,80597.32016,81089.996645,80182.366236,82704.4470805,79574.56930500001,81034.712815,83779.5549745,83595.65494000001,83504.59922,,تخصيصات حقوق السحب الخاصة,,,,,,,,,,,,,,,,,,,,,,,,,,,,,,,,,,,,,,,,,,,,,,,,,,,,,,,,,,,,,,,,,,,,,,,,,,,,,,,,,,,,,,,,,,,,
Banks,,,,,,,,,,,,,,,,,,,,,,,,,,,,,,,,,,,,,,المصارف,,,,,,,,,,,,,,,,,,,,,,,,,,,,,,,,,,,,,,,,,,,,,,,,,,,,,,,,,,,,,,,,,,,,,,,,,,,,,,,,,,,,,,,,,,,,
Short-term,,,,,,,,,,,,,,,,,,,,,,,,,,,,,,,,,,,,,,قصيرة الأجل,,,,,,,,,,,,,,,,,,,,,,,,,,,,,,,,,,,,,,,,,,,,,,,,,,,,,,,,,,,,,,,,,,,,,,,,,,,,,,,,,,,,,,,,,,,,
Money market instruments,,,,,,,,,,,,,,,,,,,,,,,,,,,,,,,,,,,,,,أدوات السوق المالية,,,,,,,,,,,,,,,,,,,,,,,,,,,,,,,,,,,,,,,,,,,,,,,,,,,,,,,,,,,,,,,,,,,,,,,,,,,,,,,,,,,,,,,,,,,,
Loans,,,,,,,,,,,,,,,,,,,,,,,,,,,,,,,,,,,,,,القروض,,,,,,,,,,,,,,,,,,,,,,,,,,,,,,,,,,,,,,,,,,,,,,,,,,,,,,,,,,,,,,,,,,,,,,,,,,,,,,,,,,,,,,,,,,,,
Currency and deposits,74824.3583923223,73884.53814821,82017.1812158728,88076.2090385,64068.09482278999,85326.15296589998,76380.306,89302.62900000003,114479.25676835001,125729.85749290002,151721.11095192996,155217.70532517,154690.42041704,144121.10440343,132046.79984057497,150862.04756573003,146022.306397364,158705.40676072,159490.587430792,198254.95716967,184466.61229505,218277.77067309,187371.33859613,158730.53409847,165840.34063033,188414.80676569,201756.70427955,217420.50505002,218197.94888115002,247190.58513369996,290868.620859,313177.61786545685,340134.514548457,341412.62151402613,334173.82716692117,346236.0099072821,,العملة والودائع,,,,,,,,,,,,,,,,,,,,,,,,,,,,,,,,,,,,,,,,,,,,,,,,,,,,,,,,,,,,,,,,,,,,,,,,,,,,,,,,,,,,,,,,,,,,
Other debt Liabilities,,,,,,,,,,,,,,,,,,,,,,,,,,,,,,,,,,,,,,التزامات أخرى,,,,,,,,,,,,,,,,,,,,,,,,,,,,,,,,,,,,,,,,,,,,,,,,,,,,,,,,,,,,,,,,,,,,,,,,,,,,,,,,,,,,,,,,,,,,
Long-term,,,,,,,,,,,,,,,,,,,,,,,,,,,,,,,,,,,,,,طويلة الأجل,,,,,,,,,,,,,,,,,,,,,,,,,,,,,,,,,,,,,,,,,,,,,,,,,,,,,,,,,,,,,,,,,,,,,,,,,,,,,,,,,,,,,,,,,,,,
debt securities,,,,,,,,,,,,,7500,7500,7500,10312.5,15000,16875,16875,17061.208,22686.208,22911.208,24879.018,28441.518,29335.092,36697.72,37072.72,37338.775,52323.775,57045.25900000001,60743.8291,63890.22681789067,105067.78962558298,131539.4099763139,174859.8414471487,183169.2205171487,,سندات الدين,,,,,,,,,,,,,,,,,,,,,,,,,,,,,,,,,,,,,,,,,,,,,,,,,,,,,,,,,,,,,,,,,,,,,,,,,,,,,,,,,,,,,,,,,,,,
Loans,4500.082,1675.983,1677.217,1678.451,1679.685,1680.919,1682.153,1683.387,1684.621,1685.855,3843.339,5906.25,7781.25,7725.046,7724.948,7724.849,15092.14,16998.546,14870.569,14937.306,14876.177,17946.276,19889.379,25366.089,26219,30788.768,35659.536,36172.70522914,45779.74299999001,53237.19277085,58127.951,61469.27,72863.457,89823.202,99273.79358154658,112413.85241455521,,قروض,,,,,,,,,,,,,,,,,,,,,,,,,,,,,,,,,,,,,,,,,,,,,,,,,,,,,,,,,,,,,,,,,,,,,,,,,,,,,,,,,,,,,,,,,,,,
Currency and deposits,,,,,,,,,,,,,,,,,,,,,,,,,,,,,,,,,,,,,,العملة والودائع,,,,,,,,,,,,,,,,,,,,,,,,,,,,,,,,,,,,,,,,,,,,,,,,,,,,,,,,,,,,,,,,,,,,,,,,,,,,,,,,,,,,,,,,,,,,
Other debt Liabilities,,,,,,,,,,,,,,,,,,,,,,,,,,,,,,,,,,,,,,التزامات أخرى,,,,,,,,,,,,,,,,,,,,,,,,,,,,,,,,,,,,,,,,,,,,,,,,,,,,,,,,,,,,,,,,,,,,,,,,,,,,,,,,,,,,,,,,,,,,
Other Sector,,,,,,,,,,,,,,,,,,,,,,,,,,,,,,,,,,,,,,القطاعات الأخرى,,,,,,,,,,,,,,,,,,,,,,,,,,,,,,,,,,,,,,,,,,,,,,,,,,,,,,,,,,,,,,,,,,,,,,,,,,,,,,,,,,,,,,,,,,,,
Long-term,,,,,,,,,,,,,,,,,,,,,,,,,,,,,,,,,,,,,,طويلة الأجل,,,,,,,,,,,,,,,,,,,,,,,,,,,,,,,,,,,,,,,,,,,,,,,,,,,,,,,,,,,,,,,,,,,,,,,,,,,,,,,,,,,,,,,,,,,,
debt securities,25003,29904.97,29904.97,29904.97,31760.545,31760.545,39260.545,39766.795,41641.795,90942.70749999999,90942.70749999999,95019.89875,96502.51375,96502.51375,100412.51375,129002.45124999998,117635.56425,142777.65125,144277.30625,140817.59925,140364.61925,137360.37425,135758.07124999998,143463.18796749998,159622.6129675,158075.63671749996,161908.69471749995,172728.67971749994,204439.85271749998,187805.55737712496,213416.108377125,230753.23098712496,263138.34598712495,274590.858987125,297613.30698712496,319252.574481125,,سندات الدين,,,,,,,,,,,,,,,,,,,,,,,,,,,,,,,,,,,,,,,,,,,,,,,,,,,,,,,,,,,,,,,,,,,,,,,,,,,,,,,,,,,,,,,,,,,,
Loans,50503,50507.00000000001,53391,55786,106819.145353435,99843.895353435,108055.520353435,128599.270353435,95992.470353435,96780.220353435,96518.095353435,96167.970353435,167079.220353435,200331.220353435,200571.720353435,202921.09535343503,215370.970353435,214250.970353435,215038.720353435,207022.595353435,178644.17035343498,173264.020353435,226572.3700788125,213463.3671974775,212719.3857038125,213867.13116300874,208770.783056115,215521.070634575,210772.920755325,198535.9832582625,205656.6948609125,207577.32380752,222828.7126561475,232474.0467726975,233659.5790891375,218505.079092075,,قروض,,,,,,,,,,,,,,,,,,,,,,,,,,,,,,,,,,,,,,,,,,,,,,,,,,,,,,,,,,,,,,,,,,,,,,,,,,,,,,,,,,,,,,,,,,,,
Currency and deposits,,,,,,,,,,,,,,,,,,,,,,,,,,,,,,,,,,,,,,العملة والودائع,,,,,,,,,,,,,,,,,,,,,,,,,,,,,,,,,,,,,,,,,,,,,,,,,,,,,,,,,,,,,,,,,,,,,,,,,,,,,,,,,,,,,,,,,,,,
Trade credits,,,,,,,,,,,,,,,,,,,,,,,,,,,,,,,,,,,,,,الائتمان التجاري,,,,,,,,,,,,,,,,,,,,,,,,,,,,,,,,,,,,,,,,,,,,,,,,,,,,,,,,,,,,,,,,,,,,,,,,,,,,,,,,,,,,,,,,,,,,
Other debt Liabilities,,,,,,,,,,,,,,,,,,,,,,,,,,,,,,,,,,,,,,التزامات أخرى,,,,,,,,,,,,,,,,,,,,,,,,,,,,,,,,,,,,,,,,,,,,,,,,,,,,,,,,,,,,,,,,,,,,,,,,,,,,,,,,,,,,,,,,,,,,
Gross External Debt,310505.6692492723,345933.08201408,357798.2619223028,413352.10094835004,406856.854099305,478653.08190852497,493350.392051415,526470.641589105,535324.1398259749,597623.245222175,636420.5103346974,653941.9032054851,749504.9630501351,795080.2527641321,788658.6326055105,845696.3561158206,894770.0281793941,933572.8840151699,986354.2020390921,1006253.82992659,968917.0128935899,977055.4085057499,998371.3781325074,987600.8030895051,980501.5753195198,1030956.8098121561,1046107.6925290024,1119551.5584812548,1216947.1819047849,1248003.49051549,1336491.8521379798,1387512.5475514177,1566652.454687241,1620980.7787303207,1715007.3906583672,1795940.6590434443,,إجمالي الدين الخارجي,,,,,,,,,,,,,,,,,,,,,,,,,,,,,,,,,,,,,,,,,,,,,,,,,,,,,,,,,,,,,,,,,,,,,,,,,,,,,,,,,,,,,,,,,,,,
,,,,,,,,,,,,,,,,,,,,,,,,,,,,,,,,,,,,,,,,,,,,,,,,,,,,,,,,,,,,,,,,,,,,,,,,,,,,,,,,,,,,,,,,,,,,,,,,,,,,,,,,,,,,,,,,,,,,,,,,,,,,,,,,,,
"  p: Preliminary,    e: estimated,   r: Revised.",,,,,,,,,,,,,,,,,,,,,,,,,,,,,,,,,,,,,,  p: أولية.  e: تقديرية.  r : معدلة. ,,,,,,,,,,,,,,,,,,,,,,,,,,,,,,,,,,,,,,,,,,,,,,,,,,,,,,,,,,,,,,,,,,,,,,,,,,,,,,,,,,,,,,,,,,,,
