السنة,الربع,الربع ,رقم الربع ,المنطقة,المدينة,الحي,نوع العقار,عدد الصكوك ,مجموع سعر العقار,المساحة M2,متوسط سعر المتر,الحد الأعلى لسعر المتر,الحد الأدنى لسعر المتر 
2024,3,الربع الثالث,20243,مكة المكرمة,جدة,البغددية الشرقية,شقة,2,1500000,404.19,NULL,NULL,NULL
2024,3,الربع الثالث,20243,مكة المكرمة,جدة,أبحر الجنوبية,شقة,8,9082134,1370.75,5288.19669580102,12126.21,3416.08
2024,3,الربع الثالث,20243,مكة المكرمة,جدة,أم السلم,شقة,94,53411256.83,16934.39,3268.19037766089,3655.19,2743.17
2024,3,الربع الثالث,20243,مكة المكرمة,جدة,الأجاويد,شقة,2,1589900,333.64,NULL,NULL,NULL
2024,3,الربع الثالث,20243,مكة المكرمة,جدة,الأمير عبد المجيد,شقة,90,46228506.65,15757.77,2933.6615085322,3836.32,2354.08
2024,3,الربع الثالث,20243,مكة المكرمة,جدة,البغدادية الغربية,شقة,4,2400663,443.13,NULL,NULL,NULL
2024,3,الربع الثالث,20243,مكة المكرمة,جدة,الربوه,شقة,82,54706851.11,15128.77,3719.7742434297,4356.51,3261.94
2024,3,الربع الثالث,20243,مكة المكرمة,جدة,الرحمانية,شقة,41,30800813,6436.46,4831.73080531507,5359.17,4142.69
2024,3,الربع الثالث,20243,مكة المكرمة,جدة,الريان,شقة,526,270447750.34,81892.19,3354.66247048372,3937.8,2838.37
2024,3,الربع الثالث,20243,مكة المكرمة,جدة,الأجواد,شقة,20,9891641.2,2864.696,3469.05973511867,3582.41,3150.09
2024,3,الربع الثالث,20243,مكة المكرمة,جدة,البشائر,شقة,1,400000,210.67,NULL,NULL,NULL
2024,3,الربع الثالث,20243,مكة المكرمة,جدة,البوادى,شقة,31,19589146,5148.22,3753.2546810499,4272.61,3372.19
2024,3,الربع الثالث,20243,مكة المكرمة,جدة,النزلة الشرقية,شقة,2,500000,139.96,NULL,NULL,NULL
2024,3,الربع الثالث,20243,مكة المكرمة,جدة,الحمدانية,شقة,38,22171790.95,6699.65,3328.59759239226,3844.16,2766.44
2024,3,الربع الثالث,20243,مكة المكرمة,جدة,الاندلس,شقة,4,1202580,763.14,NULL,NULL,NULL
2024,3,الربع الثالث,20243,مكة المكرمة,جدة,الرحاب,شقة,35,20402626,5171.07,3987.75785520845,4282.04,3725.41
2024,3,الربع الثالث,20243,مكة المكرمة,جدة,الرويس,شقة,6,5627054,940.56,7191.2013536379,7257.99,7124.41
2024,3,الربع الثالث,20243,مكة المكرمة,جدة,التوفيق,شقة,14,8294290,2192.16,3851.73309864599,4448.68,3438.68
2024,3,الربع الثالث,20243,مكة المكرمة,جدة,الحمراء,شقة,8,10153500,1717.5,5687.22712799133,5830.74,5469.93
2024,3,الربع الثالث,20243,مكة المكرمة,جدة,السلامة,شقة,217,169936628.07,33901.225,4957.88530001045,5917.86,4097.48
2024,3,الربع الثالث,20243,مكة المكرمة,جدة,الورود,شقة,47,38739434.87,10472.98,3896.48212120435,4106.15,3513.96
2024,3,الربع الثالث,20243,مكة المكرمة,جدة,الصالحية,شقة,11,7716752,2137.25,3616.14464737823,4018.94,3325.63
2024,3,الربع الثالث,20243,مكة المكرمة,جدة,الصفا,شقة,296,194992859.99,51991.5313,3763.13119886912,4303.8,3168.88
2024,3,الربع الثالث,20243,مكة المكرمة,جدة,الزهراء,شقة,96,93983544.48,17215.779,5515.30901630455,6174.43,4930.32
2024,3,الربع الثالث,20243,مكة المكرمة,جدة,الشاطئ,شقة,10,19799191.34,1973.73,12110.6161440096,14199.13,10099.19
2024,3,الربع الثالث,20243,مكة المكرمة,جدة,الرغامة,شقة,74,35175139.66,12074.75,3189.21314077105,3728.05,2314.17
2024,3,الربع الثالث,20243,مكة المكرمة,جدة,الروابي,شقة,47,24729714.91,8094.93,3076.37072208767,3922.31,2244.95
2024,3,الربع الثالث,20243,مكة المكرمة,جدة,الروضة,شقة,92,86481366.06,15338,5588.10003057761,6346.35,5013.74
2024,3,الربع الثالث,20243,مكة المكرمة,جدة,النخيل,شقة,19,10261442.94,2949.52,3609.99431408859,3848.28,3312.96
2024,3,الربع الثالث,20243,مكة المكرمة,مكة المكرمة,الراشدية,شقة,6,3858764,1045.04,4226.25217457076,4360.2,3805.06
2024,3,الربع الثالث,20243,مكة المكرمة,مكة المكرمة,العوالي,شقة,3,1840000,614.62,NULL,NULL,NULL
2024,3,الربع الثالث,20243,مكة المكرمة,جدة,السنابل,شقة,1,750000,204.85,NULL,NULL,NULL
2024,3,الربع الثالث,20243,مكة المكرمة,جدة,الشرفية,شقة,13,8045000,2305.34,3905.09242491093,4070.73,3614.91
2024,3,الربع الثالث,20243,مكة المكرمة,جدة,الصوارى,شقة,198,151568425.17,39354.25,3749.83729822763,4282.2,3409.24
2024,3,الربع الثالث,20243,مكة المكرمة,جدة,النسيم,شقة,24,11904205.44,3632.22,3578.60719514572,4584.61,2379.13
2024,3,الربع الثالث,20243,مكة المكرمة,جدة,الواحة,شقة,548,308815627.83,84924.6500000001,3605.31074583891,4057.01,3212.37
2024,3,الربع الثالث,20243,مكة المكرمة,جدة,الأمير فواز الجنوبى,شقة,2,900000,281.06,NULL,NULL,NULL
2024,3,الربع الثالث,20243,مكة المكرمة,جدة,الجامعة,شقة,74,30887588,9454.26,3294.58039733347,3851.15,2958.33
2024,3,الربع الثالث,20243,مكة المكرمة,جدة,السامر,شقة,12,5979338.95,1893.235,3320.34197746784,3642.69,3091.38
2024,3,الربع الثالث,20243,مكة المكرمة,جدة,الفضيلة,شقة,3,1673000,451.92,NULL,NULL,NULL
2024,3,الربع الثالث,20243,مكة المكرمة,جدة,المروة,شقة,407,251830756.65,66591.737,3832.04546816385,4384.43,3359.25
2024,3,الربع الثالث,20243,مكة المكرمة,جدة,الفاروق,شقة,1,499348.73,174.32,NULL,NULL,NULL
2024,3,الربع الثالث,20243,مكة المكرمة,جدة,الفيحاء,شقة,335,264309956.31,64914.382,3991.65949544531,4473.16,3471.78
2024,3,الربع الثالث,20243,مكة المكرمة,جدة,الفيصلية,شقة,108,67005531.69,17655.31,3721.42543615273,4385.29,3267
2024,3,الربع الثالث,20243,مكة المكرمة,جدة,مدائن الفهد,شقة,30,11097906.03,3782.097,3009.01774974914,3800.57,2476.25
2024,3,الربع الثالث,20243,مكة المكرمة,مكة المكرمة,البحيرات,شقة,27,15555621,4869.78,3215.50677431956,3572,2729.15
2024,3,الربع الثالث,20243,مكة المكرمة,مكة المكرمة,المسفلة,شقة,22,11161000,3560.23,3006.85478783801,3266.51,2663.35
2024,3,الربع الثالث,20243,مكة المكرمة,مكة المكرمة,النوارية,شقة,3,2009000,545.23,NULL,NULL,NULL
2024,3,الربع الثالث,20243,مكة المكرمة,جدة,الوفاء,شقة,15,8887950,2870.28,2874.36806610848,3212.24,2451.55
2024,3,الربع الثالث,20243,مكة المكرمة,مكة المكرمة,الشرائع,شقة,40,23829368,7484.45,3224.74725456273,3699.68,2620.27
2024,3,الربع الثالث,20243,مكة المكرمة,جدة,السليمانية,شقة,4,2989000,707.09,NULL,NULL,NULL
2024,3,الربع الثالث,20243,مكة المكرمة,جدة,النهضة,شقة,29,28744433.69,5174.29,5050.36275269423,6343.97,4456.82
2024,3,الربع الثالث,20243,مكة المكرمة,جدة,الهدا,شقة,1,550000,234.69,NULL,NULL,NULL
2024,3,الربع الثالث,20243,مكة المكرمة,جدة,طيبة,شقة,3,1820140.08,509.95,NULL,NULL,NULL
2024,3,الربع الثالث,20243,مكة المكرمة,جدة,النعيم,شقة,34,27423546.15,5613.73,4853.46259973529,5582.18,4332.85
2024,3,الربع الثالث,20243,مكة المكرمة,جدة,بني مالك,شقة,21,11565864.5,3599.02,3431.77032197033,4266.08,2692.64
2024,3,الربع الثالث,20243,مكة المكرمة,جدة,المنار,شقة,423,232158666.88,61449.0199999999,3862.07394203473,4312.08,3345.09
2024,3,الربع الثالث,20243,مكة المكرمة,مكة المكرمة,الجامعه,شقة,1,500000,113.02,NULL,NULL,NULL
2024,3,الربع الثالث,20243,مكة المكرمة,جدة,أبحر الجنوبية,عمارة,3,13344389,667.22,NULL,NULL,NULL
2024,3,الربع الثالث,20243,مكة المكرمة,جدة,الواحة,عمارة,3,2145000,88.59,NULL,NULL,NULL
2024,3,الربع الثالث,20243,مكة المكرمة,جدة,العزيزية,شقة,94,62867795.88,17068.557,3794.38019330795,3986.58,3436.27
2024,3,الربع الثالث,20243,مكة المكرمة,جدة,القرينية,شقة,2,814310,324.72,NULL,NULL,NULL
2024,3,الربع الثالث,20243,مكة المكرمة,مكة المكرمة,العسيلة,شقة,1,570600,168.52,NULL,NULL,NULL
2024,3,الربع الثالث,20243,مكة المكرمة,مكة المكرمة,العمرة,شقة,18,11523005,3852.93,3000.41492760614,3459.1,2475.79
2024,3,الربع الثالث,20243,مكة المكرمة,جدة,مريخ,شقة,453,242815348.14,72872.132,3432.38068683643,4039.58,2757.4
2024,3,الربع الثالث,20243,مكة المكرمة,جدة,مشرفة,شقة,74,45953385.29,14045.86,3273.18695086005,3972.98,2835.58
2024,3,الربع الثالث,20243,مكة المكرمة,مكة المكرمة,التنعيم,شقة,20,11596850,3832.14,2991.48823501326,3482.1,2632.83
2024,3,الربع الثالث,20243,مكة المكرمة,مكة المكرمة,الحمراء,شقة,48,13022759,5160.68,2222.09169494696,2426.01,2066.97
2024,3,الربع الثالث,20243,مكة المكرمة,مكة المكرمة,الخالدية,شقة,5,2266000,980,NULL,NULL,NULL
2024,3,الربع الثالث,20243,مكة المكرمة,مكة المكرمة,السلامة,شقة,13,5965108,2089.84,2971.70643218866,3150.79,2669.95
2024,3,الربع الثالث,20243,مكة المكرمة,مكة المكرمة,النسيم,شقة,13,15613187.01,2421.92,6757.17539654111,7066.54,6510.92
2024,3,الربع الثالث,20243,مكة المكرمة,جدة,النزلة اليمانية,شقة,1,450000,114.75,NULL,NULL,NULL
2024,3,الربع الثالث,20243,مكة المكرمة,جدة,النزهة,شقة,165,109165720.35,27009.83,4068.44174907352,4652.47,3420.51
2024,3,الربع الثالث,20243,مكة المكرمة,جدة,بريمان,شقة,3,1856340,576.38,NULL,NULL,NULL
2024,3,الربع الثالث,20243,مكة المكرمة,مكة المكرمة,الخضراء,شقة,10,5960000,1854.48,3256.09928743334,3648.53,2926.15
2024,3,الربع الثالث,20243,مكة المكرمة,مكة المكرمة,العزيزية,شقة,3,675000,394.46,NULL,NULL,NULL
2024,3,الربع الثالث,20243,مكة المكرمة,مكة المكرمة,المعابده,شقة,96,43550836,4164.61,10163.1098891322,11284.05,9226.93
2024,3,الربع الثالث,20243,مكة المكرمة,جدة,الكندرة,عمارة,1,5969940,900,NULL,NULL,NULL
2024,3,الربع الثالث,20243,مكة المكرمة,مكة المكرمة,العدل,شقة,34,20565900,7124.32,2820.05329749054,3149.67,2512.88
2024,3,الربع الثالث,20243,مكة المكرمة,مكة المكرمة,بطحاء قريش  ,شقة,102,55606829,15654.07,3577.07785662427,4118.86,2921.96
2024,3,الربع الثالث,20243,مكة المكرمة,مكة المكرمة,الرصيفة,شقة,10,6183000,1757.9,3301.29204571646,3415.3,3214.6
2024,3,الربع الثالث,20243,مكة المكرمة,مكة المكرمة,الملك فهد,شقة,25,17467300,5003.21,3506.85933893344,3880.27,3090.06
2024,3,الربع الثالث,20243,مكة المكرمة,مكة المكرمة,الهجلة الجديد,شقة,1,735000,248.18,NULL,NULL,NULL
2024,3,الربع الثالث,20243,مكة المكرمة,مكة المكرمة,النزهة,شقة,27,20035800,5078.74,4009.9456269297,4341.15,3684.21
2024,3,الربع الثالث,20243,مكة المكرمة,مكة المكرمة,وادي جليل,شقة,32,19725967,6237.85,2969.63464468922,3680.13,2220.54
2024,3,الربع الثالث,20243,مكة المكرمة,جدة,النزهة,عمارة,3,5457500,397.64,NULL,NULL,NULL
2024,3,الربع الثالث,20243,مكة المكرمة,مكة المكرمة,بطحاء قريش  ,عمارة,1,200000,33.02,NULL,NULL,NULL
2024,3,الربع الثالث,20243,مكة المكرمة,جدة,الرياض,فيلا,140,141617597.51,53243.39,2754.88512464548,3968,1440
2024,3,الربع الثالث,20243,مكة المكرمة,جدة,السامر,فيلا,16,23518691,8063.03,3148.62118943103,4051.68,2166.67
2024,3,الربع الثالث,20243,مكة المكرمة,جدة,أبحر الشمالية,فيلا,54,160132461.47,22663.17,7257.03841014975,8611.11,5090.12
2024,3,الربع الثالث,20243,مكة المكرمة,جدة,الأجواد,فيلا,1,1650000,358.8,NULL,NULL,NULL
2024,3,الربع الثالث,20243,مكة المكرمة,جدة,الأصالة,فيلا,4,5640000,1197.95,NULL,NULL,NULL
2024,3,الربع الثالث,20243,مكة المكرمة,جدة,البشائر,فيلا,4,5319490,1837.08,NULL,NULL,NULL
2024,3,الربع الثالث,20243,مكة المكرمة,جدة,أبحر الجنوبية,فيلا,8,26321812.06,2768.54,7939.53736926483,8533.33,7413.33
2024,3,الربع الثالث,20243,مكة المكرمة,جدة,السليمانية,فيلا,1,4000000,866,NULL,NULL,NULL
2024,3,الربع الثالث,20243,مكة المكرمة,جدة,الشراع,فيلا,44,103596446.68,16454.38,6142.43507771862,7346.94,4840
2024,3,الربع الثالث,20243,مكة المكرمة,جدة,الصالحية,فيلا,48,70593108.1,19699.01,3679.68650032904,4545.45,2918.77
2024,3,الربع الثالث,20243,مكة المكرمة,جدة,البساتين,فيلا,5,28785499.95,2968.63,NULL,NULL,NULL
2024,3,الربع الثالث,20243,مكة المكرمة,جدة,الروضة,فيلا,1,6000000,480,NULL,NULL,NULL
2024,3,الربع الثالث,20243,مكة المكرمة,جدة,الرحاب,فيلا,5,24631588,4875.39,NULL,NULL,NULL
2024,3,الربع الثالث,20243,مكة المكرمة,جدة,الثغر,فيلا,1,1250000,363,NULL,NULL,NULL
2024,3,الربع الثالث,20243,مكة المكرمة,جدة,الخالدية,فيلا,7,21650000,2815.5,7209.24390856569,7777.78,6734.01
2024,3,الربع الثالث,20243,مكة المكرمة,جدة,الأمواج,فيلا,4,8000000,1272.75,NULL,NULL,NULL
2024,3,الربع الثالث,20243,مكة المكرمة,جدة,المروة,فيلا,5,2262452.36,1625.2,NULL,NULL,NULL
2024,3,الربع الثالث,20243,مكة المكرمة,جدة,الوفاء,فيلا,12,12255300,3689.12,3167.16835344031,3771,2638.14
2024,3,الربع الثالث,20243,مكة المكرمة,جدة,العزيزية,فيلا,9,21556133,2965.4896,6369.38901759281,7185.25,5831.79
2024,3,الربع الثالث,20243,مكة المكرمة,جدة,الزمرد,فيلا,49,63506300.75,17999.26,3273.5765409774,5280,1795.56
2024,3,الربع الثالث,20243,مكة المكرمة,جدة,الشاطئ,فيلا,10,634421020,29237.427,13143.7928408225,16816.82,12600
2024,3,الربع الثالث,20243,مكة المكرمة,جدة,الجامعة,فيلا,1,693831,218.63,NULL,NULL,NULL
2024,3,الربع الثالث,20243,مكة المكرمة,جدة,السلامة,فيلا,1,450000,352.76,NULL,NULL,NULL
2024,3,الربع الثالث,20243,مكة المكرمة,جدة,الحمدانية,فيلا,36,53217454.72,14345.16,3462.82119603241,4814.14,2807.82
2024,3,الربع الثالث,20243,مكة المكرمة,جدة,الخمرة,فيلا,2,2160000,736.3,NULL,NULL,NULL
2024,3,الربع الثالث,20243,مكة المكرمة,جدة,الساحل,فيلا,2,1749821.32,874.9,NULL,NULL,NULL
2024,3,الربع الثالث,20243,مكة المكرمة,جدة,مشرفة,فيلا,1,1700000,436.95,NULL,NULL,NULL
2024,3,الربع الثالث,20243,مكة المكرمة,جدة,الفيصلية,فيلا,11,30900000,5424.74,6378.42412475575,8020.83,5428.88
2024,3,الربع الثالث,20243,مكة المكرمة,جدة,الصفا,فيلا,1,1100000,423.93,NULL,NULL,NULL
2024,3,الربع الثالث,20243,مكة المكرمة,جدة,الفروسية,فيلا,21,22553723.55,7048.39,3198.94956122819,4033.59,2666.67
2024,3,الربع الثالث,20243,مكة المكرمة,جدة,الكندرة,فيلا,1,4218697.6,1502,NULL,NULL,NULL
2024,3,الربع الثالث,20243,مكة المكرمة,جدة,الفضيلة,فيلا,20,21993177,5531.44,4068.8,4571.43,3333.33
2024,3,الربع الثالث,20243,مكة المكرمة,جدة,النزلة اليمانية,فيلا,1,1504800,627,NULL,NULL,NULL
2024,3,الربع الثالث,20243,مكة المكرمة,مكة المكرمة,البحيرات,فيلا,7,4453442,1708.66,2606.39448456685,3112.11,2240.67
2024,3,الربع الثالث,20243,مكة المكرمة,جدة,الرحمانية,فيلا,160,180677473,48768.67,3676.79488650553,4333.33,3238.1
2024,3,الربع الثالث,20243,مكة المكرمة,جدة,الروابي,فيلا,1,1050000,355.79,NULL,NULL,NULL
2024,3,الربع الثالث,20243,مكة المكرمة,جدة,الريان,فيلا,2,7950000,1437.05,NULL,NULL,NULL
2024,3,الربع الثالث,20243,مكة المكرمة,جدة,النخيل,فيلا,1,4800000,600,NULL,NULL,NULL
2024,3,الربع الثالث,20243,مكة المكرمة,جدة,النعيم,فيلا,5,32650000,4563.87,NULL,NULL,NULL
2024,3,الربع الثالث,20243,مكة المكرمة,جدة,الكوثر,فيلا,4,7005000,2076.87,NULL,NULL,NULL
2024,3,الربع الثالث,20243,مكة المكرمة,جدة,اللؤلؤ,فيلا,13,19304833,3151.82,6763.58632751215,7750,6000
2024,3,الربع الثالث,20243,مكة المكرمة,جدة,المرجان,فيلا,1,8000000,1182.05,NULL,NULL,NULL
2024,3,الربع الثالث,20243,مكة المكرمة,جدة,المحمدية,فيلا,1,2000000,417.71,NULL,NULL,NULL
2024,3,الربع الثالث,20243,مكة المكرمة,جدة,السنابل,فيلا,1,2200000,562.5,NULL,NULL,NULL
2024,3,الربع الثالث,20243,مكة المكرمة,مكة المكرمة,العدل,فيلا,3,4060000,1260.43,NULL,NULL,NULL
2024,3,الربع الثالث,20243,مكة المكرمة,مكة المكرمة,العكيشية,فيلا,1,1000000,500.66,NULL,NULL,NULL
2024,3,الربع الثالث,20243,مكة المكرمة,جدة,القرينية,فيلا,47,55436124.13,17670.63,2973.48856788837,3642.5,2555.56
2024,3,الربع الثالث,20243,مكة المكرمة,جدة,الفلاح,فيلا,36,51446318.81,13621.14,3718.81177924072,4500,3111.11
2024,3,الربع الثالث,20243,مكة المكرمة,مكة المكرمة,الزاهر,فيلا,2,990000,282.15,NULL,NULL,NULL
2024,3,الربع الثالث,20243,مكة المكرمة,مكة المكرمة,النزهة,فيلا,5,6008359.95,1497.53,NULL,NULL,NULL
2024,3,الربع الثالث,20243,مكة المكرمة,جدة,بني مالك,فيلا,1,915000,470,NULL,NULL,NULL
2024,3,الربع الثالث,20243,مكة المكرمة,مكة المكرمة,الشرائع,فيلا,33,30112724,9952.2,2927.45265654722,3487.63,2423.95
2024,3,الربع الثالث,20243,مكة المكرمة,جدة,الصوارى,فيلا,25,46046448.84,10975.79,4492.05703179917,6200,3636.36
2024,3,الربع الثالث,20243,مكة المكرمة,جدة,بلدة ذهبان,قطعة أرض- زراعي,2,8500000,79836.93,NULL,NULL,NULL
2024,3,الربع الثالث,20243,مكة المكرمة,جدة,الفيحاء,فيلا,1,1600000,419.42,NULL,NULL,NULL
2024,3,الربع الثالث,20243,مكة المكرمة,جدة,النزهة,فيلا,3,2539475.72,935.99,NULL,NULL,NULL
2024,3,الربع الثالث,20243,مكة المكرمة,جدة,طيبة,فيلا,35,51127533.95,14167.45,3574.45439550875,4800,2769.32
2024,3,الربع الثالث,20243,مكة المكرمة,مكة المكرمة,العزيزية,فيلا,1,295000,139.9,NULL,NULL,NULL
2024,3,الربع الثالث,20243,مكة المكرمة,مكة المكرمة,المسفلة,فيلا,7,3137180,1141.76,2864.68149264983,3712.36,2341.7
2024,3,الربع الثالث,20243,مكة المكرمة,مكة المكرمة,التنعيم,فيلا,7,6401400,1396.11,4468.93915259637,4728.27,4273
2024,3,الربع الثالث,20243,مكة المكرمة,مكة المكرمة,الخالدية,فيلا,1,1270000,400,NULL,NULL,NULL
2024,3,الربع الثالث,20243,مكة المكرمة,جدة,مدائن الفهد,فيلا,2,1453856.31,570.8,NULL,NULL,NULL
2024,3,الربع الثالث,20243,مكة المكرمة,مكة المكرمة,الخضراء,فيلا,2,1700000,558.91,NULL,NULL,NULL
2024,3,الربع الثالث,20243,مكة المكرمة,مكة المكرمة,الرصيفة,فيلا,1,100000,253.21,NULL,NULL,NULL
2024,3,الربع الثالث,20243,مكة المكرمة,مكة المكرمة,الراشدية,فيلا,15,16304448.01,5890.93,2646.50569997169,3261.3,2186.68
2024,3,الربع الثالث,20243,مكة المكرمة,مكة المكرمة,العوالي,فيلا,9,15420000,4172.93,3828.77228219935,4382.67,3379.31
2024,3,الربع الثالث,20243,مكة المكرمة,مكة المكرمة,الجامعه,فيلا,3,7844392,1351.4,NULL,NULL,NULL
2024,3,الربع الثالث,20243,مكة المكرمة,جدة,الورود,فيلا,4,6338000,1703.9,NULL,NULL,NULL
2024,3,الربع الثالث,20243,مكة المكرمة,مكة المكرمة,العمرة,فيلا,19,22376961.68,7992.33,2786.87015169302,3234.15,2267.57
2024,3,الربع الثالث,20243,مكة المكرمة,مكة المكرمة,الملك فهد,فيلا,38,47324494.9,17293.98,2969.68682320757,3333.33,2500
2024,3,الربع الثالث,20243,مكة المكرمة,مكة المكرمة,وادي جليل,فيلا,5,1210000,1020.87,NULL,NULL,NULL
2024,3,الربع الثالث,20243,مكة المكرمة,مكة المكرمة,العسيلة,فيلا,1,350000,261.89,NULL,NULL,NULL
2024,3,الربع الثالث,20243,مكة المكرمة,مكة المكرمة,المعابده,فيلا,4,1285624,222.2,NULL,NULL,NULL
2024,3,الربع الثالث,20243,مكة المكرمة,مكة المكرمة,النوارية,فيلا,4,3450000,1293.23,NULL,NULL,NULL
2024,3,الربع الثالث,20243,مكة المكرمة,مكة المكرمة,جبل النور,فيلا,2,1700000,606.32,NULL,NULL,NULL
2024,3,الربع الثالث,20243,مكة المكرمة,مكة المكرمة,الهجلة الجديد,فيلا,1,1150000,328.19,NULL,NULL,NULL
2024,3,الربع الثالث,20243,مكة المكرمة,مكة المكرمة,بطحاء قريش  ,فيلا,29,66900450,14647.83,3817.27458511256,4666.67,1798.51
2024,3,الربع الثالث,20243,مكة المكرمة,جدة,الياقوت,فيلا,78,124403407.53,25948.86,5100.00220220842,6080.38,4000
2024,3,الربع الثالث,20243,مكة المكرمة,مكة المكرمة,الحمراء,فيلا,34,55828769,21369.085,2520.87073142942,3300,1382.03
2024,3,الربع الثالث,20243,مكة المكرمة,مكة المكرمة,السلامة,فيلا,2,2931475,803.98,NULL,NULL,NULL
2024,3,الربع الثالث,20243,مكة المكرمة,مكة المكرمة,الكعكية,فيلا,1,3500000,645,NULL,NULL,NULL
2024,3,الربع الثالث,20243,مكة المكرمة,جدة,الحمدانية,قطعة أرض- زراعي,1,980000,645,NULL,NULL,NULL
2024,3,الربع الثالث,20243,مكة المكرمة,جدة,البحيرات,قطعة أرض-تجارى,9,30872500,22872.14,1671.79584495305,2131.96,1225
2024,3,الربع الثالث,20243,مكة المكرمة,جدة,الجامعة,قطعة أرض-تجارى,9,8967325.5,2082.12,4190.60374265811,5318.52,3557.05
2024,3,الربع الثالث,20243,مكة المكرمة,جدة,الأمواج,قطعة أرض-تجارى,3,14000000,2112.5,NULL,NULL,NULL
2024,3,الربع الثالث,20243,مكة المكرمة,جدة,البساتين,قطعة أرض-تجارى,7,69654528,7061,8382.69594202899,11060.61,4239.85
2024,3,الربع الثالث,20243,مكة المكرمة,جدة,الربوه,قطعة أرض-تجارى,7,52065594,5558.62,5327.99494553997,5915.23,4900.1
2024,3,الربع الثالث,20243,مكة المكرمة,جدة,الروابي,قطعة أرض-تجارى,2,3125000,1487.84,NULL,NULL,NULL
2024,3,الربع الثالث,20243,مكة المكرمة,جدة,الروضة,قطعة أرض-تجارى,8,99438635,8916.89,11151.7171345615,14000,7700
2024,3,الربع الثالث,20243,مكة المكرمة,جدة,البغددية الشرقية,قطعة أرض-تجارى,1,4000000,1126.12,NULL,NULL,NULL
2024,3,الربع الثالث,20243,مكة المكرمة,جدة,الزمرد,قطعة أرض-تجارى,26,63565000,21490.99,2558.19200603426,5260.55,1572.61
2024,3,الربع الثالث,20243,مكة المكرمة,جدة,السلامة,قطعة أرض-تجارى,8,96553770,12124.77,8719.18943419723,9027.78,7575.76
2024,3,الربع الثالث,20243,مكة المكرمة,جدة,الخالدية,قطعة أرض-تجارى,3,13638700,2285.5,NULL,NULL,NULL
2024,3,الربع الثالث,20243,مكة المكرمة,جدة,الرحمانية,قطعة أرض-تجارى,6,10080000,4255,1766.15831517792,4066.67,1476.01
2024,3,الربع الثالث,20243,مكة المكرمة,جدة,الشرفية,قطعة أرض-تجارى,3,1968836,1747.35,NULL,NULL,NULL
2024,3,الربع الثالث,20243,مكة المكرمة,جدة,الصفوة,قطعة أرض-تجارى,5,6150000,4593.27,NULL,NULL,NULL
2024,3,الربع الثالث,20243,مكة المكرمة,جدة,الصوارى,قطعة أرض-تجارى,15,40712763.9,12155.65,3330.14274810705,4000.15,1724.14
2024,3,الربع الثالث,20243,مكة المكرمة,جدة,الريان,قطعة أرض-تجارى,7,13850000,4407,3205.25582321322,3500,2745.1
2024,3,الربع الثالث,20243,مكة المكرمة,جدة,الفيحاء,قطعة أرض-تجارى,3,70495838,10402.43,NULL,NULL,NULL
2024,3,الربع الثالث,20243,مكة المكرمة,جدة,الفيصلية,قطعة أرض-تجارى,5,34389952.5,5516.14,NULL,NULL,NULL
2024,3,الربع الثالث,20243,مكة المكرمة,جدة,الفردوس,قطعة أرض-تجارى,4,8130000,2936.75,NULL,NULL,NULL
2024,3,الربع الثالث,20243,مكة المكرمة,جدة,الفلاح,قطعة أرض-تجارى,3,7885000,2469,NULL,NULL,NULL
2024,3,الربع الثالث,20243,مكة المكرمة,جدة,الاندلس,قطعة أرض-تجارى,1,56271600,2871,NULL,NULL,NULL
2024,3,الربع الثالث,20243,مكة المكرمة,جدة,الرحاب,قطعة أرض-تجارى,4,19881500,4606,NULL,NULL,NULL
2024,3,الربع الثالث,20243,مكة المكرمة,جدة,الخليج,قطعة أرض-تجارى,1,1000000,895.5,NULL,NULL,NULL
2024,3,الربع الثالث,20243,مكة المكرمة,جدة,القرينية,قطعة أرض-تجارى,7,16800000,7015,2837.55475147591,3761.57,1920
2024,3,الربع الثالث,20243,مكة المكرمة,جدة,الكندرة,قطعة أرض-تجارى,2,42041842,7237.84,NULL,NULL,NULL
2024,3,الربع الثالث,20243,مكة المكرمة,جدة,المحجر,قطعة أرض-تجارى,3,38100000,20153.6,NULL,NULL,NULL
2024,3,الربع الثالث,20243,مكة المكرمة,جدة,أبحر الجنوبية,قطعة أرض-تجارى,11,48785698,6612.99,3422.41225579012,3422.41,3422.41
2024,3,الربع الثالث,20243,مكة المكرمة,جدة,الشاطئ,قطعة أرض-تجارى,3,187358795,22408.27,NULL,NULL,NULL
2024,3,الربع الثالث,20243,مكة المكرمة,جدة,المحمدية,قطعة أرض-تجارى,32,449936625.99,62745.01,6638.94933816861,7503.26,1435.02
2024,3,الربع الثالث,20243,مكة المكرمة,جدة,الأجاويد,قطعة أرض-تجارى,1,2300000,600,NULL,NULL,NULL
2024,3,الربع الثالث,20243,مكة المكرمة,جدة,الساحل,قطعة أرض-تجارى,9,78917000,1916259,763.888888888889,882.35,666.67
2024,3,الربع الثالث,20243,مكة المكرمة,جدة,الثغر,قطعة أرض-تجارى,4,63738852.5,15129.29,NULL,NULL,NULL
2024,3,الربع الثالث,20243,مكة المكرمة,جدة,الجوهرة,قطعة أرض-تجارى,1,750000,612.5,NULL,NULL,NULL
2024,3,الربع الثالث,20243,مكة المكرمة,جدة,المليساء,قطعة أرض-تجارى,1,60000000,768081.94,NULL,NULL,NULL
2024,3,الربع الثالث,20243,مكة المكرمة,جدة,النزهة,قطعة أرض-تجارى,8,31340884,7149.11,4731.57166046023,8213.55,2876.69
2024,3,الربع الثالث,20243,مكة المكرمة,جدة,العزيزية,قطعة أرض-تجارى,12,26361046,5950.03,4111.63785680193,5626.15,2790.66
2024,3,الربع الثالث,20243,مكة المكرمة,جدة,العشيرية,قطعة أرض-تجارى,1,500000,400,NULL,NULL,NULL
2024,3,الربع الثالث,20243,مكة المكرمة,جدة,بريمان,قطعة أرض-تجارى,1,300000,379.13,NULL,NULL,NULL
2024,3,الربع الثالث,20243,مكة المكرمة,جدة,بني مالك,قطعة أرض-تجارى,12,31323424.2,4561.75,3610.8606252116,5422.75,3000
2024,3,الربع الثالث,20243,مكة المكرمة,جدة,النهضة,قطعة أرض-تجارى,1,9000000,750,NULL,NULL,NULL
2024,3,الربع الثالث,20243,مكة المكرمة,جدة,النور,قطعة أرض-تجارى,15,16640526.32,7787.69,1924.69177186321,3500,1200
2024,3,الربع الثالث,20243,مكة المكرمة,جدة,الأمير عبد المجيد,قطعة أرض-تجارى,1,2600000,2500,NULL,NULL,NULL
2024,3,الربع الثالث,20243,مكة المكرمة,جدة,اللؤلؤ,قطعة أرض-تجارى,4,9784892.5,2623.5,NULL,NULL,NULL
2024,3,الربع الثالث,20243,مكة المكرمة,جدة,المرجان,قطعة أرض-تجارى,5,45100000,5444.41,NULL,NULL,NULL
2024,3,الربع الثالث,20243,مكة المكرمة,جدة,الرغامة,قطعة أرض-تجارى,3,7647000,4084.28,NULL,NULL,NULL
2024,3,الربع الثالث,20243,مكة المكرمة,جدة,الياقوت,قطعة أرض-تجارى,27,68094323.51,14900.08,4226.0947281839,5000,3600
2024,3,الربع الثالث,20243,مكة المكرمة,مكة المكرمة,الجامعه,قطعة أرض-تجارى,1,6500000,400,NULL,NULL,NULL
2024,3,الربع الثالث,20243,مكة المكرمة,جدة,الوادي,قطعة أرض-تجارى,21,159467470.99,132860.51,1088.04400701814,1250,1000
2024,3,الربع الثالث,20243,مكة المكرمة,جدة,الفروسية,قطعة أرض-تجارى,9,11070000,3517.27,2285.91902543891,3666.25,1650
2024,3,الربع الثالث,20243,مكة المكرمة,مكة المكرمة,الخضراء,قطعة أرض-تجارى,4,10730126,2731.96,NULL,NULL,NULL
2024,3,الربع الثالث,20243,مكة المكرمة,مكة المكرمة,الراشدية,قطعة أرض-تجارى,10,8530000,6165.01,2100.3835963726,3200,1500
2024,3,الربع الثالث,20243,مكة المكرمة,مكة المكرمة,النوارية,قطعة أرض-تجارى,4,7495000,2424.91,NULL,NULL,NULL
2024,3,الربع الثالث,20243,مكة المكرمة,مكة المكرمة,العمرة,قطعة أرض-تجارى,6,47609250,88263.69,2489.45641986879,4333.69,1186.32
2024,3,الربع الثالث,20243,مكة المكرمة,جدة,بترومين,قطعة أرض-تجارى,2,2723928,720.4,NULL,NULL,NULL
2024,3,الربع الثالث,20243,مكة المكرمة,جدة,مشرفة,قطعة أرض-تجارى,5,45732405.71,8785.17,NULL,NULL,NULL
2024,3,الربع الثالث,20243,مكة المكرمة,مكة المكرمة,البحيرات,قطعة أرض-تجارى,2,5000000,3794.51,NULL,NULL,NULL
2024,3,الربع الثالث,20243,مكة المكرمة,جدة,البشائر,قطعة أرض-تجارى,5,6900000,2871.94,NULL,NULL,NULL
2024,3,الربع الثالث,20243,مكة المكرمة,جدة,البوادى,قطعة أرض-تجارى,2,9025000,1287,NULL,NULL,NULL
2024,3,الربع الثالث,20243,مكة المكرمة,جدة,الحمراء,قطعة أرض-تجارى,2,130000000,37011.2,NULL,NULL,NULL
2024,3,الربع الثالث,20243,مكة المكرمة,مكة المكرمة,بطحاء قريش  ,قطعة أرض-تجارى,8,68972340,7897.92,10367.351594968,13093.7,5333.33
2024,3,الربع الثالث,20243,مكة المكرمة,جدة,الثعالبة,قطعة أرض-تجارى,1,1010640,210.55,NULL,NULL,NULL
2024,3,الربع الثالث,20243,مكة المكرمة,جدة,الحمدانية,قطعة أرض-تجارى,12,57426672.1,12584.54,3794.24284385139,6666.67,2899.51
2024,3,الربع الثالث,20243,مكة المكرمة,جدة,الخمرة,قطعة أرض-تجارى,4,24303915.5,26863.43,NULL,NULL,NULL
2024,3,الربع الثالث,20243,مكة المكرمة,جدة,الرياض,قطعة أرض-تجارى,44,82285879.87,45799.82,1644.84283575123,2976,1027.62
2024,3,الربع الثالث,20243,مكة المكرمة,جدة,السامر,قطعة أرض-تجارى,5,13840000,3715.94,NULL,NULL,NULL
2024,3,الربع الثالث,20243,مكة المكرمة,مكة المكرمة,الشرائع,قطعة أرض-تجارى,7,16147120,4441.53,4237.76214590189,4974.49,3950
2024,3,الربع الثالث,20243,مكة المكرمة,مكة المكرمة,المرسلات,قطعة أرض-تجارى,1,19000000,601.8,NULL,NULL,NULL
2024,3,الربع الثالث,20243,مكة المكرمة,جدة,السبيل,قطعة أرض-تجارى,4,1563147.5,336.83,NULL,NULL,NULL
2024,3,الربع الثالث,20243,مكة المكرمة,جدة,السروات,قطعة أرض-تجارى,10,62595300,44617.56,1427.17522398346,1583.33,1300
2024,3,الربع الثالث,20243,مكة المكرمة,جدة,الصفا,قطعة أرض-تجارى,14,68102950.99,11544.75,6295.80552060372,7905.27,4938.27
2024,3,الربع الثالث,20243,مكة المكرمة,جدة,السنابل,قطعة أرض-تجارى,5,16458668.06,4194.11,NULL,NULL,NULL
2024,3,الربع الثالث,20243,مكة المكرمة,جدة,الصحيفة,قطعة أرض-تجارى,1,249453,93.122,NULL,NULL,NULL
2024,3,الربع الثالث,20243,مكة المكرمة,جدة,المنار,قطعة أرض-تجارى,3,14200000,2750,NULL,NULL,NULL
2024,3,الربع الثالث,20243,مكة المكرمة,جدة,النسيم,قطعة أرض-تجارى,3,19425000,2515,NULL,NULL,NULL
2024,3,الربع الثالث,20243,مكة المكرمة,جدة,الفضيلة,قطعة أرض-تجارى,12,10079787.35,4518.5,2757.63016410988,4400,1812.5
2024,3,الربع الثالث,20243,مكة المكرمة,جدة,الفنار,قطعة أرض-تجارى,20,62796000,23691.37,1927.67066180302,2928.57,1527.78
2024,3,الربع الثالث,20243,مكة المكرمة,جدة,جوهرة ثول,قطعة أرض-تجارى,1,260000,864,NULL,NULL,NULL
2024,3,الربع الثالث,20243,مكة المكرمة,جدة,طيبة,قطعة أرض-تجارى,20,44953757.63,16669.1,2620.9283494651,3593.75,2166.67
2024,3,الربع الثالث,20243,مكة المكرمة,جدة,غليل,قطعة أرض-تجارى,15,15155157.67,4074.69,3373.98216331537,4019.54,2720.12
2024,3,الربع الثالث,20243,مكة المكرمة,مكة المكرمة,الرصيفة,قطعة أرض-تجارى,10,11690879.56,7291.31,975.230050619367,2068.49,351.31
2024,3,الربع الثالث,20243,مكة المكرمة,جدة,النزلة الشرقية,قطعة أرض-تجارى,1,721992,130.56,NULL,NULL,NULL
2024,3,الربع الثالث,20243,مكة المكرمة,جدة,المنتزهات,قطعة أرض-تجارى,1,13200000,5762.19,NULL,NULL,NULL
2024,3,الربع الثالث,20243,مكة المكرمة,جدة,النجمة,قطعة أرض-تجارى,4,6012000,2700,NULL,NULL,NULL
2024,3,الربع الثالث,20243,مكة المكرمة,مكة المكرمة,الملك فهد,قطعة أرض-تجارى,19,47689299.25,16446.18,3162.80906815931,3750,2833.26
2024,3,الربع الثالث,20243,مكة المكرمة,مكة المكرمة,الهجلة الجديد,قطعة أرض-تجارى,1,790000,522.5,NULL,NULL,NULL
2024,3,الربع الثالث,20243,مكة المكرمة,جدة,الواحة,قطعة أرض-تجارى,8,31291521.2,7376.01,4490.33840224749,5600,4100
2024,3,الربع الثالث,20243,مكة المكرمة,جدة,الوفاء,قطعة أرض-تجارى,18,28732200,13912.51,2142.81895715004,2419.35,1560
2024,3,الربع الثالث,20243,مكة المكرمة,جدة,المروة,قطعة أرض-تجارى,6,30160000,4279.76,6253.56361161691,6789.85,5866.67
2024,3,الربع الثالث,20243,مكة المكرمة,جدة,النزلة اليمانية,قطعة أرض-تجارى,9,98843711,25634.5,4060.49719990131,4993.59,3196.91
2024,3,الربع الثالث,20243,مكة المكرمة,جدة,مدائن الفهد,قطعة أرض-تجارى,1,4200000,650,NULL,NULL,NULL
2024,3,الربع الثالث,20243,مكة المكرمة,جدة,بلدة ذهبان,قطعة أرض-تجارى,15,253735936.03,2041977.47,897.763251966091,1111.11,700
2024,3,الربع الثالث,20243,مكة المكرمة,جدة,مريخ,قطعة أرض-تجارى,2,11200000,1484.28,NULL,NULL,NULL
2024,3,الربع الثالث,20243,مكة المكرمة,مكة المكرمة,خارج حدود الاحياء,قطعة أرض-تجارى,3,200000,1582.72,NULL,NULL,NULL
2024,3,الربع الثالث,20243,مكة المكرمة,مكة المكرمة,الحمراء,قطعة أرض-تجارى,6,19933743,7504.61,3370.59293407609,4000.54,2780.25
2024,3,الربع الثالث,20243,مكة المكرمة,مكة المكرمة,العدل,قطعة أرض-تجارى,2,7209685,1352.81,NULL,NULL,NULL
2024,3,الربع الثالث,20243,مكة المكرمة,مكة المكرمة,العسيلة,قطعة أرض-تجارى,6,7567500,2719,2568.49315068493,2700,2500
2024,3,الربع الثالث,20243,مكة المكرمة,مكة المكرمة,العوالي,قطعة أرض-تجارى,1,18500000,2500,NULL,NULL,NULL
2024,3,الربع الثالث,20243,مكة المكرمة,مكة المكرمة,وادي جليل,قطعة أرض-تجارى,2,2475000,994,NULL,NULL,NULL
2024,3,الربع الثالث,20243,مكة المكرمة,مكة المكرمة,كدي,قطعة أرض-تجارى,2,12400000,1398,NULL,NULL,NULL
2024,3,الربع الثالث,20243,مكة المكرمة,مكة المكرمة,النسيم,قطعة أرض-تجارى,2,7800000,1560.45,NULL,NULL,NULL
2024,3,الربع الثالث,20243,مكة المكرمة,جدة,الأصالة,قطعة أرض-سكنى,6,5296676.83,3164.14,2112.30416006572,2265.65,1860.47
2024,3,الربع الثالث,20243,مكة المكرمة,جدة,البساتين,قطعة أرض-سكنى,10,21603878.6,5065.73,4949.92218338816,6006.86,4282.84
2024,3,الربع الثالث,20243,مكة المكرمة,جدة,البغددية الشرقية,قطعة أرض-سكنى,10,10147158,2818.63,3684.12265311347,4808.87,2446.74
2024,3,الربع الثالث,20243,مكة المكرمة,جدة,الخالدية,قطعة أرض-سكنى,11,27829694.76,6194.98,4748.4126170123,5733.33,2926.97
2024,3,الربع الثالث,20243,مكة المكرمة,جدة,الرحمانية,قطعة أرض-سكنى,113,93142621,61420.08,1548.72226906674,1683.33,1273.49
2024,3,الربع الثالث,20243,مكة المكرمة,جدة,الريان,قطعة أرض-سكنى,20,33329350.14,13099.73,2734.81437604958,2944,2640
2024,3,الربع الثالث,20243,مكة المكرمة,جدة,الزهور,قطعة أرض-سكنى,10,6319000,7584.5,824.292305773787,933.33,722.22
2024,3,الربع الثالث,20243,مكة المكرمة,جدة,الفردوس,قطعة أرض-سكنى,12,14697432.75,4397.5,3150.74228458498,4434.42,1904.76
2024,3,الربع الثالث,20243,مكة المكرمة,جدة,الأمير فواز الشمالى,قطعة أرض-سكنى,2,3465000,1446.67,NULL,NULL,NULL
2024,3,الربع الثالث,20243,مكة المكرمة,جدة,البحيرات,قطعة أرض-سكنى,59,59342250,37811.84,1487.29842664017,1944.44,1166.67
2024,3,الربع الثالث,20243,مكة المكرمة,جدة,الأجواد,قطعة أرض-سكنى,14,22082027.71,6710.35,2528.33523834693,3600,1500
2024,3,الربع الثالث,20243,مكة المكرمة,جدة,أم السلم,قطعة أرض-سكنى,13,11600527,7866.14,1426.64297021434,2039.22,700
2024,3,الربع الثالث,20243,مكة المكرمة,جدة,الجامعة,قطعة أرض-سكنى,129,219861189.19,54043.457,3956.10376560479,5274.73,3100
2024,3,الربع الثالث,20243,مكة المكرمة,جدة,النهضة,قطعة أرض-سكنى,22,76719858.33,12346.24,5508.33387232119,8166.67,4160
2024,3,الربع الثالث,20243,مكة المكرمة,جدة,الهنداوية,قطعة أرض-سكنى,53,58988278.2,13856.7,4022.46157745828,5840.67,2878.6
2024,3,الربع الثالث,20243,مكة المكرمة,جدة,البشائر,قطعة أرض-سكنى,52,33669000,23733.71,1504.72040668119,1600,1280
2024,3,الربع الثالث,20243,مكة المكرمة,جدة,البوادى,قطعة أرض-سكنى,58,165655204.5,29854.47,4602.10599792,6036.22,3679.65
2024,3,الربع الثالث,20243,مكة المكرمة,جدة,الورود,قطعة أرض-سكنى,2,4811425,788.15,NULL,NULL,NULL
2024,3,الربع الثالث,20243,مكة المكرمة,جدة,البلد,قطعة أرض-سكنى,44,97120520.34,9418.67,5441.14774688878,10713.28,3246.46
2024,3,الربع الثالث,20243,مكة المكرمة,جدة,الرغامة,قطعة أرض-سكنى,26,59227824.67,19648.26,2257.09877125614,3000,1837.26
2024,3,الربع الثالث,20243,مكة المكرمة,جدة,الروابي,قطعة أرض-سكنى,6,20364300,3897.88,4175.59711044103,7313.03,1710.1
2024,3,الربع الثالث,20243,مكة المكرمة,جدة,الروضة,قطعة أرض-سكنى,56,286037160.86,50739.63,6209.97110196585,7700,4500
2024,3,الربع الثالث,20243,مكة المكرمة,جدة,الزمرد,قطعة أرض-سكنى,22,16950679.53,12296.4,1619.55241460542,1760,1500
2024,3,الربع الثالث,20243,مكة المكرمة,جدة,الحمراء,قطعة أرض-سكنى,18,159990136,22124.21,5369.51755472573,9000,3223.24
2024,3,الربع الثالث,20243,مكة المكرمة,جدة,أبحر الشمالية,قطعة أرض-تجارى,5,10087569,2182.59,NULL,NULL,NULL
2024,3,الربع الثالث,20243,مكة المكرمة,جدة,الخمرة,قطعة أرض-سكنى,33,32468642.97,12793,2721.48974358974,5150,1333.33
2024,3,الربع الثالث,20243,مكة المكرمة,جدة,الرحاب,قطعة أرض-سكنى,10,34761442,9987.87,4157.90434072843,4651.16,3810.18
2024,3,الربع الثالث,20243,مكة المكرمة,جدة,السنابل,قطعة أرض-سكنى,10,9487183.83,5756.34,1571.03941018194,3138.63,1238.49
2024,3,الربع الثالث,20243,مكة المكرمة,جدة,الشرفية,قطعة أرض-سكنى,52,101008752.27,24976.318,3708.66461411472,5250.35,2577.25
2024,3,الربع الثالث,20243,مكة المكرمة,جدة,الرياض,قطعة أرض-سكنى,89,56082466.38,58708.45,1003.18936033493,1128.12,800
2024,3,الربع الثالث,20243,مكة المكرمة,جدة,السلامة,قطعة أرض-سكنى,56,193566190.98,33122.18,5524.04658509319,6805.99,2982.39
2024,3,الربع الثالث,20243,مكة المكرمة,جدة,الصوارى,قطعة أرض-سكنى,24,27024387.34,14428.28,1952.57510821757,2181.82,1671.89
2024,3,الربع الثالث,20243,مكة المكرمة,جدة,الشاطئ,قطعة أرض-سكنى,12,56465222.14,10442.53,5477.69222412789,5599.24,5000
2024,3,الربع الثالث,20243,مكة المكرمة,جدة,الصحيفة,قطعة أرض-سكنى,23,17132477.5,3622.76,4778.22231050559,6050,3495.98
2024,3,الربع الثالث,20243,مكة المكرمة,جدة,العدل,قطعة أرض-سكنى,3,5814048.61,2040,NULL,NULL,NULL
2024,3,الربع الثالث,20243,مكة المكرمة,مكة المكرمة,الجامعه,قطعة أرض-سكنى,1,289700,487.5,NULL,NULL,NULL
2024,3,الربع الثالث,20243,مكة المكرمة,مكة المكرمة,الخضراء,قطعة أرض-سكنى,14,13529695,9513.1,1340.05895568653,2000,673.88
2024,3,الربع الثالث,20243,مكة المكرمة,مكة المكرمة,الراشدية,قطعة أرض-سكنى,10,7651000,5544.68,1552.7950310559,1666.67,1440.23
2024,3,الربع الثالث,20243,مكة المكرمة,جدة,الزهراء,قطعة أرض-تجارى,6,83428193.26,8345,11285.2664576803,11458.33,10857.14
2024,3,الربع الثالث,20243,مكة المكرمة,جدة,السرورية,قطعة أرض-تجارى,8,54381415,35329.34,NULL,NULL,NULL
2024,3,الربع الثالث,20243,مكة المكرمة,جدة,السليمانية,قطعة أرض-تجارى,2,6000000,1250,NULL,NULL,NULL
2024,3,الربع الثالث,20243,مكة المكرمة,جدة,العزيزية,قطعة أرض-سكنى,72,148535746.99,42346.696,3412.10886254138,4300,2192.6
2024,3,الربع الثالث,20243,مكة المكرمة,جدة,العشيرية,قطعة أرض-سكنى,2,1219999.98,1190,NULL,NULL,NULL
2024,3,الربع الثالث,20243,مكة المكرمة,جدة,الفيحاء,قطعة أرض-سكنى,16,105179799.5,20194.94,5328.94225694433,5800,4870
2024,3,الربع الثالث,20243,مكة المكرمة,جدة,الفيصلية,قطعة أرض-سكنى,33,56832029.67,15330.495,3529.71254861556,4326.87,2736.29
2024,3,الربع الثالث,20243,مكة المكرمة,مكة المكرمة,الشبيكة الجديد,قطعة أرض-سكنى,1,200000,432,NULL,NULL,NULL
2024,3,الربع الثالث,20243,مكة المكرمة,مكة المكرمة,المسفلة,قطعة أرض-سكنى,14,24964867,143781.46,2719.99399461904,4166.67,1404.26
2024,3,الربع الثالث,20243,مكة المكرمة,جدة,أبحر الشمالية,قطعة أرض-سكنى,42,102617685.23,39972.43,3094.86244815579,3454.55,1707.81
2024,3,الربع الثالث,20243,مكة المكرمة,جدة,الأجاويد,قطعة أرض-سكنى,15,21950278.88,9003.63,2369.03365890145,3954.89,1272.73
2024,3,الربع الثالث,20243,مكة المكرمة,جدة,الشراع,قطعة أرض-تجارى,16,35147500,10739,2992.87280701754,4200,1077.78
2024,3,الربع الثالث,20243,مكة المكرمة,جدة,الصالحية,قطعة أرض-تجارى,13,22258268.72,6438.43,3546.98818613022,4262.67,2619.58
2024,3,الربع الثالث,20243,مكة المكرمة,جدة,العمارية,قطعة أرض-تجارى,4,16248755,2209.25,NULL,NULL,NULL
2024,3,الربع الثالث,20243,مكة المكرمة,جدة,الغدير,قطعة أرض-تجارى,5,5510000,3621.21,NULL,NULL,NULL
2024,3,الربع الثالث,20243,مكة المكرمة,جدة,القرينية,قطعة أرض-سكنى,70,47976115.81,41474.25,1232.34160516493,1425,1000
2024,3,الربع الثالث,20243,مكة المكرمة,جدة,الكندرة,قطعة أرض-سكنى,52,102830016.37,25545.11,4187.49956088843,5538.45,3253.21
2024,3,الربع الثالث,20243,مكة المكرمة,جدة,الكوثر,قطعة أرض-سكنى,2,2857172.06,1323.5,NULL,NULL,NULL
2024,3,الربع الثالث,20243,مكة المكرمة,مكة المكرمة,النوارية,قطعة أرض-سكنى,13,10364754,6551.96,1478.70885484668,3146.67,907.03
2024,3,الربع الثالث,20243,مكة المكرمة,جدة,الاندلس,قطعة أرض-سكنى,12,74253620,16815.75,4112.8708117078,5000,4000
2024,3,الربع الثالث,20243,مكة المكرمة,جدة,النزلة الشرقية,قطعة أرض-سكنى,32,64547972.6,23919.485,3083.4207477576,4100,2388.63
2024,3,الربع الثالث,20243,مكة المكرمة,جدة,الفضل,قطعة أرض-تجارى,1,2028333.5,584.37,NULL,NULL,NULL
2024,3,الربع الثالث,20243,مكة المكرمة,جدة,اللؤلؤ,قطعة أرض-سكنى,19,21708800,9267.5,2401.58415841584,2654.87,2054.97
2024,3,الربع الثالث,20243,مكة المكرمة,جدة,الأمير عبد المجيد,قطعة أرض-سكنى,2,5000000,1966.33,NULL,NULL,NULL
2024,3,الربع الثالث,20243,مكة المكرمة,جدة,الواحة,قطعة أرض-سكنى,17,71763731.04,20813.09,4180.90023010688,5176,3103.66
2024,3,الربع الثالث,20243,مكة المكرمة,جدة,النخيل,قطعة أرض-تجارى,3,16150000,5065.21,NULL,NULL,NULL
2024,3,الربع الثالث,20243,مكة المكرمة,جدة,النعيم,قطعة أرض-تجارى,7,28471681.82,5256,5033.55704697987,5033.56,5033.56
2024,3,الربع الثالث,20243,مكة المكرمة,جدة,المروج,قطعة أرض-سكنى,16,9441000,10972.3,934.371523915462,1200,695.65
2024,3,الربع الثالث,20243,مكة المكرمة,جدة,الوداد,قطعة أرض-سكنى,124,35942000,88141.7,423.780809979621,481.45,315.79
2024,3,الربع الثالث,20243,مكة المكرمة,جدة,بريمان,قطعة أرض-سكنى,16,12017812,70731.2,1813.37499147719,2200,1258.68
2024,3,الربع الثالث,20243,مكة المكرمة,جدة,الهنداوية,قطعة أرض-تجارى,1,714780,216.6,NULL,NULL,NULL
2024,3,الربع الثالث,20243,مكة المكرمة,جدة,قباء,قطعة أرض-سكنى,7,12920000,8026.88,1402.57106439033,1500,1333.33
2024,3,الربع الثالث,20243,مكة المكرمة,جدة,الوادي,قطعة أرض-سكنى,21,132663904.5,114960.07,1230.60641600542,1250,1225
2024,3,الربع الثالث,20243,مكة المكرمة,مكة المكرمة,العزيزية,قطعة أرض-تجارى,3,174470000,11903.65,NULL,NULL,NULL
2024,3,الربع الثالث,20243,مكة المكرمة,جدة,بني مالك,قطعة أرض-سكنى,93,239819752.8,59550.56,3541.62160496898,4569.01,2430.34
2024,3,الربع الثالث,20243,مكة المكرمة,جدة,الثعالبة,قطعة أرض-سكنى,24,57018639.6,13982.7,2798.74511895348,5580.27,2313.48
2024,3,الربع الثالث,20243,مكة المكرمة,جدة,الحمدانية,قطعة أرض-سكنى,27,25527584.67,14106.29,1749.480316655,2083.33,1546.5
2024,3,الربع الثالث,20243,مكة المكرمة,جدة,مدائن الفهد,قطعة أرض-سكنى,13,36626905,8230.8,4096.29463138967,5072.46,2960
2024,3,الربع الثالث,20243,مكة المكرمة,مكة المكرمة,البحيرات,قطعة أرض-سكنى,19,16098040,7819.46,1984.41810456849,4000,1616.92
2024,3,الربع الثالث,20243,مكة المكرمة,جدة,طيبة,قطعة أرض-سكنى,44,52903588.79,36125.01,1575.83603351119,1814.31,1353.48
2024,3,الربع الثالث,20243,مكة المكرمة,مكة المكرمة,المعابده,قطعة أرض-تجارى,1,14000000,216.47,NULL,NULL,NULL
2024,3,الربع الثالث,20243,مكة المكرمة,مكة المكرمة,الهنداوية,قطعة أرض-تجارى,1,19000000,1146.24,NULL,NULL,NULL
2024,3,الربع الثالث,20243,مكة المكرمة,مكة المكرمة,السلامة,قطعة أرض-سكنى,4,4730000,2664.7,NULL,NULL,NULL
2024,3,الربع الثالث,20243,مكة المكرمة,مكة المكرمة,السليمانية,قطعة أرض-سكنى,4,25148547.42,454.31,NULL,NULL,NULL
2024,3,الربع الثالث,20243,مكة المكرمة,مكة المكرمة,الكعكية,قطعة أرض-سكنى,6,6300000,2668,2400.36231884058,2500,2206.52
2024,3,الربع الثالث,20243,مكة المكرمة,جدة,أبحر الجنوبية,قطعة أرض-سكنى,42,88985272.83,26224.54,3553.81393711208,4130.83,2800
2024,3,الربع الثالث,20243,مكة المكرمة,مكة المكرمة,الزاهر,قطعة أرض-سكنى,7,10267000,2958.92,3013.50048216008,3568.37,1313.11
2024,3,الربع الثالث,20243,مكة المكرمة,مكة المكرمة,الشرائع,قطعة أرض-سكنى,111,97125844.03,118715.76,1048.22906892814,2500,423.13
2024,3,الربع الثالث,20243,مكة المكرمة,جدة,الفروسية,قطعة أرض-سكنى,19,18191790.53,13171,1430.30058503127,1474.36,1388.89
2024,3,الربع الثالث,20243,مكة المكرمة,جدة,الفلاح,قطعة أرض-سكنى,31,26896636.74,17355.53,1581.09025796166,1760,1325.2
2024,3,الربع الثالث,20243,مكة المكرمة,جدة,الخليج,قطعة أرض-سكنى,10,13305000,6667.91,904.109589041096,955.56,844.44
2024,3,الربع الثالث,20243,مكة المكرمة,مكة المكرمة,العسيلة,قطعة أرض-سكنى,19,22290000,8813.11,2128.39341344014,2660,1625
2024,3,الربع الثالث,20243,مكة المكرمة,مكة المكرمة,العمرة,قطعة أرض-سكنى,26,15572279,14645.36,1148.09114089944,1473.68,761.31
2024,3,الربع الثالث,20243,مكة المكرمة,جدة,البغدادية الغربية,قطعة أرض-سكنى,4,13280000,2773.32,NULL,NULL,NULL
2024,3,الربع الثالث,20243,مكة المكرمة,جدة,الثغر,قطعة أرض-سكنى,39,93163444.35,21056,4211.48950271771,5533.24,2442.53
2024,3,الربع الثالث,20243,مكة المكرمة,جدة,الجوهرة,قطعة أرض-سكنى,7,25515000,9193.06,1810.49735236524,1959.08,1707.32
2024,3,الربع الثالث,20243,مكة المكرمة,مكة المكرمة,الهجره,قطعة أرض-سكنى,3,8435070,2472.79,NULL,NULL,NULL
2024,3,الربع الثالث,20243,مكة المكرمة,مكة المكرمة,العتيبية,قطعة أرض-سكنى,3,51161342.92,846.23,NULL,NULL,NULL
2024,3,الربع الثالث,20243,مكة المكرمة,مكة المكرمة,العكيشية,قطعة أرض-سكنى,1,300000,450,NULL,NULL,NULL
2024,3,الربع الثالث,20243,مكة المكرمة,مكة المكرمة,الهنداوية,قطعة أرض-سكنى,6,33841869.28,1866.53,16768.5856604134,24644.2,1693.83
2024,3,الربع الثالث,20243,مكة المكرمة,مكة المكرمة,خارج حدود الاحياء,قطعة أرض-سكنى,7,345000,4083,80.5555555555556,83.33,75
2024,3,الربع الثالث,20243,مكة المكرمة,جدة,المحمدية,قطعة أرض-سكنى,35,123074577.95,20426.39,5433.61317619395,6300,4978.9
2024,3,الربع الثالث,20243,مكة المكرمة,جدة,المرجان,قطعة أرض-سكنى,16,41519744,8894.92,4982.40587923894,5818.18,4634.8
2024,3,الربع الثالث,20243,مكة المكرمة,جدة,المنار,قطعة أرض-سكنى,11,15142683,6799.5,2527.0831373634,2989.13,2153.85
2024,3,الربع الثالث,20243,مكة المكرمة,جدة,الساحل,قطعة أرض-سكنى,9,4072000,5313.06,770.619073538259,1017.82,568.7
2024,3,الربع الثالث,20243,مكة المكرمة,جدة,السبيل,قطعة أرض-سكنى,56,57577619.3,13291.07,3693.70732032526,5212.18,2795.32
2024,3,الربع الثالث,20243,مكة المكرمة,جدة,السروات,قطعة أرض-سكنى,2,8920000,10000,NULL,NULL,NULL
2024,3,الربع الثالث,20243,مكة المكرمة,جدة,السرورية,قطعة أرض-سكنى,11,20499600,15395.31,1384.52399202821,1500,1200
2024,3,الربع الثالث,20243,مكة المكرمة,جدة,الشراع,قطعة أرض-سكنى,440,197715238.47,286265.7,504.981230815807,613.43,433.33
2024,3,الربع الثالث,20243,مكة المكرمة,جدة,الربوه,قطعة أرض-سكنى,71,148664025.66,39435.794,4003.11112623557,5113.64,2906.9
2024,3,الربع الثالث,20243,مكة المكرمة,جدة,النزلة اليمانية,قطعة أرض-سكنى,73,103543971.3,42041.88,3286.59668733322,4667.05,2355.33
2024,3,الربع الثالث,20243,مكة المكرمة,جدة,النزهة,قطعة أرض-سكنى,51,107034615.94,30907.44,3643.26327626902,4384.62,2701.4
2024,3,الربع الثالث,20243,مكة المكرمة,جدة,النسيم,قطعة أرض-سكنى,6,20085000,3930.07,4407.3242489935,6147.12,3400
2024,3,الربع الثالث,20243,مكة المكرمة,جدة,الصالحية,قطعة أرض-سكنى,49,45092067.8,29907.68,1621.75942513031,1727.27,1444.44
2024,3,الربع الثالث,20243,مكة المكرمة,جدة,الصفا,قطعة أرض-سكنى,76,210027941.62,49974.99,4096.43850688777,4700,3502.4
2024,3,الربع الثالث,20243,مكة المكرمة,جدة,النور,قطعة أرض-سكنى,58,45639000,30053,1415.2428590233,1638.4,1259.45
2024,3,الربع الثالث,20243,مكة المكرمة,جدة,الصفوة,قطعة أرض-سكنى,139,83631000,97974.71,791.955052007697,929.8,679.17
2024,3,الربع الثالث,20243,مكة المكرمة,جدة,جوهرة ثول,قطعة أرض-سكنى,75,17465500,51467.5,345.453943885654,392.22,296.67
2024,3,الربع الثالث,20243,مكة المكرمة,جدة,غليل,قطعة أرض-سكنى,115,103245022.43,27816.485,3066.81066286225,4048.75,2295.24
2024,3,الربع الثالث,20243,مكة المكرمة,مكة المكرمة,الرصيفة,قطعة أرض-سكنى,21,37555287.7,14787.79,821.081914717718,2666.67,131.7
2024,3,الربع الثالث,20243,مكة المكرمة,مكة المكرمة,الروابي,قطعة أرض-سكنى,1,22000000,770,NULL,NULL,NULL
2024,3,الربع الثالث,20243,مكة المكرمة,مكة المكرمة,الروضة,قطعة أرض-سكنى,7,259500000,16161.41,13145.2031035829,15221.22,5954.51
2024,3,الربع الثالث,20243,مكة المكرمة,جدة,الغدير,قطعة أرض-سكنى,82,36180001,45488.13,925.672885841846,1013.82,805.56
2024,3,الربع الثالث,20243,مكة المكرمة,جدة,الفضيلة,قطعة أرض-سكنى,32,21859514.67,15334.95,1406.12059995366,1841.33,900
2024,3,الربع الثالث,20243,مكة المكرمة,جدة,الفنار,قطعة أرض-سكنى,89,73620122,50889.24,1606.03839305715,1871.05,1388.89
2024,3,الربع الثالث,20243,مكة المكرمة,جدة,القريات,قطعة أرض-سكنى,36,53330070.5,17834.18,2905.24838773579,5256.05,2164.95
2024,3,الربع الثالث,20243,مكة المكرمة,جدة,المروة,قطعة أرض-سكنى,23,60848361,13237.98,4264.53452915729,5000,3894.93
2024,3,الربع الثالث,20243,مكة المكرمة,جدة,المنتزهات,قطعة أرض-سكنى,1,1650000,525,NULL,NULL,NULL
2024,3,الربع الثالث,20243,مكة المكرمة,جدة,النجمة,قطعة أرض-سكنى,47,30942500,27841.16,1004.5228797882,1111.11,866.67
2024,3,الربع الثالث,20243,مكة المكرمة,جدة,الندى,قطعة أرض-سكنى,228,88385313,172151.36,522.185443582114,596.61,438.36
2024,3,الربع الثالث,20243,مكة المكرمة,جدة,المسرة,قطعة أرض-سكنى,242,85015500,217312.020000001,389.91561842787,569.2,111.12
2024,3,الربع الثالث,20243,مكة المكرمة,جدة,النخيل,قطعة أرض-سكنى,3,6475547.12,1936.01,NULL,NULL,NULL
2024,3,الربع الثالث,20243,مكة المكرمة,مكة المكرمة,الملك فهد,قطعة أرض-سكنى,4,2594000,2074.33,NULL,NULL,NULL
2024,3,الربع الثالث,20243,مكة المكرمة,مكة المكرمة,النزهة,قطعة أرض-سكنى,11,19818354,7226.4,2311.28370996699,2693.88,1737.88
2024,3,الربع الثالث,20243,مكة المكرمة,مكة المكرمة,الهجلة الجديد,قطعة أرض-سكنى,25,101760250,17781.78,1218.98923838372,1523.81,888.89
2024,3,الربع الثالث,20243,مكة المكرمة,جدة,الهدا,قطعة أرض-سكنى,13,15627393,5641.22,2373.094866805,3868.8,1408
2024,3,الربع الثالث,20243,مكة المكرمة,مكة المكرمة,ريع اذاخر,قطعة أرض-سكنى,4,3449000,1311.88,NULL,NULL,NULL
2024,3,الربع الثالث,20243,مكة المكرمة,مكة المكرمة,وادي جليل,قطعة أرض-سكنى,17,12465000,8227.727,1851.96703928155,2126.98,1570.31
2024,3,الربع الثالث,20243,مكة المكرمة,جدة,الوفاء,قطعة أرض-سكنى,102,79821490.77,60045.33,1217.17945369387,2711.11,833.33
2024,3,الربع الثالث,20243,مكة المكرمة,جدة,بلدة ذهبان,قطعة أرض-سكنى,212,103311323.78,141005.9946,659.097284277967,822.58,522.22
2024,3,الربع الثالث,20243,مكة المكرمة,جدة,مريخ,قطعة أرض-سكنى,8,17845000,5407.51,3465.2278177458,3478.26,3402.78
2024,3,الربع الثالث,20243,مكة المكرمة,جدة,مشرفة,قطعة أرض-سكنى,69,190123913.7,50982.767,3756.38397259463,4777.78,3013.71
2024,3,الربع الثالث,20243,مكة المكرمة,جدة,بلدة ثول,قطعة أرض-سكنى,2,951000,930,NULL,NULL,NULL
2024,3,الربع الثالث,20243,مكة المكرمة,مكة المكرمة,الزهراء,قطعة أرض-سكنى,4,3745001,1195.92,NULL,NULL,NULL
2024,3,الربع الثالث,20243,مكة المكرمة,مكة المكرمة,العوالي,قطعة أرض-سكنى,6,11868450,5486.65,2182.18056698196,2333.33,2019.44
2024,3,الربع الثالث,20243,مكة المكرمة,مكة المكرمة,التنعيم,قطعة أرض-سكنى,7,7365000,8054.14,928.745112065571,992.77,800
2024,3,الربع الثالث,20243,مكة المكرمة,مكة المكرمة,الحمراء,قطعة أرض-سكنى,2,710393,1373.91,NULL,NULL,NULL
2024,3,الربع الثالث,20243,مكة المكرمة,مكة المكرمة,الخالدية,قطعة أرض-سكنى,3,2700000,1336.36,NULL,NULL,NULL
2024,3,الربع الثالث,20243,مكة المكرمة,مكة المكرمة,بطحاء قريش  ,قطعة أرض-سكنى,14,28735000,12522.87,2515.17412091825,2759.87,2118.09
2024,3,الربع الثالث,20243,مكة المكرمة,مكة المكرمة,العدل,قطعة أرض-سكنى,6,5350000,3948.81,1781.25,2000,1125
2024,3,الربع الثالث,20243,مكة المكرمة,مكة المكرمة,النسيم,قطعة أرض-سكنى,5,26000000,3487.46,NULL,NULL,NULL
2024,3,الربع الثالث,20243,مكة المكرمة,مكة المكرمة,جبل النور,قطعة أرض-سكنى,9,22707113,30742.76,699.071061716454,1837.68,416.66
2024,3,الربع الثالث,20243,مكة المكرمة,مكة المكرمة,جرول,قطعة أرض-سكنى,1,4604712,90,NULL,NULL,NULL
2024,3,الربع الثالث,20243,مكة المكرمة,جدة,الأمواج,قطعة أرض-سكنى,13,16427500,6184,2680.39702233251,2749.09,2530.61
2024,3,الربع الثالث,20243,مكة المكرمة,جدة,الأمير فواز الجنوبى,قطعة أرض-سكنى,20,31074842.31,12548.66,2360.68077502327,5245.9,1477.78
2024,3,الربع الثالث,20243,مكة المكرمة,جدة,التعاون,قطعة أرض-سكنى,2,1695000,899.98,NULL,NULL,NULL
2024,3,الربع الثالث,20243,مكة المكرمة,جدة,الرويس,قطعة أرض-سكنى,6,43059989,6989.34,2763.55989164307,3587.44,2200.95
2024,3,الربع الثالث,20243,مكة المكرمة,جدة,الزهراء,قطعة أرض-سكنى,34,142747045.77,23618.721,5746.23004215577,8650.72,3570.59
2024,3,الربع الثالث,20243,مكة المكرمة,جدة,السليمانية,قطعة أرض-سكنى,5,11173806.26,3635.5,NULL,NULL,NULL
2024,3,الربع الثالث,20243,مكة المكرمة,جدة,العمارية,قطعة أرض-سكنى,12,23129309.75,3957.74,4246.29599282063,4636.41,2946.87
2024,3,الربع الثالث,20243,مكة المكرمة,جدة,المجد,قطعة أرض-سكنى,155,42467000,104428.54,429.208005019265,472.22,390.91
2024,3,الربع الثالث,20243,مكة المكرمة,جدة,النعيم,قطعة أرض-سكنى,21,54821768.05,11854.64,4655.88777885013,5760,2613.26
2024,3,الربع الثالث,20243,مكة المكرمة,جدة,الياقوت,قطعة أرض-سكنى,63,60647292.43,33709.45,1887.4417739428,2170.54,1746.03
2024,3,الربع الثالث,20243,مكة المكرمة,جدة,بترومين,قطعة أرض-سكنى,53,65762506.79,21024.21,3394.45629560275,4114.79,2672.03
2024,3,الربع الثالث,20243,مكة المكرمة,مكة المكرمة,الشهداء,قطعة أرض-سكنى,6,5675000,3900,1287.87878787879,1500,722.22
2024,3,الربع الثالث,20243,مكة المكرمة,مكة المكرمة,العزيزية,قطعة أرض-سكنى,19,57371267.95,12290.42,4020.23145604732,6401.64,2666.67
2024,3,الربع الثالث,20243,مكة المكرمة,مكة المكرمة,المعابده,قطعة أرض-سكنى,11,10429885,3364.92,1191.39322603891,1861.82,731.42
