Unnamed: 0,Unnamed: 1,Unnamed: 2,Unnamed: 3,Unnamed: 4,Unnamed: 5,Unnamed: 6,Unnamed: 7,Unnamed: 8,Unnamed: 9,Unnamed: 10,Unnamed: 11,Unnamed: 12,Unnamed: 13,Unnamed: 14,Unnamed: 15
,,,,,,,,,,,,,,,
,,,,,,,,,,,,,,,
,,,,,,,,,,,,,,,
,"جدول رقم  (20): قيم أصول الصناديق العامة مصنفة حسب نوع الاستثمار 
Table (20): Values of Public Funds Assets Classified by Type of Investment ",,,,,,,,,,,,,,
,,,,,,,,,,,,,,," (مليون ريال)
 (Million Riyals)"
نهاية الفترة,أسهم,أدوات دين,أسواق نقد,عقاري,قابض,متوازن,صناديق المؤشرات المتداولة  ,صناديق الاستثمار العقاري المتداولة  ,متعدد الأصول,الوقفي,مغذي,المغلقة المتداولة,سلع,أخرى,الإجمالي
End of Period,Equities,Debt Instruments,Money Markets,Real Estates,Fund of Funds,Balanced,ETFS,REITs,Multi-asset,Endowments,Feeder Fund,CEFs,Commodities,Others,Total
"النصف الأول عام 2013م
First half 2013",30022.34,640.93,63486.03,3082.49,2656.99,115.36,81.01,0,-,-,-,-,-,136.37,100221.52
"النصف الثاني عام 2013م
Second half 2013",34441.3,563.3,60945.8,4131.1,2797.9,130.5,58.66,0,-,-,-,-,-,111.3,103179.86
"النصف الأول عام 2014م
First half 2014",38002.35,503.75,69020.76,5044.83,2988.35,140.98,50.42,0,-,-,-,-,-,165.55,115916.99
"النصف الثاني عام 2014م
Second half 2014",35585.43,641.88,66381.63,4975.47,2837.21,124.57,55.93,0,-,-,-,-,-,108.7,110710.82
"النصف الأول عام  2015م
First half 2015",43831.32,806.52,67692.54,4497.87,2912.69,117.96,53.8,0,-,-,-,-,-,66.35,119979.05
"الربع الثالث عام  2015م
Third quarter 2015",35118.86,850.2,70117.43,4493.04,2749.41,97.05,45.36,0,-,-,-,-,-,51.33,113522.68
"الربع الرابع عام  2015م
Fourth quarter 2015",33011.56,831.31,61713.29,4430.51,2726.95,91.85,35.33,0,-,-,-,-,-,57.35,102898.15
"الربع الأول عام  2016م
First quarter 2016",26855.8594137,937.911917533,56344.7483812,4283.37755779,2596.63165049,86.39595835,32.69,0,-,-,-,-,-,56.0546144841,91193.6694936
"الربع الثاني عام  2016م
Second quarter 2016",26639.9895472,916.850421873,54607.7660884,4172.7140748,2566.39329894,85.875303115,35.37,0,-,-,-,-,-,185.486657848,89210.4453922
"الربع الثالث عام  2016م
Third quarter 2016",20407.8246678,983.771547016,53499.4938154,4042.41859592,2592.53554254,80.92483464,32.25920704,0,-,-,-,-,-,177.33408647,81816.5622968
"الربع الرابع عام  2016م
Fourth quarter 2016",22444.0138152,848.723063194,57497.5585625,3610.29819045,2584.8841472,82.499883725,36.47785031,555,-,-,-,-,-,176.161607771,87835.6171203
"الربع الأول عام  2017م
First quarter 2017",21886.8055835,819.84604701,74851.7304361,3318.3522928,2587.71852477,80.305695615,35.16994145,766.0,-,-,-,-,-,185.660909016,104531.58943
"الربع الثاني عام  2017م
Second quarter 2017",22269.3355525,823.227114098,79347.9258489,3207.63972957,2660.04658941,80.2774092875,37.10333161,1785.88,-,-,-,-,-,215.548104201,110426.983679
"الربع الثالث عام  2017م
Third quarter 2017",21609.35,808.66,80926.27,2899.47,2681.82,79.42,36.44985048,3391.7507135,-,-,-,-,-,219.77,112652.960564
"الربع الرابع عام  2017م
Fourth quarter 2017",20980.11,754.09,72651.53,8811.94,2887.65,75.91,36.02591353,3637.00916278,-,-,-,-,-,398.52,110232.785076
"الربع الأول عام  2018م
First quarter 2018",22270.2771881,675.070835627,75142.6499891,8631.7270483,3013.04063035,77.78835481,42.65819643,9836.17253737,-,-,-,-,-,395.223895345,120084.608675
"الربع الثاني عام  2018م
Second quarter 2018",22647.8042156,630.265327789,72949.7201679,8810.37093749,2957.12989725,78.22219997,44.98276168,10548.4911385,-,-,-,-,-,395.284043665,119062.27069
"الربع الثالث عام  2018م
Third quarter 2018",21725.2364826,568.362878219,69602.553251,8366.77006379,2887.08604028,73.2399592025,39.74283367,14209.7481749,-,-,-,-,-,382.355637646,117855.095321
"الربع الرابع عام  2018م
Fourth quarter 2018",20675.3807517,509.688704351,62443.9793205,8347.85378003,2899.64031636,71.8258197525,37.69173293,16449.8229882,-,-,-,-,-,425.764043673,111861.647457
"الربع الأول عام  2019م
First quarter 2019",22206.1771392,433.402439396,68153.1602651,8224.3519925,2789.39314242,75.53754437,47.2126767,17394.0682468,-,-,-,-,-,436.293337199,119759.596784
"الربع الثاني عام  2019م
Second quarter 2019",21697.5130698,1955.40681594,73461.4764254,8191.73245763,2778.32435146,76.09151384,46.74029171,17445.7320505,-,-,-,-,-,453.863988127,126106.880964
"الربع الثالث عام  2019م
Third quarter 2019",19941.9986787,1915.626,85426.69262,8128.6521033,2737.5293,68.46,45,18513.5845491,-,-,-,-,-,463.179757747,137240.723009
"الربع الرابع عام  2019م
Fourth quarter 2019",20667.51,1927.3,106796.6,7951.58,2837.25,62.49,42.021,19068.225,-,-,-,-,-,605.04,159958.016
"الربع الأول عام  2020م
First quarter 2020",16121.7518331,6294.13352245,120223.744641,7747.32599624,2690.28718228,44.75697742,1359.47018027,19604.2014676,399.481815963,235.237410285,22.4233995772,-,-,-,174742.814427
"الربع الثاني عام  2020م
Second quarter 2020",18239.7544306,8825.42275311,122352.257731,7848.28591471,2854.6068089,47.27539727,1555.96655828,19220.1670814,359.446561607,244.860676907,22.6422015055,-,13.32,-,181584.006115
"الربع الثالث عام  2020م
Third quarter 2020",20185.5023159,13017.6733209,129202.897331,7764.18265267,2171.83447491,50.19196577,1556.18484388,20593.4572797,1220.28849715,270.510459238,22.8555849994,-,14.979011025,-,196070.557737
"الربع الرابع عام  2020م
Fourth quarter 2020",21220.7,17368.13,136415.35,7544.89,2236.2,53.4,1609,21645,1268,325,23,-,15.65,-,209724.32
"الربع الأول عام  2021م
First quarter 2021",23505.60738,20720.5554806,152735.72125,7427.15859401,2407.73964502,50.21591814,1623.70524803,22146.6552915,1335.7298191,370.614956812,23.21905838,469.977932875,14.03907765,-,232830.939652
"الربع الثاني عام  2021م
Second quarter 2021",25186.4008081,25579.7515875,155190.545053,7176.40539784,2835.47753864,57.63687357,1637.84890988,21526.8744463,1499.9378262,393.181421447,23.043180915,518.435651257,14.238507075,-,241639.777202
