المنطقة,المدينة,نوع القطاع,نوع الخدمة,التاريخ ميلادي,الرقم المرجعي للوكالة
الخدمات الرقمية,عام,القطاع العام,خدمة إلكترونية,2025/01/01,37333018
الخدمات الرقمية,عام,القطاع العام,خدمة إلكترونية,2025/01/01,37333371
الخدمات الرقمية,عام,القطاع العام,خدمة إلكترونية جزئيا,2025/01/01,37333532
منطقة الرياض,الرياض,القطاع العام,خدمة إلكترونية جزئيا,2025/01/01,37335353
منطقة مكة المكرمه,جده,القطاع العام,خدمة إلكترونية جزئيا,2025/01/01,37335883
الخدمات الرقمية,عام,القطاع العام,خدمة إلكترونية جزئيا,2025/01/01,37335904
الخدمات الرقمية,عام,القطاع العام,خدمة إلكترونية جزئيا,2025/01/01,37336129
منطقة الرياض,الرياض,القطاع العام,خدمة إلكترونية جزئيا,2025/01/01,37336519
الخدمات الرقمية,عام,القطاع العام,خدمة إلكترونية,2025/01/01,37337049
الخدمات الرقمية,عام,القطاع العام,خدمة إلكترونية,2025/01/01,37339890
الخدمات الرقمية,عام,القطاع العام,خدمة إلكترونية,2025/01/01,37342995
الخدمات الرقمية,عام,القطاع العام,خدمة إلكترونية,2025/01/01,37343276
الخدمات الرقمية,عام,القطاع العام,خدمة إلكترونية,2025/01/01,37343364
الخدمات الرقمية,عام,القطاع العام,خدمة إلكترونية,2025/01/01,37344274
الخدمات الرقمية,عام,القطاع العام,خدمة إلكترونية,2025/01/01,37344279
الخدمات الرقمية,عام,القطاع العام,خدمة إلكترونية,2025/01/01,37344304
الخدمات الرقمية,عام,القطاع العام,خدمة إلكترونية,2025/01/01,37345388
الخدمات الرقمية,كتابة عدل مدمجة - افتراضية,القطاع العام,خدمة إلكترونية جزئيا,2025/01/01,37347761
الخدمات الرقمية,عام,القطاع العام,خدمة إلكترونية,2025/01/01,37348489
الخدمات الرقمية,عام,القطاع العام,خدمة إلكترونية,2025/01/01,37351038
منطقة مكة المكرمه,جده,القطاع الخاص,خدمة إلكترونية جزئيا,2025/01/01,37341734
منطقة الرياض,الرياض,القطاع الخاص,خدمة إلكترونية جزئيا,2025/01/01,37339354
الخدمات الرقمية,عام,القطاع العام,خدمة إلكترونية,2025/01/02,37352207
الخدمات الرقمية,عام,القطاع العام,خدمة إلكترونية,2025/01/02,37354261
الخدمات الرقمية,كتابة عدل مدمجة - افتراضية,القطاع العام,خدمة إلكترونية جزئيا,2025/01/02,37354330
منطقة الرياض,الرياض,القطاع العام,خدمة إلكترونية جزئيا,2025/01/02,37355274
الخدمات الرقمية,عام,القطاع العام,خدمة إلكترونية,2025/01/02,37356747
الخدمات الرقمية,عام,القطاع العام,خدمة إلكترونية,2025/01/02,37357605
منطقة الرياض,الرياض,القطاع الخاص,خدمة إلكترونية جزئيا,2025/01/02,37360251
الخدمات الرقمية,عام,القطاع العام,خدمة إلكترونية,2025/01/02,37363357
الخدمات الرقمية,عام,القطاع العام,خدمة إلكترونية,2025/01/02,37363366
الخدمات الرقمية,عام,القطاع العام,خدمة إلكترونية,2025/01/02,37363448
الخدمات الرقمية,عام,القطاع العام,خدمة إلكترونية,2025/01/02,37363535
الخدمات الرقمية,عام,القطاع العام,خدمة إلكترونية,2025/01/02,37364547
الخدمات الرقمية,عام,القطاع العام,خدمة إلكترونية,2025/01/02,37364792
الخدمات الرقمية,عام,القطاع العام,خدمة إلكترونية,2025/01/02,37364929
منطقة الرياض,الرياض,القطاع الخاص,خدمة إلكترونية جزئيا,2025/01/02,37354491
الخدمات الرقمية,عام,القطاع العام,خدمة إلكترونية,2025/01/03,37367364
الخدمات الرقمية,عام,القطاع العام,خدمة إلكترونية,2025/01/03,37369309
الخدمات الرقمية,عام,القطاع العام,خدمة إلكترونية,2025/01/03,37370172
الخدمات الرقمية,عام,القطاع العام,خدمة إلكترونية,2025/01/03,37370296
الخدمات الرقمية,عام,القطاع العام,خدمة إلكترونية,2025/01/03,37371204
الخدمات الرقمية,عام,القطاع العام,خدمة إلكترونية,2025/01/03,37371350
الخدمات الرقمية,عام,القطاع العام,خدمة إلكترونية,2025/01/04,37372991
الخدمات الرقمية,عام,القطاع العام,خدمة إلكترونية,2025/01/04,37374344
الخدمات الرقمية,عام,القطاع العام,خدمة إلكترونية,2025/01/04,37374415
الخدمات الرقمية,عام,القطاع العام,خدمة إلكترونية,2025/01/04,37375251
الخدمات الرقمية,عام,القطاع العام,خدمة إلكترونية,2025/01/04,37376231
الخدمات الرقمية,عام,القطاع العام,خدمة إلكترونية,2025/01/04,37381431
منطقة مكة المكرمه,جده,القطاع الخاص,خدمة إلكترونية جزئيا,2025/01/04,37375986
الخدمات الرقمية,عام,القطاع العام,خدمة إلكترونية,2025/01/05,37383481
منطقة الرياض,الرياض,القطاع العام,خدمة إلكترونية جزئيا,2025/01/05,37384240
الخدمات الرقمية,عام,القطاع العام,خدمة إلكترونية,2025/01/05,37384285
الخدمات الرقمية,عام,القطاع العام,خدمة إلكترونية,2025/01/05,37384426
الخدمات الرقمية,عام,القطاع العام,خدمة إلكترونية,2025/01/05,37385585
الخدمات الرقمية,عام,القطاع العام,خدمة إلكترونية,2025/01/05,37386770
الخدمات الرقمية,عام,القطاع العام,خدمة إلكترونية,2025/01/05,37389276
الخدمات الرقمية,عام,القطاع العام,خدمة إلكترونية,2025/01/05,37389703
الخدمات الرقمية,عام,القطاع العام,خدمة إلكترونية,2025/01/05,37391123
الخدمات الرقمية,عام,القطاع العام,خدمة إلكترونية,2025/01/05,37391234
الخدمات الرقمية,عام,القطاع العام,خدمة إلكترونية,2025/01/05,37391447
الخدمات الرقمية,عام,القطاع العام,خدمة إلكترونية,2025/01/05,37391575
الخدمات الرقمية,عام,القطاع العام,خدمة إلكترونية,2025/01/05,37392521
الخدمات الرقمية,عام,القطاع العام,خدمة إلكترونية,2025/01/05,37394253
الخدمات الرقمية,عام,القطاع العام,خدمة إلكترونية,2025/01/05,37394289
الخدمات الرقمية,عام,القطاع العام,خدمة إلكترونية,2025/01/05,37394473
الخدمات الرقمية,عام,القطاع العام,خدمة إلكترونية,2025/01/05,37399120
الخدمات الرقمية,عام,القطاع العام,خدمة إلكترونية,2025/01/05,37399246
الخدمات الرقمية,عام,القطاع العام,خدمة إلكترونية,2025/01/05,37400047
الخدمات الرقمية,عام,القطاع العام,خدمة إلكترونية,2025/01/05,37400755
الخدمات الرقمية,عام,القطاع العام,خدمة إلكترونية,2025/01/05,37401421
الخدمات الرقمية,عام,القطاع العام,خدمة إلكترونية,2025/01/06,37403566
الخدمات الرقمية,عام,القطاع العام,خدمة إلكترونية,2025/01/06,37403781
الخدمات الرقمية,عام,القطاع العام,خدمة إلكترونية,2025/01/06,37403792
الخدمات الرقمية,عام,القطاع العام,خدمة إلكترونية,2025/01/06,37404191
الخدمات الرقمية,عام,القطاع العام,خدمة إلكترونية,2025/01/06,37404716
منطقة الرياض,الرياض,القطاع العام,خدمة إلكترونية جزئيا,2025/01/06,37404909
الخدمات الرقمية,عام,القطاع العام,خدمة إلكترونية,2025/01/06,37407110
الخدمات الرقمية,كتابة عدل مدمجة - افتراضية,القطاع العام,خدمة إلكترونية جزئيا,2025/01/06,37408860
الخدمات الرقمية,كتابة عدل مدمجة - افتراضية,القطاع العام,خدمة إلكترونية جزئيا,2025/01/06,37409329
الخدمات الرقمية,كتابة عدل مدمجة - افتراضية,القطاع العام,خدمة إلكترونية جزئيا,2025/01/06,37413507
الخدمات الرقمية,عام,القطاع العام,خدمة إلكترونية,2025/01/06,37413956
الخدمات الرقمية,عام,القطاع العام,خدمة إلكترونية,2025/01/06,37414541
الخدمات الرقمية,عام,القطاع العام,خدمة إلكترونية,2025/01/06,37414611
الخدمات الرقمية,عام,القطاع العام,خدمة إلكترونية,2025/01/06,37416406
الخدمات الرقمية,عام,القطاع العام,خدمة إلكترونية,2025/01/06,37418159
الخدمات الرقمية,عام,القطاع العام,خدمة إلكترونية,2025/01/06,37418976
الخدمات الرقمية,عام,القطاع العام,خدمة إلكترونية,2025/01/06,37419301
الخدمات الرقمية,عام,القطاع العام,خدمة إلكترونية,2025/01/06,37419877
الخدمات الرقمية,عام,القطاع العام,خدمة إلكترونية,2025/01/06,37421125
الخدمات الرقمية,عام,القطاع العام,خدمة إلكترونية,2025/01/07,37421274
الخدمات الرقمية,عام,القطاع العام,خدمة إلكترونية,2025/01/07,37423095
منطقة الرياض,الرياض,القطاع العام,خدمة إلكترونية جزئيا,2025/01/07,37423330
الخدمات الرقمية,عام,القطاع العام,خدمة إلكترونية,2025/01/07,37424983
الخدمات الرقمية,عام,القطاع العام,خدمة إلكترونية,2025/01/07,37425290
الخدمات الرقمية,عام,القطاع العام,خدمة إلكترونية,2025/01/07,37425652
منطقة الرياض,الرياض,القطاع العام,خدمة إلكترونية جزئيا,2025/01/07,37426960
الخدمات الرقمية,كتابة عدل مدمجة - افتراضية,القطاع العام,خدمة إلكترونية جزئيا,2025/01/07,37428917
الخدمات الرقمية,عام,القطاع العام,خدمة إلكترونية,2025/01/07,37428980
الخدمات الرقمية,كتابة عدل مدمجة - افتراضية,القطاع العام,خدمة إلكترونية جزئيا,2025/01/07,37429115
الخدمات الرقمية,عام,القطاع العام,خدمة إلكترونية,2025/01/07,37430519
الخدمات الرقمية,عام,القطاع العام,خدمة إلكترونية,2025/01/07,37431774
الخدمات الرقمية,عام,القطاع العام,خدمة إلكترونية,2025/01/07,37435455
الخدمات الرقمية,عام,القطاع العام,خدمة إلكترونية,2025/01/08,37441090
الخدمات الرقمية,عام,القطاع العام,خدمة إلكترونية,2025/01/08,37441573
الخدمات الرقمية,عام,القطاع العام,خدمة إلكترونية,2025/01/08,37441668
الخدمات الرقمية,عام,القطاع العام,خدمة إلكترونية,2025/01/08,37442359
الخدمات الرقمية,عام,القطاع العام,خدمة إلكترونية,2025/01/08,37442522
الخدمات الرقمية,عام,القطاع العام,خدمة إلكترونية,2025/01/08,37442663
الخدمات الرقمية,عام,القطاع العام,خدمة إلكترونية,2025/01/08,37442716
الخدمات الرقمية,عام,القطاع العام,خدمة إلكترونية,2025/01/08,37442877
الخدمات الرقمية,عام,القطاع العام,خدمة إلكترونية,2025/01/08,37444582
الخدمات الرقمية,كتابة عدل مدمجة - افتراضية,القطاع العام,خدمة إلكترونية جزئيا,2025/01/08,37447719
الخدمات الرقمية,عام,القطاع العام,خدمة إلكترونية,2025/01/08,37447757
الخدمات الرقمية,عام,القطاع العام,خدمة إلكترونية,2025/01/08,37448844
الخدمات الرقمية,عام,القطاع العام,خدمة إلكترونية,2025/01/08,37449060
الخدمات الرقمية,عام,القطاع العام,خدمة إلكترونية,2025/01/08,37450353
الخدمات الرقمية,عام,القطاع العام,خدمة إلكترونية,2025/01/08,37450433
الخدمات الرقمية,عام,القطاع العام,خدمة إلكترونية,2025/01/08,37450525
الخدمات الرقمية,عام,القطاع العام,خدمة إلكترونية,2025/01/08,37450820
الخدمات الرقمية,عام,القطاع العام,خدمة إلكترونية,2025/01/08,37450953
الخدمات الرقمية,عام,القطاع العام,خدمة إلكترونية,2025/01/08,37451165
الخدمات الرقمية,عام,القطاع العام,خدمة إلكترونية,2025/01/08,37455682
الخدمات الرقمية,عام,القطاع العام,خدمة إلكترونية,2025/01/09,37458596
الخدمات الرقمية,عام,القطاع العام,خدمة إلكترونية,2025/01/09,37459672
الخدمات الرقمية,عام,القطاع العام,خدمة إلكترونية,2025/01/09,37460445
الخدمات الرقمية,عام,القطاع العام,خدمة إلكترونية,2025/01/09,37460979
منطقة الرياض,الرياض,القطاع العام,خدمة إلكترونية جزئيا,2025/01/09,37461237
الخدمات الرقمية,كتابة عدل مدمجة - افتراضية,القطاع العام,خدمة إلكترونية جزئيا,2025/01/09,37466310
الخدمات الرقمية,عام,القطاع العام,خدمة إلكترونية,2025/01/09,37466898
الخدمات الرقمية,عام,القطاع العام,خدمة إلكترونية,2025/01/09,37470099
الخدمات الرقمية,عام,القطاع العام,خدمة إلكترونية,2025/01/10,37473285
الخدمات الرقمية,عام,القطاع العام,خدمة إلكترونية,2025/01/10,37473504
الخدمات الرقمية,عام,القطاع العام,خدمة إلكترونية,2025/01/10,37475595
الخدمات الرقمية,عام,القطاع العام,خدمة إلكترونية,2025/01/10,37475672
الخدمات الرقمية,عام,القطاع العام,خدمة إلكترونية,2025/01/10,37475831
الخدمات الرقمية,عام,القطاع العام,خدمة إلكترونية,2025/01/10,37476986
الخدمات الرقمية,عام,القطاع العام,خدمة إلكترونية,2025/01/11,37477500
الخدمات الرقمية,عام,القطاع العام,خدمة إلكترونية,2025/01/11,37479742
الخدمات الرقمية,عام,القطاع العام,خدمة إلكترونية,2025/01/11,37480792
الخدمات الرقمية,عام,القطاع العام,خدمة إلكترونية,2025/01/11,37481715
الخدمات الرقمية,عام,القطاع العام,خدمة إلكترونية,2025/01/12,37488770
منطقة الرياض,الرياض,القطاع العام,خدمة إلكترونية جزئيا,2025/01/12,37492432
الخدمات الرقمية,عام,القطاع العام,خدمة إلكترونية,2025/01/12,37492806
الخدمات الرقمية,عام,القطاع العام,خدمة إلكترونية جزئيا,2025/01/12,37493355
الخدمات الرقمية,عام,القطاع العام,خدمة إلكترونية,2025/01/12,37493718
الخدمات الرقمية,عام,القطاع العام,خدمة إلكترونية,2025/01/12,37493760
الخدمات الرقمية,عام,القطاع العام,خدمة إلكترونية جزئيا,2025/01/12,37494458
منطقة مكة المكرمه,جده,القطاع العام,خدمة إلكترونية جزئيا,2025/01/12,37495980
الخدمات الرقمية,عام,القطاع العام,خدمة إلكترونية,2025/01/12,37497583
الخدمات الرقمية,عام,القطاع العام,خدمة إلكترونية,2025/01/12,37498224
الخدمات الرقمية,عام,القطاع العام,خدمة إلكترونية,2025/01/12,37501126
الخدمات الرقمية,عام,القطاع العام,خدمة إلكترونية,2025/01/12,37501209
الخدمات الرقمية,عام,القطاع العام,خدمة إلكترونية,2025/01/12,37502370
الخدمات الرقمية,عام,القطاع العام,خدمة إلكترونية,2025/01/12,37505667
الخدمات الرقمية,عام,القطاع العام,خدمة إلكترونية,2025/01/12,37505821
الخدمات الرقمية,عام,القطاع العام,خدمة إلكترونية,2025/01/13,37511103
الخدمات الرقمية,عام,القطاع العام,خدمة إلكترونية جزئيا,2025/01/13,37511555
الخدمات الرقمية,عام,القطاع العام,خدمة إلكترونية,2025/01/13,37512466
الخدمات الرقمية,عام,القطاع العام,خدمة إلكترونية,2025/01/13,37513998
الخدمات الرقمية,عام,القطاع العام,خدمة إلكترونية,2025/01/13,37514520
الخدمات الرقمية,عام,القطاع العام,خدمة إلكترونية,2025/01/13,37516549
الخدمات الرقمية,عام,القطاع العام,خدمة إلكترونية,2025/01/13,37521737
الخدمات الرقمية,كتابة عدل مدمجة - افتراضية,القطاع العام,خدمة إلكترونية جزئيا,2025/01/13,37522536
الخدمات الرقمية,عام,القطاع العام,خدمة إلكترونية,2025/01/13,37522649
الخدمات الرقمية,عام,القطاع العام,خدمة إلكترونية,2025/01/13,37523911
الخدمات الرقمية,عام,القطاع العام,خدمة إلكترونية,2025/01/13,37525891
الخدمات الرقمية,عام,القطاع العام,خدمة إلكترونية,2025/01/13,37526012
الخدمات الرقمية,عام,القطاع العام,خدمة إلكترونية,2025/01/13,37528291
الخدمات الرقمية,عام,القطاع العام,خدمة إلكترونية,2025/01/13,37529265
منطقة الرياض,الرياض,القطاع العام,خدمة إلكترونية جزئيا,2025/01/13,37527451
الخدمات الرقمية,عام,القطاع العام,خدمة إلكترونية,2025/01/14,37549820
الخدمات الرقمية,عام,القطاع العام,خدمة إلكترونية,2025/01/14,37537655
الخدمات الرقمية,عام,القطاع العام,خدمة إلكترونية,2025/01/14,37537725
الخدمات الرقمية,عام,القطاع العام,خدمة إلكترونية,2025/01/14,37540917
الخدمات الرقمية,عام,القطاع العام,خدمة إلكترونية,2025/01/14,37545302
الخدمات الرقمية,عام,القطاع العام,خدمة إلكترونية,2025/01/14,37546616
الخدمات الرقمية,عام,القطاع العام,خدمة إلكترونية,2025/01/14,37548678
الخدمات الرقمية,عام,القطاع العام,خدمة إلكترونية,2025/01/14,37552096
الخدمات الرقمية,عام,القطاع العام,خدمة إلكترونية,2025/01/14,37552563
الخدمات الرقمية,عام,القطاع العام,خدمة إلكترونية,2025/01/14,37552749
الخدمات الرقمية,عام,القطاع العام,خدمة إلكترونية,2025/01/15,37570767
الخدمات الرقمية,عام,القطاع العام,خدمة إلكترونية,2025/01/15,37553496
الخدمات الرقمية,كتابة عدل مدمجة - افتراضية,القطاع العام,خدمة إلكترونية جزئيا,2025/01/15,37555504
منطقة الشرقية,الدمام,القطاع العام,خدمة إلكترونية جزئيا,2025/01/15,37555537
الخدمات الرقمية,عام,القطاع العام,خدمة إلكترونية,2025/01/15,37556797
الخدمات الرقمية,عام,القطاع العام,خدمة إلكترونية,2025/01/15,37557198
منطقة الرياض,الرياض,القطاع العام,خدمة إلكترونية جزئيا,2025/01/15,37559351
الخدمات الرقمية,كتابة عدل مدمجة - افتراضية,القطاع العام,خدمة إلكترونية جزئيا,2025/01/15,37561225
الخدمات الرقمية,عام,القطاع العام,خدمة إلكترونية,2025/01/15,37561426
الخدمات الرقمية,عام,القطاع العام,خدمة إلكترونية,2025/01/15,37561762
الخدمات الرقمية,كتابة عدل مدمجة - افتراضية,القطاع العام,خدمة إلكترونية جزئيا,2025/01/15,37562084
الخدمات الرقمية,كتابة عدل مدمجة - افتراضية,القطاع العام,خدمة إلكترونية جزئيا,2025/01/15,37562240
الخدمات الرقمية,عام,القطاع العام,خدمة إلكترونية,2025/01/15,37562408
منطقة الرياض,الرياض,القطاع الخاص,خدمة إلكترونية جزئيا,2025/01/15,37572421
الخدمات الرقمية,عام,القطاع العام,خدمة إلكترونية,2025/01/15,37573790
الخدمات الرقمية,عام,القطاع العام,خدمة إلكترونية,2025/01/16,37575639
الخدمات الرقمية,عام,القطاع العام,خدمة إلكترونية,2025/01/16,37575821
الخدمات الرقمية,عام,القطاع العام,خدمة إلكترونية,2025/01/16,37579118
منطقة الرياض,الرياض,القطاع العام,خدمة إلكترونية جزئيا,2025/01/16,37579564
الخدمات الرقمية,عام,القطاع العام,خدمة إلكترونية,2025/01/16,37580275
الخدمات الرقمية,عام,القطاع العام,خدمة إلكترونية,2025/01/16,37584958
الخدمات الرقمية,عام,القطاع العام,خدمة إلكترونية,2025/01/16,37585558
الخدمات الرقمية,عام,القطاع العام,خدمة إلكترونية,2025/01/16,37586629
الخدمات الرقمية,عام,القطاع العام,خدمة إلكترونية,2025/01/16,37586871
الخدمات الرقمية,عام,القطاع العام,خدمة إلكترونية,2025/01/16,37587184
الخدمات الرقمية,عام,القطاع العام,خدمة إلكترونية,2025/01/16,37587277
الخدمات الرقمية,عام,القطاع العام,خدمة إلكترونية,2025/01/16,37588041
الخدمات الرقمية,عام,القطاع العام,خدمة إلكترونية,2025/01/17,37589646
الخدمات الرقمية,عام,القطاع العام,خدمة إلكترونية,2025/01/17,37589948
الخدمات الرقمية,عام,القطاع العام,خدمة إلكترونية,2025/01/17,37589949
الخدمات الرقمية,عام,القطاع العام,خدمة إلكترونية,2025/01/17,37589953
الخدمات الرقمية,عام,القطاع العام,خدمة إلكترونية,2025/01/17,37589963
الخدمات الرقمية,عام,القطاع العام,خدمة إلكترونية,2025/01/17,37589964
الخدمات الرقمية,عام,القطاع العام,خدمة إلكترونية,2025/01/17,37589966
الخدمات الرقمية,عام,القطاع العام,خدمة إلكترونية,2025/01/17,37589967
الخدمات الرقمية,عام,القطاع العام,خدمة إلكترونية,2025/01/17,37589968
الخدمات الرقمية,عام,القطاع العام,خدمة إلكترونية,2025/01/17,37589969
الخدمات الرقمية,عام,القطاع العام,خدمة إلكترونية,2025/01/17,37589996
الخدمات الرقمية,عام,القطاع العام,خدمة إلكترونية,2025/01/17,37590009
الخدمات الرقمية,عام,القطاع العام,خدمة إلكترونية,2025/01/17,37590011
الخدمات الرقمية,عام,القطاع العام,خدمة إلكترونية,2025/01/17,37590013
الخدمات الرقمية,عام,القطاع العام,خدمة إلكترونية,2025/01/17,37590305
الخدمات الرقمية,عام,القطاع العام,خدمة إلكترونية,2025/01/17,37590651
الخدمات الرقمية,عام,القطاع العام,خدمة إلكترونية,2025/01/17,37590987
الخدمات الرقمية,عام,القطاع العام,خدمة إلكترونية,2025/01/17,37591159
الخدمات الرقمية,عام,القطاع العام,خدمة إلكترونية,2025/01/17,37595851
الخدمات الرقمية,عام,القطاع العام,خدمة إلكترونية,2025/01/17,37596673
الخدمات الرقمية,عام,القطاع العام,خدمة إلكترونية,2025/01/17,37597270
الخدمات الرقمية,عام,القطاع العام,خدمة إلكترونية,2025/01/18,37600017
الخدمات الرقمية,عام,القطاع العام,خدمة إلكترونية,2025/01/18,37600375
الخدمات الرقمية,عام,القطاع العام,خدمة إلكترونية,2025/01/18,37601526
الخدمات الرقمية,عام,القطاع العام,خدمة إلكترونية,2025/01/18,37607703
الخدمات الرقمية,عام,القطاع العام,خدمة إلكترونية,2025/01/18,37608979
الخدمات الرقمية,عام,القطاع العام,خدمة إلكترونية جزئيا,2025/01/19,37609515
الخدمات الرقمية,عام,القطاع العام,خدمة إلكترونية,2025/01/19,37611553
منطقة الرياض,الرياض,القطاع العام,خدمة إلكترونية جزئيا,2025/01/19,37611761
الخدمات الرقمية,عام,القطاع العام,خدمة إلكترونية,2025/01/19,37617291
الخدمات الرقمية,عام,القطاع العام,خدمة إلكترونية,2025/01/19,37617802
الخدمات الرقمية,عام,القطاع العام,خدمة إلكترونية,2025/01/19,37620399
الخدمات الرقمية,كتابة عدل مدمجة - افتراضية,القطاع العام,خدمة إلكترونية جزئيا,2025/01/19,37620559
الخدمات الرقمية,عام,القطاع العام,خدمة إلكترونية,2025/01/19,37621171
الخدمات الرقمية,عام,القطاع العام,خدمة إلكترونية,2025/01/19,37621302
الخدمات الرقمية,عام,القطاع العام,خدمة إلكترونية,2025/01/19,37622569
الخدمات الرقمية,عام,القطاع العام,خدمة إلكترونية,2025/01/19,37624082
الخدمات الرقمية,عام,القطاع العام,خدمة إلكترونية,2025/01/19,37626618
الخدمات الرقمية,عام,القطاع العام,خدمة إلكترونية,2025/01/19,37628363
الخدمات الرقمية,عام,القطاع العام,خدمة إلكترونية,2025/01/19,37630583
الخدمات الرقمية,عام,القطاع العام,خدمة إلكترونية,2025/01/19,37630826
الخدمات الرقمية,عام,القطاع العام,خدمة إلكترونية,2025/01/20,37631910
الخدمات الرقمية,عام,القطاع العام,خدمة إلكترونية,2025/01/20,37632609
الخدمات الرقمية,كتابة عدل مدمجة - افتراضية,القطاع العام,خدمة إلكترونية جزئيا,2025/01/20,37633745
الخدمات الرقمية,عام,القطاع العام,خدمة إلكترونية,2025/01/20,37633895
الخدمات الرقمية,عام,القطاع العام,خدمة إلكترونية,2025/01/20,37633919
منطقة الرياض,الرياض,القطاع العام,خدمة إلكترونية جزئيا,2025/01/20,37633931
الخدمات الرقمية,عام,القطاع العام,خدمة إلكترونية جزئيا,2025/01/20,37634370
الخدمات الرقمية,عام,القطاع العام,خدمة إلكترونية,2025/01/20,37636031
الخدمات الرقمية,عام,القطاع العام,خدمة إلكترونية,2025/01/20,37636107
الخدمات الرقمية,عام,القطاع العام,خدمة إلكترونية,2025/01/20,37636259
منطقة مكة المكرمه,جده,القطاع العام,خدمة إلكترونية جزئيا,2025/01/20,37636953
الخدمات الرقمية,عام,القطاع العام,خدمة إلكترونية,2025/01/20,37638311
الخدمات الرقمية,عام,القطاع العام,خدمة إلكترونية,2025/01/20,37639015
الخدمات الرقمية,عام,القطاع العام,خدمة إلكترونية,2025/01/20,37641001
الخدمات الرقمية,عام,القطاع العام,خدمة إلكترونية,2025/01/20,37643705
الخدمات الرقمية,عام,القطاع العام,خدمة إلكترونية,2025/01/20,37644479
الخدمات الرقمية,عام,القطاع العام,خدمة إلكترونية,2025/01/20,37650329
الخدمات الرقمية,عام,القطاع العام,خدمة إلكترونية,2025/01/20,37650366
الخدمات الرقمية,عام,القطاع العام,خدمة إلكترونية,2025/01/20,37652630
الخدمات الرقمية,عام,القطاع العام,خدمة إلكترونية,2025/01/21,37655470
الخدمات الرقمية,عام,القطاع العام,خدمة إلكترونية,2025/01/21,37658252
الخدمات الرقمية,عام,القطاع العام,خدمة إلكترونية جزئيا,2025/01/21,37659944
الخدمات الرقمية,عام,القطاع العام,خدمة إلكترونية,2025/01/21,37659955
الخدمات الرقمية,عام,القطاع العام,خدمة إلكترونية,2025/01/21,37660845
الخدمات الرقمية,عام,القطاع العام,خدمة إلكترونية,2025/01/21,37660966
الخدمات الرقمية,عام,القطاع العام,خدمة إلكترونية,2025/01/21,37661058
الخدمات الرقمية,عام,القطاع العام,خدمة إلكترونية,2025/01/21,37661528
الخدمات الرقمية,عام,القطاع العام,خدمة إلكترونية,2025/01/21,37662106
الخدمات الرقمية,عام,القطاع العام,خدمة إلكترونية,2025/01/21,37662553
الخدمات الرقمية,عام,القطاع العام,خدمة إلكترونية,2025/01/21,37662713
الخدمات الرقمية,عام,القطاع العام,خدمة إلكترونية,2025/01/21,37663002
الخدمات الرقمية,عام,القطاع العام,خدمة إلكترونية,2025/01/21,37663762
الخدمات الرقمية,عام,القطاع العام,خدمة إلكترونية,2025/01/21,37669826
الخدمات الرقمية,عام,القطاع العام,خدمة إلكترونية,2025/01/21,37671499
الخدمات الرقمية,عام,القطاع العام,خدمة إلكترونية,2025/01/21,37671747
الخدمات الرقمية,عام,القطاع العام,خدمة إلكترونية,2025/01/21,37672879
الخدمات الرقمية,عام,القطاع العام,خدمة إلكترونية,2025/01/21,37674126
الخدمات الرقمية,عام,القطاع العام,خدمة إلكترونية,2025/01/22,37675592
منطقة الرياض,الرياض,القطاع العام,خدمة إلكترونية جزئيا,2025/01/22,37678324
الخدمات الرقمية,عام,القطاع العام,خدمة إلكترونية,2025/01/22,37678425
منطقة الرياض,الرياض,القطاع العام,خدمة إلكترونية جزئيا,2025/01/22,37679017
الخدمات الرقمية,عام,القطاع العام,خدمة إلكترونية,2025/01/22,37679801
الخدمات الرقمية,عام,القطاع العام,خدمة إلكترونية,2025/01/22,37680265
الخدمات الرقمية,عام,القطاع العام,خدمة إلكترونية,2025/01/22,37680953
الخدمات الرقمية,عام,القطاع العام,خدمة إلكترونية,2025/01/22,37681534
الخدمات الرقمية,عام,القطاع العام,خدمة إلكترونية,2025/01/22,37681677
الخدمات الرقمية,عام,القطاع العام,خدمة إلكترونية,2025/01/22,37683205
الخدمات الرقمية,عام,القطاع العام,خدمة إلكترونية جزئيا,2025/01/22,37683340
الخدمات الرقمية,عام,القطاع العام,خدمة إلكترونية جزئيا,2025/01/22,37684463
الخدمات الرقمية,عام,القطاع العام,خدمة إلكترونية,2025/01/22,37685031
الخدمات الرقمية,عام,القطاع العام,خدمة إلكترونية,2025/01/22,37685228
الخدمات الرقمية,عام,القطاع العام,خدمة إلكترونية,2025/01/22,37692715
الخدمات الرقمية,عام,القطاع العام,خدمة إلكترونية,2025/01/22,37692942
الخدمات الرقمية,عام,القطاع العام,خدمة إلكترونية,2025/01/23,37697260
الخدمات الرقمية,عام,القطاع العام,خدمة إلكترونية,2025/01/23,37697836
الخدمات الرقمية,كتابة عدل مدمجة - افتراضية,القطاع العام,خدمة إلكترونية جزئيا,2025/01/23,37697904
منطقة الرياض,الرياض,القطاع العام,خدمة إلكترونية جزئيا,2025/01/23,37697927
الخدمات الرقمية,عام,القطاع العام,خدمة إلكترونية,2025/01/23,37698534
الخدمات الرقمية,عام,القطاع العام,خدمة إلكترونية,2025/01/23,37699278
الخدمات الرقمية,عام,القطاع العام,خدمة إلكترونية,2025/01/23,37700231
منطقة الرياض,الرياض,القطاع العام,خدمة إلكترونية جزئيا,2025/01/23,37701195
الخدمات الرقمية,عام,القطاع العام,خدمة إلكترونية,2025/01/23,37711726
الخدمات الرقمية,عام,القطاع العام,خدمة إلكترونية,2025/01/23,37712348
الخدمات الرقمية,عام,القطاع العام,خدمة إلكترونية,2025/01/24,37712957
الخدمات الرقمية,عام,القطاع العام,خدمة إلكترونية,2025/01/24,37714809
الخدمات الرقمية,عام,القطاع العام,خدمة إلكترونية,2025/01/24,37714990
الخدمات الرقمية,عام,القطاع العام,خدمة إلكترونية,2025/01/24,37716173
الخدمات الرقمية,عام,القطاع العام,خدمة إلكترونية,2025/01/24,37716180
الخدمات الرقمية,عام,القطاع العام,خدمة إلكترونية,2025/01/24,37716188
الخدمات الرقمية,عام,القطاع العام,خدمة إلكترونية,2025/01/24,37716267
الخدمات الرقمية,عام,القطاع العام,خدمة إلكترونية,2025/01/24,37716534
الخدمات الرقمية,عام,القطاع العام,خدمة إلكترونية,2025/01/24,37716815
الخدمات الرقمية,عام,القطاع العام,خدمة إلكترونية,2025/01/24,37717396
الخدمات الرقمية,عام,القطاع العام,خدمة إلكترونية,2025/01/25,37718354
الخدمات الرقمية,عام,القطاع العام,خدمة إلكترونية,2025/01/25,37718434
الخدمات الرقمية,عام,القطاع العام,خدمة إلكترونية,2025/01/25,37718622
الخدمات الرقمية,عام,القطاع العام,خدمة إلكترونية,2025/01/25,37719860
الخدمات الرقمية,عام,القطاع العام,خدمة إلكترونية,2025/01/25,37722736
الخدمات الرقمية,عام,القطاع العام,خدمة إلكترونية,2025/01/25,37726083
الخدمات الرقمية,عام,القطاع العام,خدمة إلكترونية,2025/01/25,37727809
الخدمات الرقمية,عام,القطاع العام,خدمة إلكترونية,2025/01/25,37727938
الخدمات الرقمية,عام,القطاع العام,خدمة إلكترونية,2025/01/25,37728038
الخدمات الرقمية,عام,القطاع العام,خدمة إلكترونية,2025/01/25,37728392
الخدمات الرقمية,عام,القطاع العام,خدمة إلكترونية,2025/01/26,37728646
الخدمات الرقمية,عام,القطاع العام,خدمة إلكترونية,2025/01/26,37729642
الخدمات الرقمية,عام,القطاع العام,خدمة إلكترونية,2025/01/26,37729863
الخدمات الرقمية,كتابة عدل مدمجة - افتراضية,القطاع العام,خدمة إلكترونية جزئيا,2025/01/26,37730519
الخدمات الرقمية,عام,القطاع العام,خدمة إلكترونية,2025/01/26,37732862
الخدمات الرقمية,عام,القطاع العام,خدمة إلكترونية,2025/01/26,37737050
الخدمات الرقمية,كتابة عدل مدمجة - افتراضية,القطاع العام,خدمة إلكترونية جزئيا,2025/01/26,37744500
الخدمات الرقمية,عام,القطاع العام,خدمة إلكترونية,2025/01/26,37745550
الخدمات الرقمية,عام,القطاع العام,خدمة إلكترونية,2025/01/26,37745828
الخدمات الرقمية,عام,القطاع العام,خدمة إلكترونية,2025/01/26,37746638
الخدمات الرقمية,عام,القطاع العام,خدمة إلكترونية,2025/01/26,37747826
الخدمات الرقمية,عام,القطاع العام,خدمة إلكترونية,2025/01/26,37748266
الخدمات الرقمية,عام,القطاع العام,خدمة إلكترونية,2025/01/26,37748329
الخدمات الرقمية,عام,القطاع العام,خدمة إلكترونية,2025/01/26,37748609
الخدمات الرقمية,عام,القطاع العام,خدمة إلكترونية,2025/01/26,37750285
الخدمات الرقمية,عام,القطاع العام,خدمة إلكترونية,2025/01/26,37750427
الخدمات الرقمية,عام,القطاع العام,خدمة إلكترونية,2025/01/27,37764982
الخدمات الرقمية,عام,القطاع العام,خدمة إلكترونية,2025/01/27,37751766
الخدمات الرقمية,عام,القطاع العام,خدمة إلكترونية,2025/01/27,37752113
الخدمات الرقمية,عام,القطاع العام,خدمة إلكترونية,2025/01/27,37752188
الخدمات الرقمية,كتابة عدل مدمجة - افتراضية,القطاع العام,خدمة إلكترونية جزئيا,2025/01/27,37753680
الخدمات الرقمية,عام,القطاع العام,خدمة إلكترونية,2025/01/27,37753958
الخدمات الرقمية,عام,القطاع العام,خدمة إلكترونية,2025/01/27,37753997
الخدمات الرقمية,عام,القطاع العام,خدمة إلكترونية,2025/01/27,37754021
الخدمات الرقمية,عام,القطاع العام,خدمة إلكترونية,2025/01/27,37754854
الخدمات الرقمية,عام,القطاع العام,خدمة إلكترونية,2025/01/27,37755131
الخدمات الرقمية,عام,القطاع العام,خدمة إلكترونية,2025/01/27,37756053
الخدمات الرقمية,عام,القطاع العام,خدمة إلكترونية,2025/01/27,37756102
الخدمات الرقمية,عام,القطاع العام,خدمة إلكترونية جزئيا,2025/01/27,37756824
الخدمات الرقمية,عام,القطاع العام,خدمة إلكترونية,2025/01/27,37757931
الخدمات الرقمية,عام,القطاع العام,خدمة إلكترونية,2025/01/27,37763360
الخدمات الرقمية,عام,القطاع العام,خدمة إلكترونية,2025/01/27,37763765
الخدمات الرقمية,عام,القطاع العام,خدمة إلكترونية,2025/01/27,37763867
الخدمات الرقمية,عام,القطاع العام,خدمة إلكترونية,2025/01/27,37764944
الخدمات الرقمية,عام,القطاع العام,خدمة إلكترونية,2025/01/27,37770429
الخدمات الرقمية,عام,القطاع العام,خدمة إلكترونية,2025/01/27,37770996
الخدمات الرقمية,عام,القطاع العام,خدمة إلكترونية,2025/01/27,37772499
الخدمات الرقمية,عام,القطاع العام,خدمة إلكترونية,2025/01/28,37774398
الخدمات الرقمية,عام,القطاع العام,خدمة إلكترونية,2025/01/28,37774585
الخدمات الرقمية,عام,القطاع العام,خدمة إلكترونية,2025/01/28,37775380
الخدمات الرقمية,كتابة عدل مدمجة - افتراضية,القطاع العام,خدمة إلكترونية جزئيا,2025/01/28,37775720
الخدمات الرقمية,عام,القطاع العام,خدمة إلكترونية,2025/01/28,37779368
الخدمات الرقمية,عام,القطاع العام,خدمة إلكترونية,2025/01/28,37780822
الخدمات الرقمية,عام,القطاع العام,خدمة إلكترونية,2025/01/28,37785056
الخدمات الرقمية,كتابة عدل مدمجة - افتراضية,القطاع العام,خدمة إلكترونية جزئيا,2025/01/28,37785073
الخدمات الرقمية,عام,القطاع العام,خدمة إلكترونية,2025/01/28,37789567
الخدمات الرقمية,عام,القطاع العام,خدمة إلكترونية,2025/01/28,37790332
الخدمات الرقمية,عام,القطاع العام,خدمة إلكترونية,2025/01/28,37790613
الخدمات الرقمية,عام,القطاع العام,خدمة إلكترونية,2025/01/28,37791400
الخدمات الرقمية,عام,القطاع العام,خدمة إلكترونية,2025/01/28,37791593
الخدمات الرقمية,عام,القطاع العام,خدمة إلكترونية,2025/01/28,37793611
الخدمات الرقمية,عام,القطاع العام,خدمة إلكترونية,2025/01/28,37793788
الخدمات الرقمية,عام,القطاع العام,خدمة إلكترونية,2025/01/28,37794296
الخدمات الرقمية,عام,القطاع العام,خدمة إلكترونية,2025/01/28,37794347
الخدمات الرقمية,عام,القطاع العام,خدمة إلكترونية,2025/01/29,37795802
الخدمات الرقمية,عام,القطاع العام,خدمة إلكترونية,2025/01/29,37796191
الخدمات الرقمية,عام,القطاع العام,خدمة إلكترونية,2025/01/29,37796296
الخدمات الرقمية,عام,القطاع العام,خدمة إلكترونية جزئيا,2025/01/29,37798868
الخدمات الرقمية,عام,القطاع العام,خدمة إلكترونية,2025/01/29,37799333
الخدمات الرقمية,عام,القطاع العام,خدمة إلكترونية,2025/01/29,37800441
الخدمات الرقمية,عام,القطاع العام,خدمة إلكترونية,2025/01/29,37800524
الخدمات الرقمية,عام,القطاع العام,خدمة إلكترونية,2025/01/29,37800954
الخدمات الرقمية,عام,القطاع العام,خدمة إلكترونية,2025/01/29,37801726
الخدمات الرقمية,عام,القطاع العام,خدمة إلكترونية,2025/01/29,37801963
الخدمات الرقمية,عام,القطاع العام,خدمة إلكترونية,2025/01/29,37803533
الخدمات الرقمية,عام,القطاع العام,خدمة إلكترونية,2025/01/29,37804355
الخدمات الرقمية,عام,القطاع العام,خدمة إلكترونية,2025/01/29,37804977
الخدمات الرقمية,عام,القطاع العام,خدمة إلكترونية,2025/01/29,37806179
الخدمات الرقمية,عام,القطاع العام,خدمة إلكترونية,2025/01/29,37807835
الخدمات الرقمية,عام,القطاع العام,خدمة إلكترونية,2025/01/29,37809573
الخدمات الرقمية,عام,القطاع العام,خدمة إلكترونية,2025/01/29,37809632
الخدمات الرقمية,عام,القطاع العام,خدمة إلكترونية,2025/01/29,37811776
الخدمات الرقمية,عام,القطاع العام,خدمة إلكترونية,2025/01/29,37812255
الخدمات الرقمية,عام,القطاع العام,خدمة إلكترونية,2025/01/29,37814882
الخدمات الرقمية,عام,القطاع العام,خدمة إلكترونية,2025/01/29,37815382
الخدمات الرقمية,عام,القطاع العام,خدمة إلكترونية,2025/01/29,37816120
الخدمات الرقمية,عام,القطاع العام,خدمة إلكترونية جزئيا,2025/01/30,37817941
الخدمات الرقمية,كتابة عدل مدمجة - افتراضية,القطاع العام,خدمة إلكترونية جزئيا,2025/01/30,37819001
الخدمات الرقمية,عام,القطاع العام,خدمة إلكترونية,2025/01/30,37824194
الخدمات الرقمية,عام,القطاع العام,خدمة إلكترونية,2025/01/30,37826204
الخدمات الرقمية,عام,القطاع العام,خدمة إلكترونية,2025/01/30,37826234
الخدمات الرقمية,كتابة عدل مدمجة - افتراضية,القطاع العام,خدمة إلكترونية جزئيا,2025/01/30,37827369
الخدمات الرقمية,عام,القطاع العام,خدمة إلكترونية,2025/01/30,37827906
الخدمات الرقمية,عام,القطاع العام,خدمة إلكترونية,2025/01/30,37828337
الخدمات الرقمية,عام,القطاع العام,خدمة إلكترونية,2025/01/30,37828822
الخدمات الرقمية,عام,القطاع العام,خدمة إلكترونية,2025/01/30,37828841
الخدمات الرقمية,عام,القطاع العام,خدمة إلكترونية,2025/01/30,37828873
الخدمات الرقمية,عام,القطاع العام,خدمة إلكترونية,2025/01/31,37829389
الخدمات الرقمية,عام,القطاع العام,خدمة إلكترونية,2025/01/31,37829406
الخدمات الرقمية,عام,القطاع العام,خدمة إلكترونية,2025/01/31,37830969
الخدمات الرقمية,عام,القطاع العام,خدمة إلكترونية,2025/01/31,37831365
الخدمات الرقمية,عام,القطاع العام,خدمة إلكترونية,2025/01/31,37831471
الخدمات الرقمية,عام,القطاع العام,خدمة إلكترونية,2025/01/31,37833137
الخدمات الرقمية,عام,القطاع العام,خدمة إلكترونية,2025/01/31,37833139
الخدمات الرقمية,عام,القطاع العام,خدمة إلكترونية,2025/01/31,37833240
الخدمات الرقمية,عام,القطاع العام,خدمة إلكترونية,2025/02/01,37833798
الخدمات الرقمية,عام,القطاع العام,خدمة إلكترونية,2025/02/01,37835501
الخدمات الرقمية,عام,القطاع العام,خدمة إلكترونية,2025/02/01,37835700
الخدمات الرقمية,عام,القطاع العام,خدمة إلكترونية,2025/02/01,37836726
الخدمات الرقمية,عام,القطاع العام,خدمة إلكترونية,2025/02/01,37836929
الخدمات الرقمية,عام,القطاع العام,خدمة إلكترونية,2025/02/01,37845179
الخدمات الرقمية,عام,القطاع العام,خدمة إلكترونية,2025/02/02,37846847
الخدمات الرقمية,عام,القطاع العام,خدمة إلكترونية,2025/02/02,37846901
الخدمات الرقمية,عام,القطاع العام,خدمة إلكترونية,2025/02/02,37847254
الخدمات الرقمية,عام,القطاع العام,خدمة إلكترونية,2025/02/02,37850936
الخدمات الرقمية,عام,القطاع العام,خدمة إلكترونية,2025/02/02,37851162
الخدمات الرقمية,عام,القطاع العام,خدمة إلكترونية,2025/02/02,37852914
الخدمات الرقمية,عام,القطاع العام,خدمة إلكترونية,2025/02/02,37853735
الخدمات الرقمية,عام,القطاع العام,خدمة إلكترونية,2025/02/02,37854516
الخدمات الرقمية,عام,القطاع العام,خدمة إلكترونية جزئيا,2025/02/02,37855192
الخدمات الرقمية,عام,القطاع العام,خدمة إلكترونية,2025/02/02,37856695
الخدمات الرقمية,عام,القطاع العام,خدمة إلكترونية,2025/02/02,37865212
الخدمات الرقمية,عام,القطاع العام,خدمة إلكترونية,2025/02/02,37865691
الخدمات الرقمية,عام,القطاع العام,خدمة إلكترونية,2025/02/02,37866136
الخدمات الرقمية,عام,القطاع العام,خدمة إلكترونية,2025/02/02,37866353
الخدمات الرقمية,عام,القطاع العام,خدمة إلكترونية,2025/02/02,37866770
الخدمات الرقمية,عام,القطاع العام,خدمة إلكترونية,2025/02/02,37867280
الخدمات الرقمية,عام,القطاع العام,خدمة إلكترونية,2025/02/02,37867406
الخدمات الرقمية,عام,القطاع العام,خدمة إلكترونية,2025/02/03,37868684
الخدمات الرقمية,عام,القطاع العام,خدمة إلكترونية,2025/02/03,37868929
الخدمات الرقمية,عام,القطاع العام,خدمة إلكترونية,2025/02/03,37869599
الخدمات الرقمية,عام,القطاع العام,خدمة إلكترونية,2025/02/03,37870218
الخدمات الرقمية,عام,القطاع العام,خدمة إلكترونية,2025/02/03,37870491
الخدمات الرقمية,عام,القطاع العام,خدمة إلكترونية,2025/02/03,37870848
منطقة الرياض,الرياض,القطاع العام,خدمة إلكترونية جزئيا,2025/02/03,37872376
الخدمات الرقمية,عام,القطاع العام,خدمة إلكترونية,2025/02/03,37873301
الخدمات الرقمية,عام,القطاع العام,خدمة إلكترونية,2025/02/03,37874011
الخدمات الرقمية,عام,القطاع العام,خدمة إلكترونية,2025/02/03,37874794
الخدمات الرقمية,عام,القطاع العام,خدمة إلكترونية,2025/02/03,37875060
الخدمات الرقمية,عام,القطاع العام,خدمة إلكترونية,2025/02/03,37875092
الخدمات الرقمية,عام,القطاع العام,خدمة إلكترونية,2025/02/03,37875375
الخدمات الرقمية,عام,القطاع العام,خدمة إلكترونية,2025/02/03,37875589
الخدمات الرقمية,عام,القطاع العام,خدمة إلكترونية,2025/02/03,37880443
الخدمات الرقمية,عام,القطاع العام,خدمة إلكترونية,2025/02/03,37881992
الخدمات الرقمية,كتابة عدل مدمجة - افتراضية,القطاع العام,خدمة إلكترونية جزئيا,2025/02/03,37882117
الخدمات الرقمية,عام,القطاع العام,خدمة إلكترونية,2025/02/03,37885063
الخدمات الرقمية,كتابة عدل مدمجة - افتراضية,القطاع العام,خدمة إلكترونية جزئيا,2025/02/03,37885434
الخدمات الرقمية,عام,القطاع العام,خدمة إلكترونية,2025/02/03,37886199
الخدمات الرقمية,عام,القطاع العام,خدمة إلكترونية,2025/02/03,37889063
الخدمات الرقمية,عام,القطاع العام,خدمة إلكترونية,2025/02/04,37891381
الخدمات الرقمية,عام,القطاع العام,خدمة إلكترونية,2025/02/04,37891405
الخدمات الرقمية,عام,القطاع العام,خدمة إلكترونية,2025/02/04,37891539
الخدمات الرقمية,عام,القطاع العام,خدمة إلكترونية,2025/02/04,37891859
الخدمات الرقمية,عام,القطاع العام,خدمة إلكترونية,2025/02/04,37891905
الخدمات الرقمية,عام,القطاع العام,خدمة إلكترونية,2025/02/04,37892738
منطقة الرياض,الرياض,القطاع العام,خدمة إلكترونية جزئيا,2025/02/04,37892747
الخدمات الرقمية,عام,القطاع العام,خدمة إلكترونية,2025/02/04,37893613
الخدمات الرقمية,عام,القطاع العام,خدمة إلكترونية,2025/02/04,37897919
الخدمات الرقمية,عام,القطاع العام,خدمة إلكترونية,2025/02/04,37902543
الخدمات الرقمية,عام,القطاع العام,خدمة إلكترونية,2025/02/04,37902591
منطقة المدينة المنوره,المدينة المنورة,القطاع الخاص,خدمة إلكترونية جزئيا,2025/02/04,37903884
الخدمات الرقمية,عام,القطاع العام,خدمة إلكترونية,2025/02/04,37908945
منطقة المدينة المنوره,المدينة المنورة,القطاع الخاص,خدمة إلكترونية جزئيا,2025/02/04,37903694
منطقة المدينة المنوره,المدينة المنورة,القطاع الخاص,خدمة إلكترونية جزئيا,2025/02/04,37903510
الخدمات الرقمية,عام,القطاع العام,خدمة إلكترونية,2025/02/05,37910518
الخدمات الرقمية,عام,القطاع العام,خدمة إلكترونية,2025/02/05,37910717
الخدمات الرقمية,عام,القطاع العام,خدمة إلكترونية,2025/02/05,37911303
الخدمات الرقمية,عام,القطاع العام,خدمة إلكترونية,2025/02/05,37911475
الخدمات الرقمية,كتابة عدل مدمجة - افتراضية,القطاع العام,خدمة إلكترونية جزئيا,2025/02/05,37916115
الخدمات الرقمية,عام,القطاع العام,خدمة إلكترونية,2025/02/05,37917960
الخدمات الرقمية,عام,القطاع العام,خدمة إلكترونية,2025/02/05,37919010
الخدمات الرقمية,عام,القطاع العام,خدمة إلكترونية,2025/02/05,37919132
الخدمات الرقمية,عام,القطاع العام,خدمة إلكترونية,2025/02/05,37919475
الخدمات الرقمية,عام,القطاع العام,خدمة إلكترونية,2025/02/05,37921670
الخدمات الرقمية,عام,القطاع العام,خدمة إلكترونية,2025/02/05,37921884
الخدمات الرقمية,عام,القطاع العام,خدمة إلكترونية,2025/02/05,37922247
الخدمات الرقمية,عام,القطاع العام,خدمة إلكترونية,2025/02/05,37923079
الخدمات الرقمية,عام,القطاع العام,خدمة إلكترونية,2025/02/05,37923257
الخدمات الرقمية,عام,القطاع العام,خدمة إلكترونية,2025/02/05,37923466
الخدمات الرقمية,عام,القطاع العام,خدمة إلكترونية,2025/02/05,37924260
الخدمات الرقمية,عام,القطاع العام,خدمة إلكترونية,2025/02/05,37924266
الخدمات الرقمية,عام,القطاع العام,خدمة إلكترونية,2025/02/05,37924527
الخدمات الرقمية,عام,القطاع العام,خدمة إلكترونية,2025/02/05,37924835
الخدمات الرقمية,عام,القطاع العام,خدمة إلكترونية جزئيا,2025/02/05,37925476
الخدمات الرقمية,عام,القطاع العام,خدمة إلكترونية,2025/02/05,37925540
الخدمات الرقمية,عام,القطاع العام,خدمة إلكترونية,2025/02/05,37927222
الخدمات الرقمية,عام,القطاع العام,خدمة إلكترونية,2025/02/05,37928150
الخدمات الرقمية,عام,القطاع العام,خدمة إلكترونية,2025/02/05,37928553
الخدمات الرقمية,عام,القطاع العام,خدمة إلكترونية,2025/02/05,37929126
الخدمات الرقمية,عام,القطاع العام,خدمة إلكترونية,2025/02/05,37929888
الخدمات الرقمية,عام,القطاع العام,خدمة إلكترونية,2025/02/05,37930175
الخدمات الرقمية,عام,القطاع العام,خدمة إلكترونية,2025/02/05,37930231
الخدمات الرقمية,عام,القطاع العام,خدمة إلكترونية,2025/02/05,37930232
الخدمات الرقمية,عام,القطاع العام,خدمة إلكترونية,2025/02/05,37930246
الخدمات الرقمية,عام,القطاع العام,خدمة إلكترونية,2025/02/05,37930400
الخدمات الرقمية,عام,القطاع العام,خدمة إلكترونية,2025/02/06,37930819
الخدمات الرقمية,عام,القطاع العام,خدمة إلكترونية,2025/02/06,37930897
الخدمات الرقمية,عام,القطاع العام,خدمة إلكترونية,2025/02/06,37932067
الخدمات الرقمية,عام,القطاع العام,خدمة إلكترونية,2025/02/06,37935684
الخدمات الرقمية,عام,القطاع العام,خدمة إلكترونية,2025/02/06,37936074
الخدمات الرقمية,عام,القطاع العام,خدمة إلكترونية,2025/02/06,37936728
الخدمات الرقمية,كتابة عدل مدمجة - افتراضية,القطاع العام,خدمة إلكترونية جزئيا,2025/02/06,37940025
الخدمات الرقمية,عام,القطاع العام,خدمة إلكترونية,2025/02/06,37940742
الخدمات الرقمية,عام,القطاع العام,خدمة إلكترونية,2025/02/06,37941764
الخدمات الرقمية,عام,القطاع العام,خدمة إلكترونية,2025/02/06,37942213
الخدمات الرقمية,عام,القطاع العام,خدمة إلكترونية,2025/02/06,37943078
الخدمات الرقمية,عام,القطاع العام,خدمة إلكترونية,2025/02/06,37944710
الخدمات الرقمية,عام,القطاع العام,خدمة إلكترونية,2025/02/06,37944761
الخدمات الرقمية,عام,القطاع العام,خدمة إلكترونية,2025/02/06,37945300
الخدمات الرقمية,عام,القطاع العام,خدمة إلكترونية,2025/02/07,37947160
الخدمات الرقمية,عام,القطاع العام,خدمة إلكترونية,2025/02/07,37947218
الخدمات الرقمية,عام,القطاع العام,خدمة إلكترونية,2025/02/07,37947828
الخدمات الرقمية,عام,القطاع العام,خدمة إلكترونية,2025/02/07,37950320
الخدمات الرقمية,عام,القطاع العام,خدمة إلكترونية,2025/02/07,37950736
الخدمات الرقمية,عام,القطاع العام,خدمة إلكترونية,2025/02/08,37951000
الخدمات الرقمية,عام,القطاع العام,خدمة إلكترونية,2025/02/08,37956074
الخدمات الرقمية,عام,القطاع العام,خدمة إلكترونية,2025/02/08,37957058
الخدمات الرقمية,عام,القطاع العام,خدمة إلكترونية,2025/02/08,37961088
الخدمات الرقمية,عام,القطاع العام,خدمة إلكترونية,2025/02/09,37963487
الخدمات الرقمية,كتابة عدل مدمجة - افتراضية,القطاع العام,خدمة إلكترونية جزئيا,2025/02/09,37972203
الخدمات الرقمية,عام,القطاع العام,خدمة إلكترونية,2025/02/09,37972861
الخدمات الرقمية,كتابة عدل مدمجة - افتراضية,القطاع العام,خدمة إلكترونية جزئيا,2025/02/09,37975777
الخدمات الرقمية,عام,القطاع العام,خدمة إلكترونية,2025/02/09,37978482
الخدمات الرقمية,عام,القطاع العام,خدمة إلكترونية,2025/02/09,37980191
منطقة عسير,خميس مشيط,القطاع الخاص,خدمة إلكترونية جزئيا,2025/02/09,37981657
الخدمات الرقمية,عام,القطاع العام,خدمة إلكترونية,2025/02/10,37985110
الخدمات الرقمية,عام,القطاع العام,خدمة إلكترونية,2025/02/10,37986464
الخدمات الرقمية,عام,القطاع العام,خدمة إلكترونية,2025/02/10,37986561
منطقة الرياض,الرياض,القطاع العام,خدمة إلكترونية جزئيا,2025/02/10,37989080
الخدمات الرقمية,عام,القطاع العام,خدمة إلكترونية,2025/02/10,37989105
الخدمات الرقمية,عام,القطاع العام,خدمة إلكترونية,2025/02/10,37996386
الخدمات الرقمية,عام,القطاع العام,خدمة إلكترونية,2025/02/10,37997248
الخدمات الرقمية,عام,القطاع العام,خدمة إلكترونية,2025/02/10,38001150
الخدمات الرقمية,عام,القطاع العام,خدمة إلكترونية,2025/02/10,38001507
الخدمات الرقمية,عام,القطاع العام,خدمة إلكترونية,2025/02/10,38003585
الخدمات الرقمية,عام,القطاع العام,خدمة إلكترونية,2025/02/10,38003625
الخدمات الرقمية,عام,القطاع العام,خدمة إلكترونية,2025/02/10,38005038
الخدمات الرقمية,عام,القطاع العام,خدمة إلكترونية,2025/02/10,38005136
الخدمات الرقمية,عام,القطاع العام,خدمة إلكترونية,2025/02/10,38005837
منطقة عسير,خميس مشيط,القطاع الخاص,خدمة إلكترونية جزئيا,2025/02/10,38001035
منطقة عسير,خميس مشيط,القطاع الخاص,خدمة إلكترونية جزئيا,2025/02/10,38000935
الخدمات الرقمية,عام,القطاع العام,خدمة إلكترونية,2025/02/11,38009106
الخدمات الرقمية,عام,القطاع العام,خدمة إلكترونية,2025/02/11,38009161
الخدمات الرقمية,عام,القطاع العام,خدمة إلكترونية,2025/02/11,38009830
الخدمات الرقمية,عام,القطاع العام,خدمة إلكترونية,2025/02/11,38009964
منطقة الرياض,الرياض,القطاع العام,خدمة إلكترونية جزئيا,2025/02/11,38010559
الخدمات الرقمية,كتابة عدل مدمجة - افتراضية,القطاع العام,خدمة إلكترونية جزئيا,2025/02/11,38012804
الخدمات الرقمية,عام,القطاع العام,خدمة إلكترونية,2025/02/11,38012850
الخدمات الرقمية,عام,القطاع العام,خدمة إلكترونية,2025/02/11,38013103
الخدمات الرقمية,عام,القطاع العام,خدمة إلكترونية,2025/02/11,38013982
الخدمات الرقمية,عام,القطاع العام,خدمة إلكترونية جزئيا,2025/02/11,38013986
الخدمات الرقمية,عام,القطاع العام,خدمة إلكترونية,2025/02/11,38014015
الخدمات الرقمية,عام,القطاع العام,خدمة إلكترونية,2025/02/11,38014068
الخدمات الرقمية,عام,القطاع العام,خدمة إلكترونية,2025/02/11,38015416
الخدمات الرقمية,عام,القطاع العام,خدمة إلكترونية,2025/02/11,38015786
الخدمات الرقمية,عام,القطاع العام,خدمة إلكترونية,2025/02/11,38018079
الخدمات الرقمية,عام,القطاع العام,خدمة إلكترونية,2025/02/11,38019916
الخدمات الرقمية,عام,القطاع العام,خدمة إلكترونية,2025/02/11,38020023
الخدمات الرقمية,عام,القطاع العام,خدمة إلكترونية,2025/02/11,38021670
الخدمات الرقمية,عام,القطاع العام,خدمة إلكترونية,2025/02/11,38024573
الخدمات الرقمية,عام,القطاع العام,خدمة إلكترونية,2025/02/11,38025595
الخدمات الرقمية,عام,القطاع العام,خدمة إلكترونية,2025/02/11,38026916
الخدمات الرقمية,عام,القطاع العام,خدمة إلكترونية,2025/02/11,38027133
الخدمات الرقمية,عام,القطاع العام,خدمة إلكترونية,2025/02/12,38029955
الخدمات الرقمية,عام,القطاع العام,خدمة إلكترونية,2025/02/12,38031064
الخدمات الرقمية,عام,القطاع العام,خدمة إلكترونية,2025/02/12,38031294
الخدمات الرقمية,كتابة عدل مدمجة - افتراضية,القطاع العام,خدمة إلكترونية جزئيا,2025/02/12,38031805
منطقة الرياض,الرياض,القطاع العام,خدمة إلكترونية جزئيا,2025/02/12,38031926
الخدمات الرقمية,عام,القطاع العام,خدمة إلكترونية جزئيا,2025/02/12,38033586
الخدمات الرقمية,عام,القطاع العام,خدمة إلكترونية,2025/02/12,38035116
الخدمات الرقمية,عام,القطاع العام,خدمة إلكترونية,2025/02/12,38035377
الخدمات الرقمية,كتابة عدل مدمجة - افتراضية,القطاع العام,خدمة إلكترونية جزئيا,2025/02/12,38035904
الخدمات الرقمية,عام,القطاع العام,خدمة إلكترونية جزئيا,2025/02/12,38037418
الخدمات الرقمية,عام,القطاع العام,خدمة إلكترونية,2025/02/12,38038263
الخدمات الرقمية,كتابة عدل مدمجة - افتراضية,القطاع العام,خدمة إلكترونية جزئيا,2025/02/12,38040298
الخدمات الرقمية,عام,القطاع العام,خدمة إلكترونية,2025/02/12,38042254
الخدمات الرقمية,عام,القطاع العام,خدمة إلكترونية,2025/02/12,38045345
الخدمات الرقمية,عام,القطاع العام,خدمة إلكترونية,2025/02/12,38049145
الخدمات الرقمية,عام,القطاع العام,خدمة إلكترونية,2025/02/12,38050817
منطقة عسير,خميس مشيط,القطاع الخاص,خدمة إلكترونية جزئيا,2025/02/12,38042539
منطقة عسير,خميس مشيط,القطاع الخاص,خدمة إلكترونية جزئيا,2025/02/12,38042585
الخدمات الرقمية,عام,القطاع العام,خدمة إلكترونية,2025/02/13,38051446
الخدمات الرقمية,عام,القطاع العام,خدمة إلكترونية,2025/02/13,38051579
الخدمات الرقمية,عام,القطاع العام,خدمة إلكترونية,2025/02/13,38051758
الخدمات الرقمية,عام,القطاع العام,خدمة إلكترونية,2025/02/13,38052096
منطقة الرياض,الرياض,القطاع العام,خدمة إلكترونية جزئيا,2025/02/13,38053091
الخدمات الرقمية,عام,القطاع العام,خدمة إلكترونية,2025/02/13,38053313
الخدمات الرقمية,عام,القطاع العام,خدمة إلكترونية,2025/02/13,38053484
الخدمات الرقمية,عام,القطاع العام,خدمة إلكترونية,2025/02/13,38054881
الخدمات الرقمية,عام,القطاع العام,خدمة إلكترونية,2025/02/13,38058926
الخدمات الرقمية,عام,القطاع العام,خدمة إلكترونية,2025/02/13,38060270
الخدمات الرقمية,عام,القطاع العام,خدمة إلكترونية,2025/02/13,38060667
الخدمات الرقمية,عام,القطاع العام,خدمة إلكترونية,2025/02/13,38062952
الخدمات الرقمية,عام,القطاع العام,خدمة إلكترونية,2025/02/13,38064632
الخدمات الرقمية,عام,القطاع العام,خدمة إلكترونية,2025/02/13,38064845
الخدمات الرقمية,عام,القطاع العام,خدمة إلكترونية,2025/02/13,38065041
الخدمات الرقمية,عام,القطاع العام,خدمة إلكترونية,2025/02/13,38065142
الخدمات الرقمية,عام,القطاع العام,خدمة إلكترونية,2025/02/14,38068677
الخدمات الرقمية,عام,القطاع العام,خدمة إلكترونية,2025/02/14,38070304
الخدمات الرقمية,عام,القطاع العام,خدمة إلكترونية,2025/02/14,38070351
الخدمات الرقمية,عام,القطاع العام,خدمة إلكترونية,2025/02/14,38070370
الخدمات الرقمية,عام,القطاع العام,خدمة إلكترونية,2025/02/14,38071010
الخدمات الرقمية,عام,القطاع العام,خدمة إلكترونية,2025/02/15,38074777
الخدمات الرقمية,عام,القطاع العام,خدمة إلكترونية,2025/02/15,38071500
الخدمات الرقمية,عام,القطاع العام,خدمة إلكترونية,2025/02/15,38071879
الخدمات الرقمية,عام,القطاع العام,خدمة إلكترونية,2025/02/15,38073517
الخدمات الرقمية,عام,القطاع العام,خدمة إلكترونية,2025/02/15,38074261
الخدمات الرقمية,عام,القطاع العام,خدمة إلكترونية,2025/02/15,38075222
الخدمات الرقمية,عام,القطاع العام,خدمة إلكترونية,2025/02/15,38075721
الخدمات الرقمية,عام,القطاع العام,خدمة إلكترونية,2025/02/15,38076093
الخدمات الرقمية,عام,القطاع العام,خدمة إلكترونية,2025/02/15,38077502
الخدمات الرقمية,عام,القطاع العام,خدمة إلكترونية,2025/02/15,38078396
الخدمات الرقمية,عام,القطاع العام,خدمة إلكترونية,2025/02/15,38078676
الخدمات الرقمية,عام,القطاع العام,خدمة إلكترونية,2025/02/15,38079688
الخدمات الرقمية,عام,القطاع العام,خدمة إلكترونية,2025/02/15,38080415
الخدمات الرقمية,عام,القطاع العام,خدمة إلكترونية,2025/02/16,38081880
الخدمات الرقمية,عام,القطاع العام,خدمة إلكترونية,2025/02/16,38082741
الخدمات الرقمية,عام,القطاع العام,خدمة إلكترونية,2025/02/16,38083508
الخدمات الرقمية,عام,القطاع العام,خدمة إلكترونية جزئيا,2025/02/16,38083789
الخدمات الرقمية,عام,القطاع العام,خدمة إلكترونية جزئيا,2025/02/16,38084223
منطقة الرياض,الرياض,القطاع العام,خدمة إلكترونية جزئيا,2025/02/16,38084227
منطقة مكة المكرمه,جده,القطاع العام,خدمة إلكترونية جزئيا,2025/02/16,38085797
الخدمات الرقمية,عام,القطاع العام,خدمة إلكترونية,2025/02/16,38087680
الخدمات الرقمية,عام,القطاع العام,خدمة إلكترونية,2025/02/16,38088740
الخدمات الرقمية,عام,القطاع العام,خدمة إلكترونية,2025/02/16,38089503
الخدمات الرقمية,عام,القطاع العام,خدمة إلكترونية,2025/02/16,38093306
الخدمات الرقمية,عام,القطاع العام,خدمة إلكترونية,2025/02/16,38093946
الخدمات الرقمية,عام,القطاع العام,خدمة إلكترونية,2025/02/16,38093950
الخدمات الرقمية,عام,القطاع العام,خدمة إلكترونية,2025/02/16,38094490
الخدمات الرقمية,عام,القطاع العام,خدمة إلكترونية,2025/02/16,38094957
الخدمات الرقمية,عام,القطاع العام,خدمة إلكترونية,2025/02/16,38097233
الخدمات الرقمية,عام,القطاع العام,خدمة إلكترونية,2025/02/16,38098651
الخدمات الرقمية,عام,القطاع العام,خدمة إلكترونية,2025/02/16,38099109
الخدمات الرقمية,عام,القطاع العام,خدمة إلكترونية,2025/02/16,38099702
الخدمات الرقمية,عام,القطاع العام,خدمة إلكترونية,2025/02/16,38099979
الخدمات الرقمية,عام,القطاع العام,خدمة إلكترونية,2025/02/16,38100129
الخدمات الرقمية,عام,القطاع العام,خدمة إلكترونية,2025/02/16,38102203
الخدمات الرقمية,عام,القطاع العام,خدمة إلكترونية,2025/02/16,38102298
الخدمات الرقمية,عام,القطاع العام,خدمة إلكترونية,2025/02/16,38102365
الخدمات الرقمية,عام,القطاع العام,خدمة إلكترونية,2025/02/16,38102426
الخدمات الرقمية,عام,القطاع العام,خدمة إلكترونية,2025/02/17,38103024
الخدمات الرقمية,عام,القطاع العام,خدمة إلكترونية,2025/02/17,38104156
الخدمات الرقمية,عام,القطاع العام,خدمة إلكترونية,2025/02/17,38104889
الخدمات الرقمية,كتابة عدل مدمجة - افتراضية,القطاع العام,خدمة إلكترونية جزئيا,2025/02/17,38105272
الخدمات الرقمية,عام,القطاع العام,خدمة إلكترونية جزئيا,2025/02/17,38105509
الخدمات الرقمية,عام,القطاع العام,خدمة إلكترونية,2025/02/17,38106339
منطقة الرياض,الرياض,القطاع العام,خدمة إلكترونية جزئيا,2025/02/17,38109566
الخدمات الرقمية,عام,القطاع العام,خدمة إلكترونية,2025/02/17,38110831
الخدمات الرقمية,عام,القطاع العام,خدمة إلكترونية,2025/02/17,38112566
الخدمات الرقمية,عام,القطاع العام,خدمة إلكترونية,2025/02/17,38113859
الخدمات الرقمية,عام,القطاع العام,خدمة إلكترونية,2025/02/17,38115123
الخدمات الرقمية,عام,القطاع العام,خدمة إلكترونية,2025/02/17,38115327
الخدمات الرقمية,عام,القطاع العام,خدمة إلكترونية,2025/02/17,38116862
الخدمات الرقمية,عام,القطاع العام,خدمة إلكترونية,2025/02/17,38117999
الخدمات الرقمية,عام,القطاع العام,خدمة إلكترونية,2025/02/17,38118294
الخدمات الرقمية,عام,القطاع العام,خدمة إلكترونية,2025/02/17,38118567
الخدمات الرقمية,عام,القطاع العام,خدمة إلكترونية,2025/02/17,38118613
الخدمات الرقمية,عام,القطاع العام,خدمة إلكترونية,2025/02/17,38119565
الخدمات الرقمية,عام,القطاع العام,خدمة إلكترونية,2025/02/17,38120486
الخدمات الرقمية,عام,القطاع العام,خدمة إلكترونية,2025/02/17,38120884
الخدمات الرقمية,عام,القطاع العام,خدمة إلكترونية,2025/02/18,38125734
الخدمات الرقمية,عام,القطاع العام,خدمة إلكترونية جزئيا,2025/02/18,38126685
الخدمات الرقمية,عام,القطاع العام,خدمة إلكترونية,2025/02/18,38127259
منطقة الرياض,الرياض,القطاع العام,خدمة إلكترونية جزئيا,2025/02/18,38127495
الخدمات الرقمية,عام,القطاع العام,خدمة إلكترونية,2025/02/18,38128039
الخدمات الرقمية,عام,القطاع العام,خدمة إلكترونية,2025/02/18,38128105
الخدمات الرقمية,عام,القطاع العام,خدمة إلكترونية,2025/02/18,38130391
الخدمات الرقمية,عام,القطاع العام,خدمة إلكترونية,2025/02/18,38133990
الخدمات الرقمية,عام,القطاع العام,خدمة إلكترونية,2025/02/18,38134425
الخدمات الرقمية,عام,القطاع العام,خدمة إلكترونية,2025/02/18,38134626
الخدمات الرقمية,عام,القطاع العام,خدمة إلكترونية,2025/02/18,38135879
الخدمات الرقمية,عام,القطاع العام,خدمة إلكترونية,2025/02/18,38135959
الخدمات الرقمية,عام,القطاع العام,خدمة إلكترونية,2025/02/18,38141804
الخدمات الرقمية,عام,القطاع العام,خدمة إلكترونية,2025/02/18,38142397
الخدمات الرقمية,عام,القطاع العام,خدمة إلكترونية,2025/02/18,38145274
الخدمات الرقمية,عام,القطاع العام,خدمة إلكترونية,2025/02/19,38145559
الخدمات الرقمية,عام,القطاع العام,خدمة إلكترونية,2025/02/19,38145587
الخدمات الرقمية,عام,القطاع العام,خدمة إلكترونية,2025/02/19,38147006
منطقة مكة المكرمه,جده,القطاع العام,خدمة إلكترونية جزئيا,2025/02/19,38152387
الخدمات الرقمية,كتابة عدل مدمجة - افتراضية,القطاع العام,خدمة إلكترونية جزئيا,2025/02/19,38154075
الخدمات الرقمية,عام,القطاع العام,خدمة إلكترونية,2025/02/19,38154686
الخدمات الرقمية,عام,القطاع العام,خدمة إلكترونية,2025/02/19,38156426
الخدمات الرقمية,عام,القطاع العام,خدمة إلكترونية,2025/02/19,38157117
الخدمات الرقمية,عام,القطاع العام,خدمة إلكترونية,2025/02/19,38157654
الخدمات الرقمية,عام,القطاع العام,خدمة إلكترونية,2025/02/19,38157961
الخدمات الرقمية,عام,القطاع العام,خدمة إلكترونية,2025/02/19,38158018
الخدمات الرقمية,عام,القطاع العام,خدمة إلكترونية,2025/02/19,38158025
الخدمات الرقمية,عام,القطاع العام,خدمة إلكترونية,2025/02/19,38158388
الخدمات الرقمية,عام,القطاع العام,خدمة إلكترونية,2025/02/19,38160625
الخدمات الرقمية,عام,القطاع العام,خدمة إلكترونية,2025/02/20,38162803
منطقة الرياض,الرياض,القطاع العام,خدمة إلكترونية جزئيا,2025/02/20,38164479
الخدمات الرقمية,عام,القطاع العام,خدمة إلكترونية,2025/02/20,38165375
الخدمات الرقمية,عام,القطاع العام,خدمة إلكترونية,2025/02/20,38166298
الخدمات الرقمية,كتابة عدل مدمجة - افتراضية,القطاع العام,خدمة إلكترونية جزئيا,2025/02/20,38167415
الخدمات الرقمية,عام,القطاع العام,خدمة إلكترونية,2025/02/20,38171551
الخدمات الرقمية,عام,القطاع العام,خدمة إلكترونية,2025/02/21,38183143
الخدمات الرقمية,عام,القطاع العام,خدمة إلكترونية,2025/02/21,38183225
الخدمات الرقمية,عام,القطاع العام,خدمة إلكترونية,2025/02/21,38183415
الخدمات الرقمية,عام,القطاع العام,خدمة إلكترونية,2025/02/21,38183789
الخدمات الرقمية,عام,القطاع العام,خدمة إلكترونية,2025/02/22,38186208
الخدمات الرقمية,عام,القطاع العام,خدمة إلكترونية,2025/02/22,38187232
الخدمات الرقمية,عام,القطاع العام,خدمة إلكترونية,2025/02/22,38187294
الخدمات الرقمية,عام,القطاع العام,خدمة إلكترونية,2025/02/22,38187429
الخدمات الرقمية,عام,القطاع العام,خدمة إلكترونية,2025/02/22,38187460
الخدمات الرقمية,عام,القطاع العام,خدمة إلكترونية,2025/02/22,38187885
الخدمات الرقمية,عام,القطاع العام,خدمة إلكترونية,2025/02/22,38187994
الخدمات الرقمية,عام,القطاع العام,خدمة إلكترونية,2025/02/22,38188530
الخدمات الرقمية,عام,القطاع العام,خدمة إلكترونية,2025/02/22,38189279
الخدمات الرقمية,عام,القطاع العام,خدمة إلكترونية,2025/02/22,38190236
الخدمات الرقمية,عام,القطاع العام,خدمة إلكترونية,2025/02/22,38190305
الخدمات الرقمية,عام,القطاع العام,خدمة إلكترونية,2025/02/23,38190791
الخدمات الرقمية,عام,القطاع العام,خدمة إلكترونية,2025/02/23,38191069
الخدمات الرقمية,عام,القطاع العام,خدمة إلكترونية,2025/02/23,38191093
الخدمات الرقمية,عام,القطاع العام,خدمة إلكترونية,2025/02/23,38194080
الخدمات الرقمية,عام,القطاع العام,خدمة إلكترونية,2025/02/23,38194296
الخدمات الرقمية,عام,القطاع العام,خدمة إلكترونية,2025/02/23,38194600
الخدمات الرقمية,عام,القطاع العام,خدمة إلكترونية,2025/02/23,38196129
الخدمات الرقمية,عام,القطاع العام,خدمة إلكترونية,2025/02/23,38199241
الخدمات الرقمية,عام,القطاع العام,خدمة إلكترونية,2025/02/23,38200616
الخدمات الرقمية,عام,القطاع العام,خدمة إلكترونية,2025/02/24,38201813
الخدمات الرقمية,عام,القطاع العام,خدمة إلكترونية,2025/02/24,38202071
منطقة الرياض,الرياض,القطاع العام,خدمة إلكترونية جزئيا,2025/02/24,38203669
الخدمات الرقمية,عام,القطاع العام,خدمة إلكترونية,2025/02/24,38208201
الخدمات الرقمية,عام,القطاع العام,خدمة إلكترونية,2025/02/24,38210084
الخدمات الرقمية,كتابة عدل مدمجة - افتراضية,القطاع العام,خدمة إلكترونية جزئيا,2025/02/24,38211213
الخدمات الرقمية,عام,القطاع العام,خدمة إلكترونية,2025/02/24,38213834
الخدمات الرقمية,عام,القطاع العام,خدمة إلكترونية,2025/02/24,38217416
الخدمات الرقمية,عام,القطاع العام,خدمة إلكترونية,2025/02/25,38224566
الخدمات الرقمية,عام,القطاع العام,خدمة إلكترونية,2025/02/25,38225721
الخدمات الرقمية,كتابة عدل مدمجة - افتراضية,القطاع العام,خدمة إلكترونية جزئيا,2025/02/25,38226756
منطقة مكة المكرمه,جده,القطاع العام,خدمة إلكترونية جزئيا,2025/02/25,38227668
الخدمات الرقمية,عام,القطاع العام,خدمة إلكترونية,2025/02/25,38228067
الخدمات الرقمية,عام,القطاع العام,خدمة إلكترونية,2025/02/25,38229844
الخدمات الرقمية,عام,القطاع العام,خدمة إلكترونية,2025/02/25,38233344
الخدمات الرقمية,عام,القطاع العام,خدمة إلكترونية,2025/02/25,38233716
الخدمات الرقمية,عام,القطاع العام,خدمة إلكترونية,2025/02/25,38233724
الخدمات الرقمية,عام,القطاع العام,خدمة إلكترونية,2025/02/25,38233746
الخدمات الرقمية,عام,القطاع العام,خدمة إلكترونية,2025/02/25,38235932
الخدمات الرقمية,عام,القطاع العام,خدمة إلكترونية,2025/02/25,38238641
الخدمات الرقمية,عام,القطاع العام,خدمة إلكترونية,2025/02/25,38244396
منطقة الجوف,سكاكا,القطاع الخاص,خدمة إلكترونية جزئيا,2025/02/25,38244061
الخدمات الرقمية,عام,القطاع العام,خدمة إلكترونية,2025/02/26,38245578
الخدمات الرقمية,كتابة عدل مدمجة - افتراضية,القطاع العام,خدمة إلكترونية جزئيا,2025/02/26,38247073
الخدمات الرقمية,عام,القطاع العام,خدمة إلكترونية,2025/02/26,38248406
الخدمات الرقمية,عام,القطاع العام,خدمة إلكترونية,2025/02/26,38248704
الخدمات الرقمية,عام,القطاع العام,خدمة إلكترونية,2025/02/26,38248946
الخدمات الرقمية,عام,القطاع العام,خدمة إلكترونية,2025/02/26,38249452
الخدمات الرقمية,كتابة عدل مدمجة - افتراضية,القطاع العام,خدمة إلكترونية جزئيا,2025/02/26,38253166
الخدمات الرقمية,عام,القطاع العام,خدمة إلكترونية,2025/02/26,38253312
الخدمات الرقمية,عام,القطاع العام,خدمة إلكترونية,2025/02/26,38253642
الخدمات الرقمية,عام,القطاع العام,خدمة إلكترونية,2025/02/26,38256602
الخدمات الرقمية,عام,القطاع العام,خدمة إلكترونية,2025/02/26,38260894
الخدمات الرقمية,عام,القطاع العام,خدمة إلكترونية,2025/02/26,38264654
الخدمات الرقمية,عام,القطاع العام,خدمة إلكترونية,2025/02/26,38264669
الخدمات الرقمية,عام,القطاع العام,خدمة إلكترونية,2025/02/26,38264955
الخدمات الرقمية,عام,القطاع العام,خدمة إلكترونية,2025/02/26,38265366
الخدمات الرقمية,عام,القطاع العام,خدمة إلكترونية,2025/02/27,38266421
منطقة الرياض,الرياض,القطاع العام,خدمة إلكترونية جزئيا,2025/02/27,38269083
منطقة الرياض,الرياض,القطاع العام,خدمة إلكترونية جزئيا,2025/02/27,38269271
منطقة الرياض,الرياض,القطاع العام,خدمة إلكترونية جزئيا,2025/02/27,38269586
الخدمات الرقمية,عام,القطاع العام,خدمة إلكترونية,2025/02/27,38271285
الخدمات الرقمية,عام,القطاع العام,خدمة إلكترونية,2025/02/27,38273470
الخدمات الرقمية,عام,القطاع العام,خدمة إلكترونية,2025/02/27,38276664
الخدمات الرقمية,عام,القطاع العام,خدمة إلكترونية,2025/02/27,38276733
الخدمات الرقمية,عام,القطاع العام,خدمة إلكترونية,2025/02/27,38277224
الخدمات الرقمية,عام,القطاع العام,خدمة إلكترونية,2025/02/27,38277708
الخدمات الرقمية,عام,القطاع العام,خدمة إلكترونية,2025/02/28,38282410
الخدمات الرقمية,عام,القطاع العام,خدمة إلكترونية,2025/02/28,38283976
الخدمات الرقمية,عام,القطاع العام,خدمة إلكترونية,2025/03/01,38287144
الخدمات الرقمية,عام,القطاع العام,خدمة إلكترونية,2025/03/01,38287901
الخدمات الرقمية,عام,القطاع العام,خدمة إلكترونية,2025/03/01,38291964
الخدمات الرقمية,عام,القطاع العام,خدمة إلكترونية,2025/03/01,38292094
الخدمات الرقمية,عام,القطاع العام,خدمة إلكترونية,2025/03/02,38295947
الخدمات الرقمية,عام,القطاع العام,خدمة إلكترونية,2025/03/02,38296551
الخدمات الرقمية,عام,القطاع العام,خدمة إلكترونية جزئيا,2025/03/02,38297425
منطقة الرياض,الرياض,القطاع العام,خدمة إلكترونية جزئيا,2025/03/02,38298257
منطقة الرياض,الرياض,القطاع العام,خدمة إلكترونية جزئيا,2025/03/02,38298433
الخدمات الرقمية,عام,القطاع العام,خدمة إلكترونية,2025/03/02,38299288
الخدمات الرقمية,كتابة عدل مدمجة - افتراضية,القطاع العام,خدمة إلكترونية جزئيا,2025/03/02,38300349
الخدمات الرقمية,عام,القطاع العام,خدمة إلكترونية,2025/03/02,38301449
الخدمات الرقمية,عام,القطاع العام,خدمة إلكترونية,2025/03/02,38303541
الخدمات الرقمية,عام,القطاع العام,خدمة إلكترونية,2025/03/02,38303682
الخدمات الرقمية,عام,القطاع العام,خدمة إلكترونية,2025/03/02,38303922
الخدمات الرقمية,عام,القطاع العام,خدمة إلكترونية,2025/03/02,38304708
الخدمات الرقمية,عام,القطاع العام,خدمة إلكترونية,2025/03/02,38306284
الخدمات الرقمية,عام,القطاع العام,خدمة إلكترونية,2025/03/02,38308602
الخدمات الرقمية,عام,القطاع العام,خدمة إلكترونية,2025/03/03,38313387
منطقة الرياض,الرياض,القطاع العام,خدمة إلكترونية جزئيا,2025/03/03,38315313
منطقة الرياض,الرياض,القطاع العام,خدمة إلكترونية جزئيا,2025/03/03,38315540
الخدمات الرقمية,عام,القطاع العام,خدمة إلكترونية,2025/03/03,38319801
الخدمات الرقمية,عام,القطاع العام,خدمة إلكترونية,2025/03/03,38323067
الخدمات الرقمية,عام,القطاع العام,خدمة إلكترونية,2025/03/03,38324938
الخدمات الرقمية,عام,القطاع العام,خدمة إلكترونية,2025/03/04,38330164
الخدمات الرقمية,عام,القطاع العام,خدمة إلكترونية,2025/03/04,38331404
الخدمات الرقمية,عام,القطاع العام,خدمة إلكترونية,2025/03/04,38331513
الخدمات الرقمية,عام,القطاع العام,خدمة إلكترونية,2025/03/04,38333283
الخدمات الرقمية,عام,القطاع العام,خدمة إلكترونية,2025/03/04,38333627
الخدمات الرقمية,كتابة عدل مدمجة - افتراضية,القطاع العام,خدمة إلكترونية جزئيا,2025/03/04,38342587
الخدمات الرقمية,عام,القطاع العام,خدمة إلكترونية,2025/03/05,38344109
الخدمات الرقمية,عام,القطاع العام,خدمة إلكترونية,2025/03/05,38345273
الخدمات الرقمية,عام,القطاع العام,خدمة إلكترونية,2025/03/05,38346617
الخدمات الرقمية,عام,القطاع العام,خدمة إلكترونية,2025/03/05,38346847
الخدمات الرقمية,عام,القطاع العام,خدمة إلكترونية,2025/03/05,38348127
الخدمات الرقمية,كتابة عدل مدمجة - افتراضية,القطاع العام,خدمة إلكترونية جزئيا,2025/03/05,38348595
الخدمات الرقمية,عام,القطاع العام,خدمة إلكترونية,2025/03/05,38348803
الخدمات الرقمية,كتابة عدل مدمجة - افتراضية,القطاع العام,خدمة إلكترونية جزئيا,2025/03/05,38348896
الخدمات الرقمية,عام,القطاع العام,خدمة إلكترونية جزئيا,2025/03/05,38349685
الخدمات الرقمية,عام,القطاع العام,خدمة إلكترونية,2025/03/05,38350859
الخدمات الرقمية,كتابة عدل مدمجة - افتراضية,القطاع العام,خدمة إلكترونية جزئيا,2025/03/05,38352222
الخدمات الرقمية,عام,القطاع العام,خدمة إلكترونية,2025/03/05,38355100
الخدمات الرقمية,عام,القطاع العام,خدمة إلكترونية,2025/03/05,38358865
الخدمات الرقمية,كتابة عدل مدمجة - افتراضية,القطاع العام,خدمة إلكترونية جزئيا,2025/03/05,38359725
الخدمات الرقمية,عام,القطاع العام,خدمة إلكترونية,2025/03/06,38364394
الخدمات الرقمية,عام,القطاع العام,خدمة إلكترونية,2025/03/06,38364490
الخدمات الرقمية,عام,القطاع العام,خدمة إلكترونية,2025/03/06,38364792
الخدمات الرقمية,عام,القطاع العام,خدمة إلكترونية,2025/03/06,38367125
الخدمات الرقمية,كتابة عدل مدمجة - افتراضية,القطاع العام,خدمة إلكترونية جزئيا,2025/03/06,38368929
الخدمات الرقمية,عام,القطاع العام,خدمة إلكترونية,2025/03/06,38371238
الخدمات الرقمية,عام,القطاع العام,خدمة إلكترونية,2025/03/06,38371515
الخدمات الرقمية,عام,القطاع العام,خدمة إلكترونية,2025/03/06,38373398
الخدمات الرقمية,كتابة عدل مدمجة - افتراضية,القطاع العام,خدمة إلكترونية جزئيا,2025/03/06,38374484
الخدمات الرقمية,عام,القطاع العام,خدمة إلكترونية,2025/03/06,38374503
الخدمات الرقمية,عام,القطاع العام,خدمة إلكترونية,2025/03/07,38377674
الخدمات الرقمية,عام,القطاع العام,خدمة إلكترونية,2025/03/07,38380178
الخدمات الرقمية,عام,القطاع العام,خدمة إلكترونية,2025/03/07,38380524
الخدمات الرقمية,عام,القطاع العام,خدمة إلكترونية,2025/03/08,38381233
الخدمات الرقمية,عام,القطاع العام,خدمة إلكترونية,2025/03/08,38381545
الخدمات الرقمية,عام,القطاع العام,خدمة إلكترونية,2025/03/08,38383621
الخدمات الرقمية,عام,القطاع العام,خدمة إلكترونية,2025/03/08,38385396
الخدمات الرقمية,عام,القطاع العام,خدمة إلكترونية,2025/03/08,38386157
الخدمات الرقمية,عام,القطاع العام,خدمة إلكترونية,2025/03/08,38386894
الخدمات الرقمية,كتابة عدل مدمجة - افتراضية,القطاع العام,خدمة إلكترونية جزئيا,2025/03/08,38387919
الخدمات الرقمية,عام,القطاع العام,خدمة إلكترونية,2025/03/08,38388296
الخدمات الرقمية,عام,القطاع العام,خدمة إلكترونية,2025/03/08,38388704
الخدمات الرقمية,عام,القطاع العام,خدمة إلكترونية,2025/03/08,38389007
الخدمات الرقمية,عام,القطاع العام,خدمة إلكترونية,2025/03/09,38390127
الخدمات الرقمية,عام,القطاع العام,خدمة إلكترونية,2025/03/09,38390913
الخدمات الرقمية,عام,القطاع العام,خدمة إلكترونية,2025/03/09,38390951
الخدمات الرقمية,عام,القطاع العام,خدمة إلكترونية,2025/03/09,38391676
الخدمات الرقمية,عام,القطاع العام,خدمة إلكترونية,2025/03/09,38391695
الخدمات الرقمية,عام,القطاع العام,خدمة إلكترونية,2025/03/09,38391929
الخدمات الرقمية,عام,القطاع العام,خدمة إلكترونية,2025/03/09,38392111
الخدمات الرقمية,عام,القطاع العام,خدمة إلكترونية,2025/03/09,38392414
الخدمات الرقمية,عام,القطاع العام,خدمة إلكترونية,2025/03/09,38392539
الخدمات الرقمية,عام,القطاع العام,خدمة إلكترونية,2025/03/09,38392670
الخدمات الرقمية,عام,القطاع العام,خدمة إلكترونية,2025/03/09,38393808
الخدمات الرقمية,عام,القطاع العام,خدمة إلكترونية,2025/03/09,38394343
الخدمات الرقمية,عام,القطاع العام,خدمة إلكترونية,2025/03/09,38395407
الخدمات الرقمية,كتابة عدل مدمجة - افتراضية,القطاع العام,خدمة إلكترونية جزئيا,2025/03/09,38398563
الخدمات الرقمية,كتابة عدل مدمجة - افتراضية,القطاع العام,خدمة إلكترونية جزئيا,2025/03/09,38399055
الخدمات الرقمية,عام,القطاع العام,خدمة إلكترونية,2025/03/09,38402150
الخدمات الرقمية,عام,القطاع العام,خدمة إلكترونية,2025/03/09,38402337
الخدمات الرقمية,عام,القطاع العام,خدمة إلكترونية,2025/03/09,38403762
الخدمات الرقمية,عام,القطاع العام,خدمة إلكترونية,2025/03/09,38404139
الخدمات الرقمية,عام,القطاع العام,خدمة إلكترونية,2025/03/10,38410413
الخدمات الرقمية,عام,القطاع العام,خدمة إلكترونية,2025/03/10,38412040
الخدمات الرقمية,عام,القطاع العام,خدمة إلكترونية,2025/03/10,38412724
الخدمات الرقمية,عام,القطاع العام,خدمة إلكترونية,2025/03/10,38414696
الخدمات الرقمية,عام,القطاع العام,خدمة إلكترونية,2025/03/10,38415354
الخدمات الرقمية,عام,القطاع العام,خدمة إلكترونية جزئيا,2025/03/10,38416372
الخدمات الرقمية,عام,القطاع العام,خدمة إلكترونية,2025/03/10,38418974
الخدمات الرقمية,عام,القطاع العام,خدمة إلكترونية,2025/03/10,38419606
الخدمات الرقمية,عام,القطاع العام,خدمة إلكترونية,2025/03/10,38420077
الخدمات الرقمية,عام,القطاع العام,خدمة إلكترونية,2025/03/10,38421771
الخدمات الرقمية,عام,القطاع العام,خدمة إلكترونية,2025/03/10,38421908
الخدمات الرقمية,عام,القطاع العام,خدمة إلكترونية,2025/03/10,38422516
الخدمات الرقمية,عام,القطاع العام,خدمة إلكترونية,2025/03/10,38423318
الخدمات الرقمية,عام,القطاع العام,خدمة إلكترونية,2025/03/10,38423536
الخدمات الرقمية,عام,القطاع العام,خدمة إلكترونية,2025/03/10,38424885
الخدمات الرقمية,عام,القطاع العام,خدمة إلكترونية,2025/03/10,38424995
الخدمات الرقمية,عام,القطاع العام,خدمة إلكترونية,2025/03/10,38425064
الخدمات الرقمية,عام,القطاع العام,خدمة إلكترونية,2025/03/10,38426612
الخدمات الرقمية,عام,القطاع العام,خدمة إلكترونية,2025/03/11,38426684
الخدمات الرقمية,عام,القطاع العام,خدمة إلكترونية,2025/03/11,38427504
الخدمات الرقمية,عام,القطاع العام,خدمة إلكترونية,2025/03/11,38429413
الخدمات الرقمية,عام,القطاع العام,خدمة إلكترونية,2025/03/11,38429642
الخدمات الرقمية,عام,القطاع العام,خدمة إلكترونية,2025/03/11,38429956
الخدمات الرقمية,عام,القطاع العام,خدمة إلكترونية,2025/03/11,38430404
الخدمات الرقمية,عام,القطاع العام,خدمة إلكترونية,2025/03/11,38431745
الخدمات الرقمية,عام,القطاع العام,خدمة إلكترونية,2025/03/11,38432337
الخدمات الرقمية,عام,القطاع العام,خدمة إلكترونية,2025/03/11,38432404
الخدمات الرقمية,عام,القطاع العام,خدمة إلكترونية,2025/03/11,38432761
الخدمات الرقمية,كتابة عدل مدمجة - افتراضية,القطاع العام,خدمة إلكترونية جزئيا,2025/03/11,38433054
الخدمات الرقمية,عام,القطاع العام,خدمة إلكترونية,2025/03/11,38433148
منطقة القصيم,بريده,القطاع العام,خدمة إلكترونية جزئيا,2025/03/11,38434374
الخدمات الرقمية,عام,القطاع العام,خدمة إلكترونية,2025/03/11,38437792
الخدمات الرقمية,عام,القطاع العام,خدمة إلكترونية,2025/03/11,38440261
الخدمات الرقمية,عام,القطاع العام,خدمة إلكترونية,2025/03/11,38443123
الخدمات الرقمية,عام,القطاع العام,خدمة إلكترونية,2025/03/11,38443349
الخدمات الرقمية,عام,القطاع العام,خدمة إلكترونية,2025/03/12,38445208
الخدمات الرقمية,عام,القطاع العام,خدمة إلكترونية,2025/03/12,38448813
الخدمات الرقمية,عام,القطاع العام,خدمة إلكترونية,2025/03/12,38450294
الخدمات الرقمية,عام,القطاع العام,خدمة إلكترونية,2025/03/12,38452427
الخدمات الرقمية,عام,القطاع العام,خدمة إلكترونية,2025/03/12,38453458
الخدمات الرقمية,عام,القطاع العام,خدمة إلكترونية,2025/03/12,38455240
الخدمات الرقمية,عام,القطاع العام,خدمة إلكترونية,2025/03/12,38455352
الخدمات الرقمية,عام,القطاع العام,خدمة إلكترونية,2025/03/12,38455380
الخدمات الرقمية,عام,القطاع العام,خدمة إلكترونية,2025/03/12,38457047
الخدمات الرقمية,عام,القطاع العام,خدمة إلكترونية,2025/03/12,38461439
الخدمات الرقمية,عام,القطاع العام,خدمة إلكترونية,2025/03/13,38462885
الخدمات الرقمية,عام,القطاع العام,خدمة إلكترونية,2025/03/13,38464745
الخدمات الرقمية,عام,القطاع العام,خدمة إلكترونية,2025/03/13,38464753
الخدمات الرقمية,كتابة عدل مدمجة - افتراضية,القطاع العام,خدمة إلكترونية جزئيا,2025/03/13,38465087
الخدمات الرقمية,عام,القطاع العام,خدمة إلكترونية,2025/03/13,38466243
منطقة الرياض,الرياض,القطاع العام,خدمة إلكترونية جزئيا,2025/03/13,38468630
الخدمات الرقمية,عام,القطاع العام,خدمة إلكترونية,2025/03/13,38468755
منطقة الشرقية,الدمام,القطاع الخاص,خدمة إلكترونية جزئيا,2025/03/13,38469289
الخدمات الرقمية,عام,القطاع العام,خدمة إلكترونية,2025/03/13,38470427
الخدمات الرقمية,عام,القطاع العام,خدمة إلكترونية,2025/03/13,38471092
الخدمات الرقمية,عام,القطاع العام,خدمة إلكترونية,2025/03/13,38473475
الخدمات الرقمية,عام,القطاع العام,خدمة إلكترونية,2025/03/13,38473818
الخدمات الرقمية,عام,القطاع العام,خدمة إلكترونية,2025/03/14,38478548
الخدمات الرقمية,عام,القطاع العام,خدمة إلكترونية,2025/03/14,38479190
الخدمات الرقمية,عام,القطاع العام,خدمة إلكترونية,2025/03/14,38479266
الخدمات الرقمية,عام,القطاع العام,خدمة إلكترونية,2025/03/14,38479302
الخدمات الرقمية,عام,القطاع العام,خدمة إلكترونية,2025/03/14,38480580
الخدمات الرقمية,عام,القطاع العام,خدمة إلكترونية,2025/03/15,38483459
الخدمات الرقمية,عام,القطاع العام,خدمة إلكترونية,2025/03/15,38483796
الخدمات الرقمية,عام,القطاع العام,خدمة إلكترونية,2025/03/15,38486328
الخدمات الرقمية,عام,القطاع العام,خدمة إلكترونية,2025/03/15,38489227
الخدمات الرقمية,عام,القطاع العام,خدمة إلكترونية,2025/03/15,38490403
الخدمات الرقمية,عام,القطاع العام,خدمة إلكترونية,2025/03/15,38490759
الخدمات الرقمية,عام,القطاع العام,خدمة إلكترونية,2025/03/16,38492422
الخدمات الرقمية,عام,القطاع العام,خدمة إلكترونية,2025/03/16,38493017
الخدمات الرقمية,عام,القطاع العام,خدمة إلكترونية,2025/03/16,38494442
الخدمات الرقمية,عام,القطاع العام,خدمة إلكترونية,2025/03/16,38495321
الخدمات الرقمية,عام,القطاع العام,خدمة إلكترونية,2025/03/16,38496526
الخدمات الرقمية,عام,القطاع العام,خدمة إلكترونية,2025/03/16,38496540
الخدمات الرقمية,عام,القطاع العام,خدمة إلكترونية جزئيا,2025/03/16,38499448
الخدمات الرقمية,عام,القطاع العام,خدمة إلكترونية,2025/03/16,38500205
الخدمات الرقمية,كتابة عدل مدمجة - افتراضية,القطاع العام,خدمة إلكترونية جزئيا,2025/03/16,38500208
الخدمات الرقمية,عام,القطاع العام,خدمة إلكترونية,2025/03/16,38500656
الخدمات الرقمية,كتابة عدل مدمجة - افتراضية,القطاع العام,خدمة إلكترونية جزئيا,2025/03/16,38500875
الخدمات الرقمية,عام,القطاع العام,خدمة إلكترونية جزئيا,2025/03/16,38501012
الخدمات الرقمية,كتابة عدل مدمجة - افتراضية,القطاع العام,خدمة إلكترونية جزئيا,2025/03/16,38501937
الخدمات الرقمية,عام,القطاع العام,خدمة إلكترونية,2025/03/16,38504674
الخدمات الرقمية,عام,القطاع العام,خدمة إلكترونية,2025/03/16,38505238
الخدمات الرقمية,عام,القطاع العام,خدمة إلكترونية,2025/03/16,38506961
الخدمات الرقمية,عام,القطاع العام,خدمة إلكترونية,2025/03/17,38508658
الخدمات الرقمية,عام,القطاع العام,خدمة إلكترونية,2025/03/17,38515858
الخدمات الرقمية,عام,القطاع العام,خدمة إلكترونية,2025/03/17,38522737
الخدمات الرقمية,عام,القطاع العام,خدمة إلكترونية,2025/03/17,38523201
الخدمات الرقمية,عام,القطاع العام,خدمة إلكترونية,2025/03/17,38523389
الخدمات الرقمية,عام,القطاع العام,خدمة إلكترونية,2025/03/17,38525052
الخدمات الرقمية,عام,القطاع العام,خدمة إلكترونية,2025/03/18,38531294
الخدمات الرقمية,عام,القطاع العام,خدمة إلكترونية,2025/03/18,38531703
الخدمات الرقمية,عام,القطاع العام,خدمة إلكترونية,2025/03/18,38531740
الخدمات الرقمية,عام,القطاع العام,خدمة إلكترونية,2025/03/18,38534504
الخدمات الرقمية,عام,القطاع العام,خدمة إلكترونية,2025/03/18,38535027
الخدمات الرقمية,عام,القطاع العام,خدمة إلكترونية,2025/03/18,38536083
الخدمات الرقمية,عام,القطاع العام,خدمة إلكترونية,2025/03/18,38538570
الخدمات الرقمية,عام,القطاع العام,خدمة إلكترونية,2025/03/18,38539670
الخدمات الرقمية,عام,القطاع العام,خدمة إلكترونية,2025/03/18,38544429
الخدمات الرقمية,عام,القطاع العام,خدمة إلكترونية,2025/03/18,38544560
الخدمات الرقمية,عام,القطاع العام,خدمة إلكترونية جزئيا,2025/03/19,38545322
الخدمات الرقمية,عام,القطاع العام,خدمة إلكترونية,2025/03/19,38545881
الخدمات الرقمية,عام,القطاع العام,خدمة إلكترونية,2025/03/19,38546757
الخدمات الرقمية,عام,القطاع العام,خدمة إلكترونية,2025/03/19,38546840
الخدمات الرقمية,عام,القطاع العام,خدمة إلكترونية,2025/03/19,38547492
الخدمات الرقمية,عام,القطاع العام,خدمة إلكترونية,2025/03/19,38547572
الخدمات الرقمية,عام,القطاع العام,خدمة إلكترونية,2025/03/19,38547927
الخدمات الرقمية,عام,القطاع العام,خدمة إلكترونية,2025/03/19,38548361
الخدمات الرقمية,عام,القطاع العام,خدمة إلكترونية,2025/03/19,38549688
منطقة الرياض,الرياض,القطاع العام,خدمة إلكترونية جزئيا,2025/03/19,38552557
الخدمات الرقمية,عام,القطاع العام,خدمة إلكترونية,2025/03/19,38553303
الخدمات الرقمية,عام,القطاع العام,خدمة إلكترونية,2025/03/19,38553626
الخدمات الرقمية,عام,القطاع العام,خدمة إلكترونية,2025/03/19,38553762
الخدمات الرقمية,عام,القطاع العام,خدمة إلكترونية,2025/03/19,38553814
الخدمات الرقمية,عام,القطاع العام,خدمة إلكترونية,2025/03/19,38554874
الخدمات الرقمية,كتابة عدل مدمجة - افتراضية,القطاع العام,خدمة إلكترونية جزئيا,2025/03/19,38555144
الخدمات الرقمية,عام,القطاع العام,خدمة إلكترونية,2025/03/19,38555427
الخدمات الرقمية,عام,القطاع العام,خدمة إلكترونية,2025/03/19,38557518
الخدمات الرقمية,كتابة عدل مدمجة - افتراضية,القطاع العام,خدمة إلكترونية جزئيا,2025/03/19,38559277
الخدمات الرقمية,عام,القطاع العام,خدمة إلكترونية,2025/03/19,38560122
الخدمات الرقمية,عام,القطاع العام,خدمة إلكترونية,2025/03/19,38560686
الخدمات الرقمية,عام,القطاع العام,خدمة إلكترونية,2025/03/19,38562074
الخدمات الرقمية,عام,القطاع العام,خدمة إلكترونية,2025/03/20,38564689
الخدمات الرقمية,عام,القطاع العام,خدمة إلكترونية,2025/03/20,38566178
الخدمات الرقمية,عام,القطاع العام,خدمة إلكترونية,2025/03/20,38566401
الخدمات الرقمية,عام,القطاع العام,خدمة إلكترونية,2025/03/20,38566510
الخدمات الرقمية,عام,القطاع العام,خدمة إلكترونية,2025/03/20,38568185
الخدمات الرقمية,عام,القطاع العام,خدمة إلكترونية,2025/03/20,38568380
الخدمات الرقمية,عام,القطاع العام,خدمة إلكترونية,2025/03/20,38568488
الخدمات الرقمية,عام,القطاع العام,خدمة إلكترونية,2025/03/20,38569517
الخدمات الرقمية,عام,القطاع العام,خدمة إلكترونية,2025/03/20,38569854
الخدمات الرقمية,كتابة عدل مدمجة - افتراضية,القطاع العام,خدمة إلكترونية جزئيا,2025/03/20,38572356
الخدمات الرقمية,عام,القطاع العام,خدمة إلكترونية,2025/03/20,38573908
الخدمات الرقمية,عام,القطاع العام,خدمة إلكترونية,2025/03/20,38576108
الخدمات الرقمية,عام,القطاع العام,خدمة إلكترونية,2025/03/21,38578490
الخدمات الرقمية,عام,القطاع العام,خدمة إلكترونية,2025/03/21,38578506
الخدمات الرقمية,عام,القطاع العام,خدمة إلكترونية,2025/03/21,38579981
الخدمات الرقمية,عام,القطاع العام,خدمة إلكترونية,2025/03/21,38580186
الخدمات الرقمية,عام,القطاع العام,خدمة إلكترونية,2025/03/22,38586710
الخدمات الرقمية,عام,القطاع العام,خدمة إلكترونية,2025/03/22,38581881
الخدمات الرقمية,عام,القطاع العام,خدمة إلكترونية,2025/03/22,38582357
الخدمات الرقمية,عام,القطاع العام,خدمة إلكترونية,2025/03/22,38582782
الخدمات الرقمية,عام,القطاع العام,خدمة إلكترونية,2025/03/22,38582986
الخدمات الرقمية,عام,القطاع العام,خدمة إلكترونية,2025/03/22,38583215
الخدمات الرقمية,عام,القطاع العام,خدمة إلكترونية,2025/03/22,38583298
الخدمات الرقمية,عام,القطاع العام,خدمة إلكترونية,2025/03/22,38583564
الخدمات الرقمية,عام,القطاع العام,خدمة إلكترونية,2025/03/22,38584158
الخدمات الرقمية,عام,القطاع العام,خدمة إلكترونية,2025/03/22,38584543
الخدمات الرقمية,عام,القطاع العام,خدمة إلكترونية,2025/03/22,38585003
الخدمات الرقمية,عام,القطاع العام,خدمة إلكترونية,2025/03/22,38585124
الخدمات الرقمية,عام,القطاع العام,خدمة إلكترونية,2025/03/22,38586572
الخدمات الرقمية,عام,القطاع العام,خدمة إلكترونية,2025/03/22,38589585
الخدمات الرقمية,عام,القطاع العام,خدمة إلكترونية,2025/03/23,38590633
الخدمات الرقمية,عام,القطاع العام,خدمة إلكترونية,2025/03/23,38593647
الخدمات الرقمية,عام,القطاع العام,خدمة إلكترونية,2025/03/23,38595698
الخدمات الرقمية,عام,القطاع العام,خدمة إلكترونية,2025/03/23,38596977
الخدمات الرقمية,عام,القطاع العام,خدمة إلكترونية,2025/03/23,38597017
الخدمات الرقمية,عام,القطاع العام,خدمة إلكترونية,2025/03/23,38598319
الخدمات الرقمية,عام,القطاع العام,خدمة إلكترونية,2025/03/23,38598397
الخدمات الرقمية,عام,القطاع العام,خدمة إلكترونية,2025/03/23,38598477
الخدمات الرقمية,عام,القطاع العام,خدمة إلكترونية,2025/03/23,38598522
الخدمات الرقمية,عام,القطاع العام,خدمة إلكترونية,2025/03/23,38602566
الخدمات الرقمية,عام,القطاع العام,خدمة إلكترونية,2025/03/23,38602990
الخدمات الرقمية,عام,القطاع العام,خدمة إلكترونية,2025/03/23,38603210
الخدمات الرقمية,عام,القطاع العام,خدمة إلكترونية,2025/03/24,38607152
الخدمات الرقمية,عام,القطاع العام,خدمة إلكترونية,2025/03/24,38609589
الخدمات الرقمية,عام,القطاع العام,خدمة إلكترونية,2025/03/24,38610778
الخدمات الرقمية,عام,القطاع العام,خدمة إلكترونية,2025/03/24,38612771
الخدمات الرقمية,كتابة عدل مدمجة - افتراضية,القطاع العام,خدمة إلكترونية جزئيا,2025/03/24,38615567
الخدمات الرقمية,عام,القطاع العام,خدمة إلكترونية,2025/03/24,38615777
الخدمات الرقمية,عام,القطاع العام,خدمة إلكترونية,2025/03/24,38616553
الخدمات الرقمية,كتابة عدل مدمجة - افتراضية,القطاع العام,خدمة إلكترونية جزئيا,2025/03/24,38616718
الخدمات الرقمية,عام,القطاع العام,خدمة إلكترونية,2025/03/24,38619345
الخدمات الرقمية,عام,القطاع العام,خدمة إلكترونية,2025/03/25,38625700
الخدمات الرقمية,عام,القطاع العام,خدمة إلكترونية,2025/03/25,38628695
الخدمات الرقمية,عام,القطاع العام,خدمة إلكترونية,2025/03/26,38633709
الخدمات الرقمية,عام,القطاع العام,خدمة إلكترونية,2025/03/27,38638725
الخدمات الرقمية,عام,القطاع العام,خدمة إلكترونية,2025/03/27,38641762
الخدمات الرقمية,عام,القطاع العام,خدمة إلكترونية,2025/03/28,38642243
الخدمات الرقمية,عام,القطاع العام,خدمة إلكترونية,2025/03/30,38645909
