السنة ,الربع,المنطقة ,المدينة,الحي ,نوع العقار ,تصنيف العقار ,عدد الصفقات,متوسط الايجار ,متوسط الايجار لكل متر مربع 
2025,3,الباحة,الباحة,المنتزهات,شقة,سكني,11,16333.33,153.61
2025,3,الباحة,الباحة,السوق,محل,تجاري,136,0,0
2025,3,الباحة,الباحة,الروضة,شقة,سكني,21,17208.33,132.7
2025,3,الباحة,الباحة,الروضة,محل,تجاري,10,0,0
2025,3,الباحة,قلوة,قرطبة,محل,تجاري,2,0,0
2025,3,الباحة,الباحة,السوق,شقة,سكني,465,17549.34,146.19
2025,3,الباحة,المندق,الغيم,شقة,سكني,24,15166.66,138.72
2025,3,الباحة,الباحة,السحاب,شقة,سكني,75,16694.11,129.1
2025,3,الباحة,العقيق,الجوزاء,محل,تجاري,1,0,0
2025,3,الباحة,سوق الحجره,سوق الحجره,شقة,سكني,18,12327.27,129.5
2025,3,الباحة,مديره,الشهداء,شقة,سكني,1,12000,80
2025,3,الباحة,ناوان,ناوان,محل,تجاري,2,0,0
2025,3,الباحة,الباحة,التلال,شقة,سكني,1,18000,120
2025,3,الباحة,الترس,الترس,شقة,سكني,1,9600,106.66
2025,3,الباحة,الباحة,الرحاب,شقة,سكني,47,13700,105.62
2025,3,الباحة,المندق,الأريج,شقة,سكني,3,15500,79.47
2025,3,الباحة,الحيموم,الحيموم,شقة,سكني,2,18000,130.9
2025,3,الباحة,المخواة,القفيل,محل,تجاري,1,0,0
2025,3,الباحة,قلوة,قرطبة,شقة,سكني,4,15625,106.42
2025,3,الباحة,حدبه الكراع,حدبه الكراع,شقة,سكني,2,12000,102.85
2025,3,الباحة,المخواة,المحمدية,دور,سكني,1,6000,20
2025,3,الباحة,الثويمات,الكادي,استديو,سكني,1,12000,300
2025,3,الباحة,بلجرشي,النجاح,شقة,سكني,7,15333.33,144.27
2025,3,الباحة,الباحة,النزهة,دور,سكني,6,20333.33,116.11
2025,3,الباحة,الباحة,السوق,دور,سكني,6,16300,76.03
2025,3,الباحة,الاحد,الاحد,شقة,سكني,1,6000,60
2025,3,الباحة,الباحة,المروج,دور,سكني,2,18000,100
2025,3,الباحة,العقيق,السلامة,شقة,سكني,149,13290,103.96
2025,3,الباحة,الباحة,البساتين,محل,تجاري,19,0,0
2025,3,الباحة,العقيق,النخيل,شقة,سكني,192,13652.38,132.79
2025,3,الباحة,الأطاولة,الأفق,شقة,سكني,20,14166.66,113.24
2025,3,الباحة,الباحة,المنار,محل,تجاري,2,0,0
2025,3,الباحة,الأطاولة,الأفق,محل,تجاري,6,0,0
2025,3,الباحة,حماده والموبل,حماده والموبل,شقة,سكني,1,6000,30
2025,3,الباحة,معشوقه,الفلاح,محل,تجاري,1,0,0
2025,3,الباحة,المخواة,الوفاق,شقة,سكني,1,13000,130
2025,3,الباحة,الباحة,الواحة,محل,تجاري,1,0,0
2025,3,الباحة,الخفج والخفيج,الخفج والخفيج,شقة,سكني,1,4800,53.33
2025,3,الباحة,وادي انيام,الديوان,شقة,سكني,1,18000,100
2025,3,الباحة,الباحة,الرحاب,دور,سكني,3,52333.33,317.41
2025,3,الباحة,قلوة,القلعة,محل,تجاري,5,0,0
2025,3,الباحة,بلجرشي,الرائد,شقة,سكني,178,14115.36,127.29
2025,3,الباحة,الاغبر الاعلا,الاغبر الاعلا,شقة,سكني,1,12000,126.31
2025,3,الباحة,بلجرشي,الرائد,دور,سكني,9,12000,81.85
2025,3,الباحة,القوارير,البستان,شقة,سكني,1,18000,75
2025,3,الباحة,المخواة,الوسام,دور,سكني,2,17500,116.66
2025,3,الباحة,الباحة,النسيم,فيلا,سكني,1,40000,119.76
2025,3,الباحة,المخواة,الخالدية,محل,تجاري,25,0,0
2025,3,الباحة,المولجه,المولجه,شقة,سكني,1,12000,120
2025,3,الباحة,الضبر,الضبر,شقة,سكني,2,15000,150
2025,3,الباحة,المثيله,الأجيال,دور,سكني,1,12000,120
2025,3,الباحة,قلوة,السهول,استديو,سكني,1,6000,200
2025,3,الباحة,العقيق,المطار,شقة,سكني,237,14586.58,116.95
2025,3,الباحة,الباحة,التلال,محل,تجاري,2,0,0
2025,3,الباحة,مهد عمق,شواحط,شقة,سكني,1,14400,144
2025,3,الباحة,حلايف,حلايف,محل,تجاري,1,0,0
2025,3,الباحة,وادى جدامه,وادى جدامه,شقة,سكني,1,18000,180
2025,3,الباحة,الرهوان,الرهوان,محل,تجاري,6,0,0
2025,3,الباحة,الباحة,النزهة,محل,تجاري,12,0,0
2025,3,الباحة,المنزل,الريحان,محل,تجاري,1,0,0
2025,3,الباحة,المخواة - البيضاء,البيضاء,شقة,سكني,4,7600,53.18
2025,3,الباحة,الباحة,النسيم,استديو,سكني,10,12000,300
2025,3,الباحة,الثويمات,الكادي,محل,تجاري,1,0,0
2025,3,الباحة,حويته,حويته,شقة,سكني,1,9600,96
2025,3,الباحة,أم القصبى,أم القصبى,شقة,سكني,1,7200,90
2025,3,الباحة,برمه,برمه,شقة,سكني,1,12000,92.3
2025,3,الباحة,المندق,العدل,شقة,سكني,14,15450,96.3
2025,3,الباحة,المكاتيم,التسامح,شقة,سكني,2,10800,90
2025,3,الباحة,المخواة,الخالدية,دور,سكني,1,18000,85.71
2025,3,الباحة,اعلى وادي خارم,اعلى وادي خارم,شقة,سكني,1,18000,60
2025,3,الباحة,بلجرشي,الأندلس,شقة,سكني,17,13822.22,131.66
2025,3,الباحة,المخواة - القتيباء,القتيباء,شقة,سكني,1,15600,130
2025,3,الباحة,الباحة,الشروق,محل,تجاري,2,0,0
2025,3,الباحة,قلوة,القادسية,استديو,سكني,1,8400,210
2025,3,الباحة,الباحة,الحجاز,معرض تجاري,تجاري,1,0,0
2025,3,الباحة,الباحة,الروضة,استديو,سكني,1,9600,290.9
2025,3,الباحة,الباحة,التلال,معرض تجاري,تجاري,3,0,0
2025,3,الباحة,قلوة,الجود,شقة,سكني,5,18000,151.26
2025,3,الباحة,الحميدان,الميدان,محل,تجاري,2,0,0
2025,3,الباحة,الباحة,السوق,فيلا,سكني,3,50000,142.85
2025,3,الباحة,المندق,الأريج,استديو,سكني,1,9000,204.54
2025,3,الباحة,المندق,الغروب,محل,تجاري,2,0,0
2025,3,الباحة,القطاعاء والقاع,القطاعاء والقاع,محل,تجاري,1,0,0
2025,3,الباحة,قلوة,قرطبة,فيلا,سكني,1,12000,60
2025,3,الباحة,الباحة,السوق,مكتب,تجاري,8,0,0
2025,3,الباحة,حبس المجوبه,حبس المجوبه,شقة,سكني,3,8000,66.66
2025,3,الباحة,العقيق,الطيبات,دور,سكني,9,18450,66.04
2025,3,الباحة,الباحة,الرحاب,فيلا,سكني,1,12000,14.98
2025,3,الباحة,ناوان,ناوان,دور,سكني,1,21600,115.71
2025,3,الباحة,السهمان,السهمان,شقة,سكني,1,10000,50
2025,3,الباحة,الباحة,الحسام,دور,سكني,5,18800,116.47
2025,3,الباحة,خشعان,خشعان,شقة,سكني,1,10800,90
2025,3,الباحة,بلجرشي,الازهار,دور,سكني,1,12000,100
2025,3,الباحة,المندق,القيروان,شقة,سكني,1,12000,92.3
2025,3,الباحة,صخوان,الريان,شقة,سكني,1,14400,107.46
2025,3,الباحة,القوارير,المجد,استديو,سكني,1,9600,320
2025,3,الباحة,فرعة غامد الزناد - القتيباء,القتيباء,شقة,سكني,4,16666.66,138.27
2025,3,الباحة,المخواة,القفيل,فيلا,سكني,1,12000,93.66
2025,3,الباحة,رمس والدولان,رمس والدولان,شقة,سكني,1,6000,66.66
2025,3,الباحة,الاثيله,الاثيله,شقة,سكني,1,6000,75
2025,3,الباحة,الحجره,الحجره,شقة,سكني,1,10800,77.14
2025,3,الباحة,المخواة,المحمدية,شقة,سكني,25,12646.66,101.99
2025,3,الباحة,العقيق,السلامة,استديو,سكني,3,14150,281.11
2025,3,الباحة,الباحة,الشفاء,شقة,سكني,6,14200,108.46
2025,3,الباحة,الباحة,الواحة,دور,سكني,1,25200,81.29
2025,3,الباحة,المندق,المصائف,مكتب,تجاري,1,0,0
2025,3,الباحة,بلجرشي,الناصرية,محل,تجاري,9,0,0
2025,3,الباحة,بلجرشي,الرائد,مكتب,تجاري,1,0,0
2025,3,الباحة,الحميدان,الميدان,شقة,سكني,16,15285.71,108.89
2025,3,الباحة,الحازم الاعلى والاسفل,الوداد,شقة,سكني,1,19200,137.14
2025,3,الباحة,الباحة,الرحاب,محل,تجاري,3,0,0
2025,3,الباحة,الباحة,المروج,محل,تجاري,3,0,0
2025,3,الباحة,بلجرشي,السلام,دور,سكني,7,19066.66,109.23
2025,3,الباحة,بلجرشي,المدار,شقة,سكني,3,13533.33,156.38
2025,3,الباحة,الشرج الأسفل,الشرج الأسفل,شقة,سكني,1,15000,78.94
2025,3,الباحة,المخواة,الوسام,شقة,سكني,30,14836.36,141.87
2025,3,الباحة,المندق,السراة,شقة,سكني,45,14910.52,122.74
2025,3,الباحة,العقيق,النخيل,محل,تجاري,14,0,0
2025,3,الباحة,ملف القوارير,الغيوم,شقة,سكني,3,13200,165
2025,3,الباحة,المخواة,القفيل,شقة,سكني,47,13572,96.47
2025,3,الباحة,المخواة,المحمدية,محل,تجاري,30,0,0
2025,3,الباحة,عويش,عويش,شقة,سكني,4,5200,40.48
2025,3,الباحة,العقيق,الكوكب,شقة,سكني,1,18000,60
2025,3,الباحة,الباحة,الندى,محل,تجاري,4,0,0
2025,3,الباحة,العقيق,الزهراء,دور,سكني,10,11400,114
2025,3,الباحة,العقيق,النخيل,استديو,سكني,25,7075,163.16
2025,3,الباحة,العقيق,الطيبات,محل,تجاري,16,0,0
2025,3,الباحة,ال شيبان,ال شيبان,دور,سكني,1,12000,93.66
2025,3,الباحة,قلوة,القادسية,محل,تجاري,12,0,0
2025,3,الباحة,المخواة,البهجة,شقة,سكني,5,12000,150
2025,3,الباحة,الخاجه,الخاجه,شقة,سكني,2,13500,140.55
2025,3,الباحة,المعصوم,المعصوم,شقة,سكني,1,4800,60
2025,3,الباحة,الحجرة - فاجه,فاجه,شقة,سكني,1,12000,114.28
2025,3,الباحة,المطيريه,المودة,شقة,سكني,1,18000,150
2025,3,الباحة,المليحه السفلي,المليحه السفلي,شقة,سكني,1,6000,46.83
2025,3,الباحة,حصن الحبس,حصن الحبس,شقة,سكني,1,6000,50
2025,3,الباحة,الباحة,الضباب,محل,تجاري,8,0,0
2025,3,الباحة,حضوه,حضوه,دور,سكني,1,12000,82.75
2025,3,الباحة,ناوان,ناوان,فيلا,سكني,2,17400,33.66
2025,3,الباحة,بلجرشي,المروة,محل,تجاري,6,0,0
2025,3,الباحة,قلوة,تهامة,محل,تجاري,9,0,0
2025,3,الباحة,القطاعاء والقاع,القطاعاء والقاع,شقة,سكني,3,8400,112
2025,3,الباحة,الطينة,الطينة,شقة,سكني,1,18000,78.26
2025,3,الباحة,الريانه,الريانه,شقة,سكني,2,18000,156.25
2025,3,الباحة,ال شيبان,ال شيبان,شقة,سكني,2,12000,93.75
2025,3,الباحة,الباحة,النسيم,دور,سكني,1,15000,150
2025,3,الباحة,قريه وقهاوى ليف,قريه وقهاوى ليف,شقة,سكني,1,15000,125
2025,3,الباحة,السليم الأسفل,السليم الأسفل,شقة,سكني,1,12000,49.38
2025,3,الباحة,قلوة - العين,العين,شقة,سكني,3,7200,54.78
2025,3,الباحة,بلجرشي,الرهوة,شقة,سكني,21,12963.63,112.3
2025,3,الباحة,الزبيه,الزبيه,شقة,سكني,1,18000,180
2025,3,الباحة,قلوة,تهامة,شقة,سكني,46,13650,104.1
2025,3,الباحة,الباحة,الشروق,شقة,سكني,165,13975.51,130.23
2025,3,الباحة,المخواة - المراث,المراث,محل,تجاري,3,0,0
2025,3,الباحة,ابن جباع,ابن جباع,شقة,سكني,1,6000,46.84
2025,3,الباحة,بني حسن,الجوهرة,شقة,سكني,1,14240,142.4
2025,3,الباحة,القري - النباعه,النباعه,شقة,سكني,2,16200,114
2025,3,الباحة,قلوة,العزيزية,محل,تجاري,2,0,0
2025,3,الباحة,القعره,القعره,شقة,سكني,1,18000,150
2025,3,الباحة,القصيباء,القصيباء,شقة,سكني,1,18000,120
2025,3,الباحة,الطيف,الطيف,شقة,سكني,1,9600,96
2025,3,الباحة,المندق,الرضوان,شقة,سكني,5,13250,120.55
2025,3,الباحة,الجبجبه,الجبجبه,شقة,سكني,1,10000,66.66
2025,3,الباحة,حدبه القهيب المخطط,حدبه القهيب المخطط,شقة,سكني,74,12408,112.54
2025,3,الباحة,العقيق,البيعة,استديو,سكني,1,8500,303.57
2025,3,الباحة,بلجرشي,التعاون,شقة,سكني,1,18000,200
2025,3,الباحة,قهب العصيده,قهب العصيده,شقة,سكني,1,9600,80
2025,3,الباحة,سوق الحجره,سوق الحجره,محل,تجاري,4,0,0
2025,3,الباحة,الظليف وضواحيها,الظليف وضواحيها,شقة,سكني,1,18000,90
2025,3,الباحة,المخواة,الخالدية,شقة,سكني,64,12503.44,98.76
2025,3,الباحة,قهب العصيده,الضيقه,شقة,سكني,4,9150,84.92
2025,3,الباحة,ماطوه,الزهور,شقة,سكني,1,11240,112.4
2025,3,الباحة,الباحة,المروج,استديو,سكني,1,10800,216
2025,3,الباحة,قلوة,العزيزية,شقة,سكني,7,9600,89.25
2025,3,الباحة,خباب,خباب,شقة,سكني,2,18000,90
2025,3,الباحة,العقيق,الفردوس,شقة,سكني,1,12000,60
2025,3,الباحة,الحقوين,الحقوين,شقة,سكني,1,18000,60
2025,3,الباحة,العجره,العجره,شقة,سكني,1,5820,48.5
2025,3,الباحة,المخواه,المخواه,شقة,سكني,1,13200,110
2025,3,الباحة,الباحة,الربيع,محل,تجاري,17,0,0
2025,3,الباحة,العقيق,الجامعة,شقة,سكني,39,13954,69.52
2025,3,الباحة,الباحة,النسيم,شقة,سكني,85,17312.5,144.07
2025,3,الباحة,العقيق,الندوة,شقة,سكني,4,14000,159.42
2025,3,الباحة,بلجرشي,الخليج,محل,تجاري,2,0,0
2025,3,الباحة,المضحاه,المضحاه,شقة,سكني,1,12000,100
2025,3,الباحة,الباحة,الضباب,شقة,سكني,39,16112.5,126.85
2025,3,الباحة,العقيق,المطار,محل,تجاري,35,0,0
2025,3,الباحة,الباحة,المصيف,محل,تجاري,16,0,0
2025,3,الباحة,المخواة,الدانة,شقة,سكني,2,17750,160
2025,3,الباحة,ال مرزوق,الفيحاء,شقة,سكني,1,12000,100
2025,3,الباحة,سند القهب,سند القهب,شقة,سكني,1,18000,120
2025,3,الباحة,الكاحله,الكاحله,محل,تجاري,1,0,0
2025,3,الباحة,الباحة,الخزامى,شقة,سكني,13,17900,129.56
2025,3,الباحة,قلوة,القادسية,شقة,سكني,43,13058.82,94.63
2025,3,الباحة,حبس الاثنى,حبس الاثنى,شقة,سكني,6,14400,150.55
2025,3,الباحة,القوارير,المجد,شقة,سكني,2,17000,113.33
2025,3,الباحة,الباحة,الفيصل,شقة,سكني,13,19000,99.28
2025,3,الباحة,بلجرشي,الازهار,محل,تجاري,2,0,0
2025,3,الباحة,بلجرشي,العبير,شقة,سكني,1,8400,70
2025,3,الباحة,بلجرشي,العبير,محل,تجاري,1,0,0
2025,3,الباحة,العقيق,السلامة,دور,سكني,1,21000,70
2025,3,الباحة,بلجرشي,الفيصلية,شقة,سكني,22,12000,101.14
2025,3,الباحة,الجهله,الجهله,شقة,سكني,1,6000,50
2025,3,الباحة,حبس المجوبه,حبس المجوبه,محل,تجاري,2,0,0
2025,3,الباحة,المخواة - الصهوه,الصهوه,شقة,سكني,1,6000,67.41
2025,3,الباحة,الباحة,المنتزهات,محل,تجاري,4,0,0
2025,3,الباحة,خميس الشعراء,خميس الشعراء,شقة,سكني,14,15400,205.87
2025,3,الباحة,المخواة,البهجة,دور,سكني,1,24000,66.66
2025,3,الباحة,عياس ال حمامه,عياس ال حمامه,شقة,سكني,2,9000,97.5
2025,3,الباحة,المخواة,العروبة,شقة,سكني,34,12328.57,88.03
2025,3,الباحة,قلوة,السهول,محل,تجاري,7,0,0
2025,3,الباحة,الباحة,الورود,شقة,سكني,29,18291.66,158.42
2025,3,الباحة,الجنابين,الجزيرة,شقة,سكني,1,12000,100
2025,3,الباحة,الغران,الكوثر,شقة,سكني,2,9200,72.5
2025,3,الباحة,الرميضه,الرميضه,شقة,سكني,1,6000,50
2025,3,الباحة,حبس برعمه,حبس برعمه,شقة,سكني,1,18000,180
2025,3,الباحة,الرهوان,الرهوان,شقة,سكني,2,20000,200
2025,3,الباحة,القرى,القرى,شقة,سكني,3,15000,98.06
2025,3,الباحة,النعره,النعره,شقة,سكني,2,12000,60
2025,3,الباحة,وادى سمعه,وادى سمعه,دور,سكني,1,19200,192
2025,3,الباحة,المندق,العدل,محل,تجاري,4,0,0
2025,3,الباحة,خميس الشعراء,خميس الشعراء,دور,سكني,1,14400,144
2025,3,الباحة,الباحة,المصيف,مكتب,تجاري,1,0,0
2025,3,الباحة,الدقمين,الدقمين,شقة,سكني,1,18000,120
2025,3,الباحة,الباحة,المصيف,شقة,سكني,208,16003.5,133.22
2025,3,الباحة,العقيق,المطار,استديو,سكني,4,15000,182.3
2025,3,الباحة,بلجرشي,النور,شقة,سكني,5,10300,107.52
2025,3,الباحة,بني حسن,الفهد,محل,تجاري,2,0,0
2025,3,الباحة,بلجرشي,الوادي,شقة,سكني,8,12816.66,137.55
2025,3,الباحة,بلجرشي,السلام,محل,تجاري,28,0,0
2025,3,الباحة,الباحة,الشروق,دور,سكني,2,13000,65
2025,3,الباحة,العقيق,السلامة,محل,تجاري,3,0,0
2025,3,الباحة,الباحة,البساتين,شقة,سكني,75,15883.87,114.83
2025,3,الباحة,العقله,التيسير,شقة,سكني,1,17000,141.66
2025,3,الباحة,المخواة,المنتزة,محل,تجاري,7,0,0
2025,3,الباحة,الباحة,النزهة,معرض تجاري,تجاري,9,0,0
2025,3,الباحة,قلوة,القلعة,دور,سكني,1,12000,32.52
2025,3,الباحة,قلوة - العشيره,العشيره,شقة,سكني,1,6000,37.5
2025,3,الباحة,كسارات ابن عيوش والغامدي,كسارات ابن عيوش والغامدي,شقة,سكني,1,5000,32.46
2025,3,الباحة,الباحة,الندى,شقة,سكني,21,11857.14,84.77
2025,3,الباحة,بلجرشي,المروة,دور,سكني,1,18000,100
2025,3,الباحة,آل عياش,آل عياش,شقة,سكني,1,12000,48
2025,3,الباحة,المندق,السراة,محل,تجاري,28,0,0
2025,3,الباحة,قلوة - قلوة - النبعه,قلوة - قلوة - النبعه,شقة,سكني,1,17500,145.83
2025,3,الباحة,الباحة,الحجاز,دور,سكني,6,12000,108.1
2025,3,الباحة,بلجرشي,الزمرد,شقة,سكني,6,13440,125.55
2025,3,الباحة,المندق,العدل,استديو,سكني,1,7200,144
2025,3,الباحة,الباحة,السحاب,محل,تجاري,17,0,0
2025,3,الباحة,بلجرشي,المروة,شقة,سكني,38,14183.33,135.61
2025,3,الباحة,الباحة,الشفاء,محل,تجاري,3,0,0
2025,3,الباحة,الباحة,الحجاز,شقة,سكني,119,14596.44,128.78
2025,3,الباحة,الباحة,المنار,شقة,سكني,39,17155.55,162.88
2025,3,الباحة,العقيق,الزهراء,محل,تجاري,3,0,0
2025,3,الباحة,المخواة,الفيصلية,محل,تجاري,36,0,0
2025,3,الباحة,فرعة غامد الزناد - الصهوه,الصهوه,دور,سكني,1,12000,93.66
2025,3,الباحة,ليف الاعلى,الدرة,شقة,سكني,2,10800,98.21
2025,3,الباحة,الثراوين,السلوى,شقة,سكني,1,10000,66.66
2025,3,الباحة,الباحة,النزهة,شقة,سكني,290,18902.43,139.27
2025,3,الباحة,الباحة,الحجاز,استديو,سكني,2,12700,317.5
2025,3,الباحة,حصن القرعه,حصن القرعه,شقة,سكني,2,12500,100
2025,3,الباحة,بلجرشي,الازهار,شقة,سكني,1,11000,110
2025,3,الباحة,بني حسن,غرناطة,شقة,سكني,2,18600,219.58
2025,3,الباحة,قلوة,القلعة,شقة,سكني,86,11393.54,85.16
2025,3,الباحة,بلجرشي,الأندلس,دور,سكني,1,25000,125
2025,3,الباحة,بلجرشي,الأمل,شقة,سكني,19,16433.33,131.15
2025,3,الباحة,بلجرشي,الأمل,محل,تجاري,2,0,0
2025,3,الباحة,العصداء,العصداء,شقة,سكني,1,17500,145.83
2025,3,الباحة,حدبه القهيب المخطط,حدبه القهيب المخطط,محل,تجاري,11,0,0
2025,3,الباحة,بلجرشي,الرهوة,محل,تجاري,6,0,0
2025,3,الباحة,الجوه,الجوه,شقة,سكني,3,15000,93.75
2025,3,الباحة,الباحة,السحاب,استديو,سكني,2,11400,198.66
2025,3,الباحة,العقيق,البيعة,شقة,سكني,36,14833.33,115.12
2025,3,الباحة,نيراء بالديان,نيراء بالديان,شقة,سكني,5,12000,92.3
2025,3,الباحة,الباحة,البساتين,معرض تجاري,تجاري,1,0,0
2025,3,الباحة,الباحة,الحسام,استديو,سكني,7,18400,460
2025,3,الباحة,المخواة,العروبة,محل,تجاري,18,0,0
2025,3,الباحة,الباحة,النسيم,محل,تجاري,9,0,0
2025,3,الباحة,بلجرشي,الرائد,فيلا,سكني,1,30000,120
2025,3,الباحة,المخواة,الوئام,شقة,سكني,27,10411.76,72.13
2025,3,الباحة,بيضان,بيضان,شقة,سكني,1,19200,96
2025,3,الباحة,الباحة,الخزامى,محل,تجاري,1,0,0
2025,3,الباحة,الباحة,الحسام,محل,تجاري,12,0,0
2025,3,الباحة,المندق,البدر,شقة,سكني,43,11909.09,100.46
2025,3,الباحة,المخواة,الفيصلية,شقة,سكني,91,13105.28,102.74
2025,3,الباحة,فلل,فلل,شقة,سكني,1,17500,145.83
2025,3,الباحة,بلجرشي,النجاح,دور,سكني,1,6000,60
2025,3,الباحة,بني حسن,العين,محل,تجاري,11,0,0
2025,3,الباحة,بني حسن,الشلال,شقة,سكني,7,12488,118.5
2025,3,الباحة,قلوة,السهول,شقة,سكني,51,13591.3,109.99
2025,3,الباحة,المخواة - مليل,مليل,شقة,سكني,2,12000,90.9
2025,3,الباحة,الفريشه,الفجر,شقة,سكني,1,6000,40
2025,3,الباحة,بلجرشي,الرائد,معرض تجاري,تجاري,1,0,0
2025,3,الباحة,القوارير,المجد,محل,تجاري,3,0,0
2025,3,الباحة,الباحة,الربيع,معرض تجاري,تجاري,1,0,0
2025,3,الباحة,المندق,البدر,فيلا,سكني,3,205000,113.88
2025,3,الباحة,الحدبان,الحدبان,شقة,سكني,1,15000,150
2025,3,الباحة,بلجرشي,المرجان,شقة,سكني,1,18000,100
2025,3,الباحة,المخواه,المخواه,محل,تجاري,1,0,0
2025,3,الباحة,المندق,البدر,محل,تجاري,10,0,0
2025,3,الباحة,العقيق,البيعة,دور,سكني,2,12000,100
2025,3,الباحة,قوبيع,قوبيع,شقة,سكني,1,12000,93.68
2025,3,الباحة,الباحة,المروج,شقة,سكني,33,15046.15,102
2025,3,الباحة,بلجرشي,السلام,شقة,سكني,184,15865.35,152.59
2025,3,الباحة,بني حسن,الغدير,شقة,سكني,1,5000,39.02
2025,3,الباحة,العقيق,المطار,دور,سكني,2,16500,82.5
2025,3,الباحة,مهد عشره,مهد عشره,شقة,سكني,1,6000,30
2025,3,الباحة,الزبيه,الزبيه,دور,سكني,1,16800,84
2025,3,الباحة,الباحة,الضباب,دور,سكني,5,12850,56.19
2025,3,الباحة,العقيق,الطيبات,شقة,سكني,204,15680.64,117
2025,3,الباحة,بني حسن,الفهد,شقة,سكني,2,10200,80.38
2025,3,الباحة,ناوان,ناوان,شقة,سكني,44,12110,90.76
2025,3,الباحة,الباحة,الحسام,شقة,سكني,137,17396.61,135.8
2025,3,الباحة,خميس الشعراء,خميس الشعراء,محل,تجاري,2,0,0
2025,3,الباحة,المندق,المصائف,شقة,سكني,5,13400,115.13
2025,3,الباحة,بلجرشي,الرائد,محل,تجاري,99,0,0
2025,3,الباحة,العقيق,الزهراء,شقة,سكني,105,12750,98.62
2025,3,الباحة,المندق,الغروب,شقة,سكني,5,13133.33,80.11
2025,3,الباحة,الجرين,الجرين,شقة,سكني,1,6000,33.33
2025,3,الباحة,قلوة - الفرعه,الفرعه,شقة,سكني,2,6000,40
2025,3,الباحة,ال نعمه,ال نعمه,شقة,سكني,5,12000,80
2025,3,الباحة,الباحة,المصيف,استديو,سكني,2,6900,228
2025,3,الباحة,بلجرشي,المدار,محل,تجاري,1,0,0
2025,3,الباحة,الباحة,السوق,معرض تجاري,تجاري,1,0,0
2025,3,الباحة,الذهب,الذهب,شقة,سكني,1,12000,120
2025,3,الباحة,بلجرشي,الخليج,استديو,سكني,4,10200,169.71
2025,3,الباحة,حدبه القهيب المخطط,حدبه القهيب المخطط,دور,سكني,4,15000,98
2025,3,الباحة,الهدوان والقهبان,الرجاء,محل,تجاري,1,0,0
2025,3,الباحة,الباحة,الربيع,شقة,سكني,70,15550,119.9
2025,3,الباحة,الباحة,الحجاز,مكتب,تجاري,2,0,0
2025,3,الباحة,الباحة,المصيف,دور,سكني,14,22500,94.64
2025,3,الباحة,الباحة,الحجاز,محل,تجاري,48,0,0
2025,3,الباحة,الجفدره,الجفدره,شقة,سكني,9,15300,73.83
2025,3,الباحة,الباحة,الواحة,شقة,سكني,4,17933.33,119.11
2025,3,الباحة,الظفير,الظفير,شقة,سكني,2,18000,225
2025,3,الباحة,الباحة,السوق,استديو,سكني,50,10358.33,222.96
2025,3,الباحة,قلوة,الرمال,شقة,سكني,17,9516.66,79.03
2025,3,الباحة,بلجرشي,التعاون,دور,سكني,1,12000,80
2025,3,الباحة,المطيريه,المودة,محل,تجاري,1,0,0
2025,3,الباحة,المخواة,المحمدية,مكتب,تجاري,1,0,0
2025,3,الباحة,مشده,مشده,شقة,سكني,1,12000,133.33
2025,3,الباحة,العقيق,البيرق,شقة,سكني,1,16800,102.43
2025,3,الباحة,المخواة,المنتزة,شقة,سكني,59,14321.42,107.36
2025,3,الباحة,المخواة,الوسام,محل,تجاري,22,0,0
2025,3,الباحة,بلجرشي,الأرجوان,شقة,سكني,3,12000,86.19
2025,3,الباحة,معشوقه,الفلاح,شقة,سكني,9,10500,72.12
2025,3,الباحة,المداهره,الياسمين,شقة,سكني,3,10500,105
2025,3,الباحة,العقيق,الطيبات,استديو,سكني,4,14275,399.1
2025,3,الباحة,العقيق,الزهراء,استديو,سكني,4,16800,560
2025,3,الباحة,بلجرشي,الناصرية,شقة,سكني,10,12628.57,126.53
2025,3,الباحة,المندق,الرضوان,محل,تجاري,1,0,0
2025,3,الباحة,قلوة,الرمال,محل,تجاري,2,0,0
2025,3,الباحة,السويسيه,السويسيه,شقة,سكني,4,13500,75
2025,3,الباحة,بلجرشي,الخليج,شقة,سكني,41,16584.21,143.8
2025,3,الباحة,قلوة,البيداء,شقة,سكني,1,6000,75
2025,3,الباحة,الباحة,الشروق,استديو,سكني,12,9280,371.2
2025,3,الباحة,بني حسن,العين,شقة,سكني,32,12100,125.39
2025,3,الباحة,ال طارق,ذي عين,شقة,سكني,2,14000,80
2025,3,الباحة,ال طارق,ال طارق,شقة,سكني,2,10200,78
2025,3,الباحة,ملف القوارير,الغيوم,محل,تجاري,2,0,0
2025,3,الباحة,الباحة,البساتين,استديو,سكني,6,8450,198.68
2025,3,الباحة,قلوة,القلعة,استديو,سكني,1,9600,342.85
2025,3,الباحة,الغبشه,الغبشه,شقة,سكني,3,14400,134
