السنة ,الربع,المنطقة ,المدينة,الحي ,نوع العقار ,تصنيف العقار ,عدد الصفقات,متوسط الايجار  ر.س,متوسط الايجار لكل متر مربع ر.س
2025,4,حائل,سميراء,المملكة,محل,تجاري,11,0,0
2025,4,حائل,السليمي,السمراء,محل,تجاري,2,0,0
2025,4,حائل,الجبريه,الجبرية,محل,تجاري,1,0,0
2025,4,حائل,وسيط الشعيبات,وسيط الشعيبات,شقة,سكني,1,15000,75
2025,4,حائل,الغزالة - الغزاله,وسط الغزالة,محل,تجاري,7,0,0
2025,4,حائل,بقعاء,حي ج2,دوبلاكس,سكني,1,15000,57.69
2025,4,حائل,حائل,صلاح الدين,فيلا,سكني,2,33000,110
2025,4,حائل,حائل,المنتزة الشرقي,مكتب,تجاري,1,0,0
2025,4,حائل,الأجفر,حى السلام,محل,تجاري,1,0,0
2025,4,حائل,حائل,درة مشار,فيلا,سكني,5,31750,132.75
2025,4,حائل,سميراء,المملكة,شقة,سكني,28,9773.91,66.31
2025,4,حائل,الدابيه,الدابية,شقة,سكني,3,17200,144.43
2025,4,حائل,حائل,إشبيليا,محل,تجاري,17,0,0
2025,4,حائل,حائل,مريفق,شقة,سكني,8,17312.5,137.45
2025,4,حائل,ثويليل,ثويليل,شقة,سكني,1,18000,180
2025,4,حائل,الشنان,العزيزية,استديو,سكني,1,15000,187.5
2025,4,حائل,جبة,حي ج1,دور,سكني,2,7996.5,35.53
2025,4,حائل,حائل,صلاح الدين,دوبلاكس,سكني,1,30000,111.11
2025,4,حائل,حائل,المطار,شقة,سكني,160,13629.8,99.3
2025,4,حائل,بدع بن خلف,بدع بن خلف,شقة,سكني,8,17666.66,182
2025,4,حائل,حائل,أجا,فيلا,سكني,3,30000,60
2025,4,حائل,دفاين الضبا,دفاين الضباء,شقة,سكني,1,12000,51.28
2025,4,حائل,حائل,برزان,محل,تجاري,143,0,0
2025,4,حائل,موقق - المحفر,المحفَّر,شقة,سكني,1,18000,180
2025,4,حائل,حائل,نقرة قفار,استديو,سكني,6,10520,167.53
2025,4,حائل,حائل,إشبيليا,دوبلاكس,سكني,1,20000,64.51
2025,4,حائل,حائل,المدائن,شقة,سكني,158,15872.93,117.63
2025,4,حائل,الحائط,السلام,شقة,سكني,100,16305.11,148.03
2025,4,حائل,حائل,لبدة,دور,سكني,5,15350,89
2025,4,حائل,تربة,الشلال,شقة,سكني,5,10800,115.47
2025,4,حائل,موقع تدريب الأمن العام,عريجاء,دور,سكني,1,6000,30
2025,4,حائل,الصداعيه,الصداعية,شقة,سكني,3,18000,60
2025,4,حائل,موقق,مخطط 380,شقة,سكني,4,11300,87.16
2025,4,حائل,حائل,المجمع,استديو,سكني,57,7200,120
2025,4,حائل,حائل,شراف,فيلا,سكني,1,30000,75
2025,4,حائل,حائل,المطار,فيلا,سكني,11,23525,54.82
2025,4,حائل,حائل,السويفلة,دور,سكني,3,12133.33,48.08
2025,4,حائل,حائل,الجامعيين,محل,تجاري,103,0,0
2025,4,حائل,ضريغط,ضريغط,محل,تجاري,5,0,0
2025,4,حائل,حائل,البادية,محل,تجاري,41,0,0
2025,4,حائل,حائل,صلاح الدين الغربي,معرض تجاري,تجاري,2,0,0
2025,4,حائل,العش,العش,دور,سكني,1,12000,93.66
2025,4,حائل,حائل,الورود,دور,سكني,6,16916.66,131.5
2025,4,حائل,زريب التيم,زريب التيم,شقة,سكني,1,12000,100
2025,4,حائل,الحامريه,الحامرية,شقة,سكني,2,9600,80
2025,4,حائل,حائل,الخماشية,استديو,سكني,2,6000,209.38
2025,4,حائل,الشملى,التعاون,شقة,سكني,6,14526,104.54
2025,4,حائل,حائل,البادية,دور,سكني,23,14072.22,79.9
2025,4,حائل,حائل,مشار,دور,سكني,6,18766.66,59.21
2025,4,حائل,الشملى,الحفيرة الغربي,شقة,سكني,7,13106,116
2025,4,حائل,بقعاء,مخطط الظهيره,دور,سكني,8,9042.85,59.03
2025,4,حائل,منيفة القاعد,منيفة القاعد,شقة,سكني,48,12720.9,103.73
2025,4,حائل,حائل,الشفاء,استديو,سكني,6,8640,196
2025,4,حائل,تربة,الشعلة,شقة,سكني,2,12000,120
2025,4,حائل,جبة,الثاني,شقة,سكني,6,15120,117.96
2025,4,حائل,حائل,الوسيطاء,دور,سكني,34,15393.75,71.14
2025,4,حائل,حائل,البادية,مكتب,تجاري,2,0,0
2025,4,حائل,حائل,المطار,معرض تجاري,تجاري,4,0,0
2025,4,حائل,قريه سعيدان,سعيدان,شقة,سكني,3,18000,126.66
2025,4,حائل,الشملى,الريان,محل,تجاري,1,0,0
2025,4,حائل,الصخيره الشمالية,الصخيرة,شقة,سكني,1,18000,60
2025,4,حائل,حائل,شراف,شقة,سكني,40,13133.33,100.36
2025,4,حائل,حائل,الودي,فيلا,سكني,8,22200,50.67
2025,4,حائل,حائل,الورود,استديو,سكني,19,11566.66,139.18
2025,4,حائل,ابو سويسيات,ابو سويسيات,شقة,سكني,1,15000,100
2025,4,حائل,حائل,المنتزة الشرقي,دور,سكني,25,17230,82.98
2025,4,حائل,حائل,المطار,محل,تجاري,81,0,0
2025,4,حائل,حائل,السويفلة,فيلا,سكني,2,23100,48.88
2025,4,حائل,حائل,البحيرة,دور,سكني,1,15000,60
2025,4,حائل,تربة,صلاح الدين,شقة,سكني,6,9600,88.17
2025,4,حائل,جبة,الرابع,شقة,سكني,2,14500,110.64
2025,4,حائل,حائل,الخزامى,شقة,سكني,339,17432.41,124.17
2025,4,حائل,بقعاء,حي ج7,دور,سكني,1,16200,108
2025,4,حائل,حائل,قرية الجثامية,محل,تجاري,4,0,0
2025,4,حائل,الشيحيه,الشيحيّة,محل,تجاري,1,0,0
2025,4,حائل,حائل,نقرة قفار,فيلا,سكني,9,22166.66,66.3
2025,4,حائل,عقله بن جبرين,عقلة بن جبرين,دور,سكني,1,6000,25
2025,4,حائل,مراغان القديم,مراغان القديم,شقة,سكني,3,15000,95
2025,4,حائل,حائل,الجامعيين,معرض تجاري,تجاري,6,0,0
2025,4,حائل,بقعاء,بقعاء القديمة,استديو,سكني,3,10050,335
2025,4,حائل,الأجفر,حى السلام,شقة,سكني,5,12000,121.61
2025,4,حائل,تربة,الخذامة,شقة,سكني,2,11750,77.33
2025,4,حائل,حائل,الرصف,دور,سكني,9,20050,104.82
2025,4,حائل,بيضاء نثيل,بيضاء نثيل,شقة,سكني,2,16500,137.5
2025,4,حائل,حائل,ضاحية الملك فهد,شقة,سكني,36,16625.16,124.06
2025,4,حائل,الغزالة - الروضه,الروضة,شقة,سكني,9,10428.57,54.97
2025,4,حائل,الغزالة - الروضه,الروضة,محل,تجاري,9,0,0
2025,4,حائل,حائل,المحطة,شقة,سكني,388,11349.26,94.98
2025,4,حائل,جبة,التاسع,محل,تجاري,2,0,0
2025,4,حائل,مخطط ام القلبان,مخطط  زراعي رقم ( 115),محل,تجاري,3,0,0
2025,4,حائل,حائل,الشفاء,معرض تجاري,تجاري,4,0,0
2025,4,حائل,حائل,المجد,محل,تجاري,1,0,0
2025,4,حائل,حائل,المنتزة الشرقي,فيلا,سكني,10,19571.42,65.04
2025,4,حائل,حائل,المنتزة الشرقي,شقة,سكني,181,14916.69,102.1
2025,4,حائل,حائل,المطار,مكتب,تجاري,2,0,0
2025,4,حائل,حائل,شراف,معرض تجاري,تجاري,3,0,0
2025,4,حائل,التربيه,التربية,دور,سكني,2,7800,38.66
2025,4,حائل,تربة,زرود,شقة,سكني,10,9450,80.96
2025,4,حائل,الشنان,الازدهار,محل,تجاري,3,0,0
2025,4,حائل,الجبريه,الجبرية,شقة,سكني,3,14666.66,82.98
2025,4,حائل,بقعاء,حي ج2,فيلا,سكني,2,12000,63.07
2025,4,حائل,بقعاء,حي ج16,شقة,سكني,5,11640,84.22
2025,4,حائل,الناصريه,الناصرية,شقة,سكني,2,6000,35
2025,4,حائل,حائل,قرية اجا,دور,سكني,1,18000,88.23
2025,4,حائل,حائل,السلام,شقة,سكني,32,15670.58,111.72
2025,4,حائل,القاعد,القاعد,فيلا,سكني,3,14800,31.33
2025,4,حائل,حائل,العزيزية,مكتب,تجاري,3,0,0
2025,4,حائل,حائل,صبابة,دور,سكني,4,15450,84.36
2025,4,حائل,قنا,قناء,شقة,سكني,18,15050,82.83
2025,4,حائل,حائل,السويفلة الجديد,دور,سكني,8,15057.14,89
2025,4,حائل,حائل,الطريفي,استديو,سكني,2,12000,240
2025,4,حائل,حائل,قرية النيصية,محل,تجاري,35,0,0
2025,4,حائل,روض الشقيق,روض الشقيق,شقة,سكني,3,14000,112.04
2025,4,حائل,حائل,المصيف,استديو,سكني,7,14760,187.6
2025,4,حائل,تربة,الروضة,شقة,سكني,11,10542.85,87.79
2025,4,حائل,حائل,الزهراء,دور,سكني,14,18938.46,73.41
2025,4,حائل,لبده,لبدة,شقة,سكني,2,16000,142.69
2025,4,حائل,النفس,النفس,شقة,سكني,1,18000,211.76
2025,4,حائل,حائل,قرية نقبين,شقة,سكني,13,9000,118.28
2025,4,حائل,حائل - الجديده,الجديدة,دور,سكني,2,10800,56
2025,4,حائل,حائل,الزبارة,فيلا,سكني,7,24166.66,81.83
2025,4,حائل,حائل,المملكة,استديو,سكني,5,15000,300
2025,4,حائل,حائل,قفار,محل,تجاري,7,0,0
2025,4,حائل,الشملى,الحفيرة الشرقي,محل,تجاري,1,0,0
2025,4,حائل,حائل - الجديده,الجديدة,محل,تجاري,7,0,0
2025,4,حائل,حائل,ضاحية الملك فهد,استديو,سكني,1,12000,240
2025,4,حائل,عمائر المرير,عمائر المرير,فيلا,سكني,1,18000,140.51
2025,4,حائل,الشنان,الصناعية,شقة,سكني,1,18000,120
2025,4,حائل,حائل,النفل,دور,سكني,25,24255,110.76
2025,4,حائل,حائل,صلاح الدين الغربي,دور,سكني,1,19200,54.85
2025,4,حائل,حائل,قرطبة,فيلا,سكني,3,62000,90.66
2025,4,حائل,رك,رك,شقة,سكني,2,18000,120
2025,4,حائل,حائل,غرناطة,استديو,سكني,3,11466.66,126.11
2025,4,حائل,النماره,النمارة,شقة,سكني,1,18000,180
2025,4,حائل,تربة,الخزان,شقة,سكني,2,15000,150
2025,4,حائل,الشنان,الصالحية,محل,تجاري,2,0,0
2025,4,حائل,حائل,الزبارة,دوبلاكس,سكني,1,12000,59.2
2025,4,حائل,حائل,المجمع,شقة,سكني,101,15193.73,111.71
2025,4,حائل,ثرل,ثرل,شقة,سكني,4,12000,118.46
2025,4,حائل,بقعاء,مخطط الحفل,دور,سكني,1,6000,34.28
2025,4,حائل,الرقب,الرقب,شقة,سكني,1,14000,140
2025,4,حائل,ريع البكر,ريع البكر,شقة,سكني,3,8000,88.88
2025,4,حائل,حائل,المدائن,استديو,سكني,1,5000,62.5
2025,4,حائل,حائل,الخماشية,فيلا,سكني,3,23600,94.4
2025,4,حائل,حائل,المحطة,استديو,سكني,8,10820,246.53
2025,4,حائل,الصنينا,الصنيناء,شقة,سكني,4,18000,122.26
2025,4,حائل,بقعاء,الوسطى,شقة,سكني,23,10920,82.81
2025,4,حائل,الغزالة - الغزاله,الصناعية,دور,سكني,1,6000,17.14
2025,4,حائل,بقعاء,حي ج3,دور,سكني,2,8000,48.33
2025,4,حائل,حائل,قرية اجا,شقة,سكني,50,21836.36,147.81
2025,4,حائل,حائل,الطريفي,شقة,سكني,25,14280,116.18
2025,4,حائل,حائل,الزهراء,استديو,سكني,6,12960,248.37
2025,4,حائل,حائل,صلاح الدين,شقة,سكني,48,16588.88,114.03
2025,4,حائل,الكهيفيه,الكهيفية,شقة,سكني,6,11750,87.68
2025,4,حائل,حائل,سماح,محل,تجاري,18,0,0
2025,4,حائل,حائل,قفار,فيلا,سكني,2,22200,44.4
2025,4,حائل,تربة,الشعلة,محل,تجاري,4,0,0
2025,4,حائل,حائل,الجامعة,دور,سكني,1,21600,130.9
2025,4,حائل,حائل,الودي,استديو,سكني,1,12000,120
2025,4,حائل,الشنان,النهضة,محل,تجاري,13,0,0
2025,4,حائل,رويع الخبار,المسجد,شقة,سكني,1,9000,70.24
2025,4,حائل,حائل,العزيزية,استديو,سكني,21,6264.28,214.05
2025,4,حائل,موقق,موقق,محل,تجاري,11,0,0
2025,4,حائل,حائل,التلفزيون,دور,سكني,3,25000,93.45
2025,4,حائل,حائل,الخزامى,دور,سكني,42,21866.66,103.07
2025,4,حائل,حائل,سماح,شقة,سكني,30,12080,99.41
2025,4,حائل,حائل,المحطة,دور,سكني,13,15000,73.89
2025,4,حائل,حائل,التلفزيون,دوبلاكس,سكني,2,16000,53.33
2025,4,حائل,مخطط ( شفا البين ) السكني ,الشفاء,شقة,سكني,1,18000,90
2025,4,حائل,سقف,سقف,دور,سكني,1,8000,22.85
2025,4,حائل,الحيانية,الحيّانية,استديو,سكني,2,6000,50
2025,4,حائل,حائل,الزهراء,معرض تجاري,تجاري,4,0,0
2025,4,حائل,الخوير,الخوير,محل,تجاري,1,0,0
2025,4,حائل,الذكرى,الذكري,شقة,سكني,1,18000,180
2025,4,حائل,العرفجيه- بن بطر -,العرفجية ,شقة,سكني,2,13200,122
2025,4,حائل,الحائط - الصفراء,الصفراء,شقة,سكني,1,18000,60
2025,4,حائل,اللويش,اللويش,شقة,سكني,1,18000,60
2025,4,حائل,الأجفر,حى البلد,محل,تجاري,8,0,0
2025,4,حائل,الحائط,الربوة,محل,تجاري,1,0,0
2025,4,حائل,الشنان,السلام,فيلا,سكني,2,17000,110.25
2025,4,حائل,البرقه,البرقة,شقة,سكني,4,16500,130
2025,4,حائل,حائل,النقرة,دوبلاكس,سكني,12,21950,82.92
2025,4,حائل,الشملي - مبرز,مبرز,شقة,سكني,1,18000,90
2025,4,حائل,بقعاء,بقعاء القديمة,محل,تجاري,40,0,0
2025,4,حائل,الأجفر,حى الوسيطاء,محل,تجاري,5,0,0
2025,4,حائل,حائل,قرية عقدة الشمالية,فيلا,سكني,2,30000,60
2025,4,حائل,التربيه,التربية,محل,تجاري,5,0,0
2025,4,حائل,تربة,فوار,محل,تجاري,1,0,0
2025,4,حائل,حائل,شرق الصناعية,شقة,سكني,3,18000,80
2025,4,حائل,حائل,سماح,مكتب,تجاري,4,0,0
2025,4,حائل,المجيصه,المجيصة,شقة,سكني,4,15500,117.22
2025,4,حائل,الحليفة السفلي - الملاح,الملاح,شقة,سكني,1,18000,211.76
2025,4,حائل,المياه,شعيبة الميّاه,شقة,سكني,1,9600,64
2025,4,حائل,حائل,مغيضة,محل,تجاري,15,0,0
2025,4,حائل,الشنان,العزيزية,دور,سكني,1,7000,46.66
2025,4,حائل,الحائط,بجيلة,شقة,سكني,15,16254.54,125.35
2025,4,حائل,البدع,البدع,شقة,سكني,1,18000,90
2025,4,حائل,السليمي,الديرة,شقة,سكني,2,16000,192.85
2025,4,حائل,حائل,برزان,شقة,سكني,22,8776.92,82.75
2025,4,حائل,حائل,إشبيليا,استديو,سكني,2,7800,62.4
2025,4,حائل,منيفة القاعد,منيفة القاعد,محل,تجاري,24,0,0
2025,4,حائل,حائل,العليا,محل,تجاري,4,0,0
2025,4,حائل,مزارع الوبريات,مزارع الوبريات,شقة,سكني,1,10000,60.6
2025,4,حائل,حائل,قرية نقبين,محل,تجاري,2,0,0
2025,4,حائل,حائل,الودي,دوبلاكس,سكني,3,22333.33,71.07
2025,4,حائل,الشملى,الحفيرة الغربي,محل,تجاري,1,0,0
2025,4,حائل,الحيانية,الحيّانية,شقة,سكني,5,11250,120
2025,4,حائل,ابله,أبلة,شقة,سكني,4,18000,180.13
2025,4,حائل,المغار,المغار,شقة,سكني,5,18000,172.5
2025,4,حائل,حائل,قرطبة,شقة,سكني,16,15861.53,96.49
2025,4,حائل,حائل,العزيزية,فيلا,سكني,9,19628.57,64.91
2025,4,حائل,التربيه,التربية,شقة,سكني,4,17750,125
2025,4,حائل,حائل,المجد,دور,سكني,5,25680,91.13
2025,4,حائل,عمائر المرير,عمائر المرير,شقة,سكني,11,17500,119
2025,4,حائل,كمب الثنيان,كمب الثنيان,شقة,سكني,2,12000,110
2025,4,حائل,حائل,الزبارة,شقة,سكني,274,12194.69,101.68
2025,4,حائل,حائل,قرية نقبين,دور,سكني,1,18000,180
2025,4,حائل,حائل,البحيرة,مكتب,تجاري,1,0,0
2025,4,حائل,حائل,العزيزية,شقة,سكني,376,11224.37,103.18
2025,4,حائل,السعيره,السعيرة,شقة,سكني,9,13333.33,76.53
2025,4,حائل,حائل,برزان,فيلا,سكني,1,30000,64.52
2025,4,حائل,بقعاء,حي ج3,شقة,سكني,7,10466.66,77.14
2025,4,حائل,بقعاء,حي ج9,شقة,سكني,1,12000,100
2025,4,حائل,كتيفه,كتيفة,شقة,سكني,8,16571.42,107.14
2025,4,حائل,هجرة المخروق,هجرة المخروق,شقة,سكني,1,18000,72
2025,4,حائل,حائل,صلاح الدين الغربي,شقة,سكني,91,16730.3,123.25
2025,4,حائل,منيفة القاعد,منيفة القاعد,استديو,سكني,1,5000,100
2025,4,حائل,الساقيه,الساقية,محل,تجاري,1,0,0
2025,4,حائل,حائل,قرطبة,استديو,سكني,3,10733.33,139.39
2025,4,حائل,المشيطيه,المشيطية,شقة,سكني,1,18000,225
2025,4,حائل,اسبطر,اسبطر,محل,تجاري,9,0,0
2025,4,حائل,الشملى,الواحة,استديو,سكني,1,8400,56.75
2025,4,حائل,الخنقه الرماحي,الخنقة,شقة,سكني,1,16000,106.66
2025,4,حائل,الحائط,البستان,شقة,سكني,1,18000,211.76
2025,4,حائل,كمب الثنيان,كمب الثنيان,محل,تجاري,1,0,0
2025,4,حائل,الحامريه,الحامرية,دور,سكني,1,7000,24.3
2025,4,حائل,حائل,الخماشية,دور,سكني,6,11900,72.66
2025,4,حائل,المبرز,المبرز,شقة,سكني,1,18000,60
2025,4,حائل,الحماد,الحماد,شقة,سكني,4,17000,122.85
2025,4,حائل,تربة,النفود,استديو,سكني,1,6000,66.66
2025,4,حائل,حائل,عيرف,شقة,سكني,8,9500,89.4
2025,4,حائل,عثمر   المخطط,عثمر ,شقة,سكني,14,14392.3,120.46
2025,4,حائل,حائل,الياسمين,دور,سكني,19,24487.5,109.67
2025,4,حائل,الأجفر,حى النخيل,شقة,سكني,5,14280,112
2025,4,حائل,أنبوان - البحره,البحرة,شقة,سكني,1,15000,150
2025,4,حائل,الشملى,حفائر العهين,شقة,سكني,4,19517.5,125.93
2025,4,حائل,حائل,المنتزة رالشمالي,محل,تجاري,48,0,0
2025,4,حائل,غمره,غمرة,شقة,سكني,1,18000,181.81
2025,4,حائل,حائل,المنتزة الغربي,استديو,سكني,3,14466.66,288.88
2025,4,حائل,حائل,المنطقة الصناعية,محل,تجاري,22,0,0
2025,4,حائل,حائل,مريفق,دور,سكني,1,12000,120
2025,4,حائل,الشنان,السلام,استديو,سكني,2,12000,120
2025,4,حائل,حائل,المنطقة الصناعية,شقة,سكني,4,14333.33,95.9
2025,4,حائل,حائل,العزيزية,محل,تجاري,167,0,0
2025,4,حائل,حائل,أجا,مكتب,تجاري,1,0,0
2025,4,حائل,حائل,الياسمين,محل,تجاري,21,0,0
2025,4,حائل,حائل,الشفاء,محل,تجاري,96,0,0
2025,4,حائل,حائل,المجمع,فيلا,سكني,1,15600,31.2
2025,4,حائل,حائل,الرصف,استديو,سكني,3,12000,100
2025,4,حائل,حائل,الجامعيين,دوبلاكس,سكني,1,25000,125
2025,4,حائل,حائل,المنتزة الغربي,فيلا,سكني,5,35425,92.87
2025,4,حائل,منيفة القاعد,منيفة القاعد,دور,سكني,3,13600,54.74
2025,4,حائل,الباحه,الباحة,شقة,سكني,1,18000,90
2025,4,حائل,حائل,الجامعيين,شقة,سكني,133,16746.91,110.73
2025,4,حائل,الصفران,الصفران,شقة,سكني,1,14000,116.66
2025,4,حائل,حائل,غرناطة,دور,سكني,17,22373.33,98.52
2025,4,حائل,حائل,الشفاء,فيلا,سكني,15,30700,99.84
2025,4,حائل,الشملى,النخيل الغربي,شقة,سكني,46,12810.37,111.51
2025,4,حائل,النعى,النعي,شقة,سكني,6,15833.33,89.99
2025,4,حائل,القاعد,القاعد,محل,تجاري,9,0,0
2025,4,حائل,حائل - الجديده,الجديدة,مكتب,تجاري,1,0,0
2025,4,حائل,تربة,الربوة,شقة,سكني,1,17500,116.66
2025,4,حائل,الداره,الدارة,محل,تجاري,1,0,0
2025,4,حائل,حائل,المجد,شقة,سكني,21,13775,103.52
2025,4,حائل,حائل,الزهراء,فيلا,سكني,1,17000,132.67
2025,4,حائل,حائل,مشار,شقة,سكني,6,12970,104.4
2025,4,حائل,الأجفر,حى صلاح الدين,محل,تجاري,5,0,0
2025,4,حائل,المركوز,المركوز,شقة,سكني,1,18000,60
2025,4,حائل,سميراء,السلام,شقة,سكني,2,15000,170.48
2025,4,حائل,تربة,السلام,محل,تجاري,6,0,0
2025,4,حائل,ملحا,ملحاء,شقة,سكني,2,18000,103.06
2025,4,حائل,حائل,المحطة,مكتب,تجاري,2,0,0
2025,4,حائل,الملاح,الملاح,شقة,سكني,1,18000,60
2025,4,حائل,جبة,الثالث,شقة,سكني,10,12700,70.74
2025,4,حائل,حائل,قصر العشروات,شقة,سكني,1,18000,100
2025,4,حائل,حائل,الخزامى,استديو,سكني,32,13000,202.65
2025,4,حائل,الشنان,العزيزية,محل,تجاري,1,0,0
2025,4,حائل,الحائط,السلام,محل,تجاري,53,0,0
2025,4,حائل,تربة,البدع,شقة,سكني,1,12000,60
2025,4,حائل,حائل,المنتزة رالشمالي,فيلا,سكني,3,17500,53.33
2025,4,حائل,حائل,الطريفي,دور,سكني,2,17200,98
2025,4,حائل,الغزالة - الغزاله,الصناعية,شقة,سكني,6,11920,85.83
2025,4,حائل,حائل,المزعبر,دور,سكني,5,19680,93.2
2025,4,حائل,المجصه,المجصة,شقة,سكني,4,18000,180
2025,4,حائل,حائل,الملك عبدالله,دور,سكني,12,20550,97.46
2025,4,حائل,القصعه,القصعة,شقة,سكني,2,15000,150
2025,4,حائل,حائل,التلفزيون,شقة,سكني,27,14285.71,106.02
2025,4,حائل,حائل,درة مشار,دور,سكني,1,26000,104
2025,4,حائل,ساهبه ابو رمث,ساهبة أبو رمث,شقة,سكني,1,17000,170
2025,4,حائل,الكهفه,الكهفة,شقة,سكني,2,5000,33.33
2025,4,حائل,حائل,قفار,شقة,سكني,34,15728.57,126.58
2025,4,حائل,حائل,المحطة,معرض تجاري,تجاري,8,0,0
2025,4,حائل,حائل,السفن,محل,تجاري,1,0,0
2025,4,حائل,تربة,الدهناء,شقة,سكني,7,13642.85,131.03
2025,4,حائل,جبة,التاسع,شقة,سكني,9,8250,45.07
2025,4,حائل,العيثمه,العيثمة,شقة,سكني,1,18000,180
2025,4,حائل,حائل,نقرة قفار,دور,سكني,49,18125,79.5
2025,4,حائل,الشنان,الصالحية,استديو,سكني,1,4800,64
2025,4,حائل,حائل,قرية اجا,استديو,سكني,2,24000,498
2025,4,حائل,حائل,الجامعة,شقة,سكني,1,18000,109.09
2025,4,حائل,توارن,توارن,شقة,سكني,1,9500,31.66
2025,4,حائل,الوسعه,الوسعة,شقة,سكني,4,16250,136.53
2025,4,حائل,المناخ,المناخ,شقة,سكني,1,18000,211.76
2025,4,حائل,موقق,مخطط 509,محل,تجاري,1,0,0
2025,4,حائل,الشنان,النهضة,شقة,سكني,38,13285.71,70.55
2025,4,حائل,ضبيعه,ضبيعة,فيلا,سكني,1,9600,8.53
2025,4,حائل,صفيط,صفيط,شقة,سكني,6,15500,150.87
2025,4,حائل,حائل,الياسمين,معرض تجاري,تجاري,2,0,0
2025,4,حائل,شقران الأصفر,شقران الأصفر,شقة,سكني,1,18000,60
2025,4,حائل,موقق,مخطط 380,محل,تجاري,1,0,0
2025,4,حائل,الحائط,أبو سهيلات,شقة,سكني,7,16000,138.54
2025,4,حائل,الغزالة - الغزاله,وسط الغزالة,دور,سكني,3,10800,38
2025,4,حائل,حائل,درة مشار,دوبلاكس,سكني,2,30000,93.75
2025,4,حائل,الأرطاوية,الأرطاوية,شقة,سكني,1,12000,120
2025,4,حائل,المحنا,المحناء,شقة,سكني,1,18000,300
2025,4,حائل,حائل,النقرة,شقة,سكني,698,17790.8,120.36
2025,4,حائل,الشغوة,الشغوة,شقة,سكني,1,4800,37.47
2025,4,حائل,عقلة مشعان,عقلة مشعان,شقة,سكني,2,18000,112.02
2025,4,حائل,حائل,الرصف,مكتب,تجاري,1,0,0
2025,4,حائل,حائل,العليا,مكتب,تجاري,1,0,0
2025,4,حائل,حائل,قرية النيصية,شقة,سكني,72,17758.13,125.51
2025,4,حائل,حائل,الملك عبدالله,معرض تجاري,تجاري,3,0,0
2025,4,حائل,حائل,السويفلة,استديو,سكني,11,14600,255.55
2025,4,حائل,الشملى,حفيرة السبعة الشرقي,شقة,سكني,2,16500,152.5
2025,4,حائل,حائل,اللقيطه,دور,سكني,10,31022.22,117.97
2025,4,حائل,بويب البدع,بويب البدع,شقة,سكني,3,18000,185.45
2025,4,حائل,منيفة القاعد,منيفة القاعد,فيلا,سكني,4,17200,94.66
2025,4,حائل,الشملى,الحفيرة الشرقي,شقة,سكني,10,15300,80.88
2025,4,حائل,حائل,السمراء,فيلا,سكني,4,30500,75.18
2025,4,حائل,بقعاء,الوسطى,دور,سكني,1,15000,58.36
2025,4,حائل,العجاجة,العجاجة,شقة,سكني,2,16500,105.53
2025,4,حائل,حائل,اللقيطه,استديو,سكني,26,11664.57,223.81
2025,4,حائل,حائل,لبدة,شقة,سكني,82,9395.45,83.19
2025,4,حائل,الحائط,الريان,شقة,سكني,1,12000,100
2025,4,حائل,حائل,النعام,فيلا,سكني,1,25000,125
2025,4,حائل,حائل,المملكة,دور,سكني,2,25000,250
2025,4,حائل,الشق ,الشق ,شقة,سكني,1,18000,60
2025,4,حائل,وادي البعيثة,وادي البعيثة,شقة,سكني,1,16000,160
2025,4,حائل,ابا الصبان,ابا الصبان,شقة,سكني,1,17000,170
2025,4,حائل,حائل,الجامعيين,فيلا,سكني,8,18400,70.87
2025,4,حائل,حائل,قرطبة,دور,سكني,13,22545.45,105.91
2025,4,حائل,حائل,البحيرة,استديو,سكني,72,22545.45,430.9
2025,4,حائل,بقعاء,حي ج2,محل,تجاري,5,0,0
2025,4,حائل,الشنان,الازدهار,دور,سكني,2,13600,63.44
2025,4,حائل,مزعله,مزعلة,شقة,سكني,1,12000,100
2025,4,حائل,العظيم,العظيم,شقة,سكني,3,17000,170
2025,4,حائل,بقعاء,مخطط بقعاء الشرقية,فيلا,سكني,1,15000,21.42
2025,4,حائل,حائل,النقرة,مكتب,تجاري,5,0,0
2025,4,حائل,حائل,المملكة,فيلا,سكني,1,35000,175
2025,4,حائل,الحميمه,الحميمة,شقة,سكني,1,10000,76.92
2025,4,حائل,حائل,الزهراء,محل,تجاري,27,0,0
2025,4,حائل,بقعاء,الوسطى,مكتب,تجاري,1,0,0
2025,4,حائل,الشنان,الصالحية,شقة,سكني,8,15500,147.83
2025,4,حائل,حائل,الخزامى,دوبلاكس,سكني,4,29833.33,72.58
2025,4,حائل,حائل,الزبارة,مكتب,تجاري,1,0,0
2025,4,حائل,الحائط,السلام,استديو,سكني,4,10800,110
2025,4,حائل,تربة,الروضة,محل,تجاري,2,0,0
2025,4,حائل,حائل,أجا,استديو,سكني,6,16680,593
2025,4,حائل,حائل,الخماشية,محل,تجاري,14,0,0
2025,4,حائل,الحموديه,الحمودية,شقة,سكني,2,15000,119.23
2025,4,حائل,حائل,المدائن,مكتب,تجاري,1,0,0
2025,4,حائل,ضرغط,ضرغط,دور,سكني,3,14400,54.4
2025,4,حائل,جبة,الخامس,شقة,سكني,4,14300,135.5
2025,4,حائل,السليمي - البركه,البركة,شقة,سكني,5,14000,86.55
2025,4,حائل,الأجفر,حى النخيل,محل,تجاري,3,0,0
2025,4,حائل,حائل,قرية اجا,محل,تجاري,5,0,0
2025,4,حائل,حائل,الطريفي,محل,تجاري,8,0,0
2025,4,حائل,الشنان,العليا,شقة,سكني,19,16687.5,115.37
2025,4,حائل,حائل,غرب أجا,محل,تجاري,15,0,0
2025,4,حائل,حائل,نقرة قفار,محل,تجاري,64,0,0
2025,4,حائل,حائل,السويفلة,شقة,سكني,170,19073.27,128.96
2025,4,حائل,حائل,الوادي,فيلا,سكني,24,27911.22,69.76
2025,4,حائل,المعرش,المعرّش,شقة,سكني,3,17666.66,166.66
2025,4,حائل,حائل,النقرة,معرض تجاري,تجاري,27,0,0
2025,4,حائل,فيضه اثقب,فيضة أثقب,محل,تجاري,1,0,0
2025,4,حائل,حائل,غرناطة,معرض تجاري,تجاري,1,0,0
2025,4,حائل,حائل,المنتزة رالشمالي,شقة,سكني,75,16058.33,112.88
2025,4,حائل,الشيحيه,الشيحيّة,استديو,سكني,1,8400,56
2025,4,حائل,حائل,النفل,محل,تجاري,14,0,0
2025,4,حائل,حائل,الزبارة,معرض تجاري,تجاري,1,0,0
2025,4,حائل,الشنان,الحمراء,شقة,سكني,8,12006.66,90.57
2025,4,حائل,انبوان,انبوان,محل,تجاري,2,0,0
2025,4,حائل,حائل,اللقيطه,فيلا,سكني,3,17500,40.85
2025,4,حائل,البعايث,البعايث,شقة,سكني,1,18000,60
2025,4,حائل,حائل,أجا,شقة,سكني,223,17294.23,120.43
2025,4,حائل,قاع حجلاء,قاع حجلاء,شقة,سكني,3,13200,110
2025,4,حائل,حائل,صلاح الدين,مكتب,تجاري,1,0,0
2025,4,حائل,حائل,نقرة قفار,دوبلاكس,سكني,2,28800,88.82
2025,4,حائل,حائل,المصيف,دوبلاكس,سكني,1,40000,100
2025,4,حائل,حائل,السلام,فيلا,سكني,1,24000,120
2025,4,حائل,حائل,الشفاء,مكتب,تجاري,2,0,0
2025,4,حائل,حائل,السمراء,استديو,سكني,70,16800,210
2025,4,حائل,حائل,المجمع,دور,سكني,6,16833.33,69.96
2025,4,حائل,الشنان,الورود,شقة,سكني,13,12427.27,98.44
2025,4,حائل,حائل,النعام,محل,تجاري,4,0,0
2025,4,حائل,الكهفه,الكهفة,محل,تجاري,1,0,0
2025,4,حائل,الغزالة - الغزاله,شمال الغزالة,محل,تجاري,1,0,0
2025,4,حائل,حائل,النفل,شقة,سكني,137,17218.77,127.46
2025,4,حائل,حائل,قرية النيصية,فيلا,سكني,9,22833.33,50.21
2025,4,حائل,حائل,المصيف,فيلا,سكني,5,31500,85.33
2025,4,حائل,الشنان,الازدهار,شقة,سكني,9,14120,112.13
2025,4,حائل,حائل,النعام,دور,سكني,2,14900,81.55
2025,4,حائل,حائل,برزان,دور,سكني,3,10000,50
2025,4,حائل,حائل,صبابة,دوبلاكس,سكني,1,20000,100
2025,4,حائل,حائل,شراف,دور,سكني,4,14750,74.16
2025,4,حائل,حائل,ضاحية الملك فهد,فيلا,سكني,5,23000,74.52
2025,4,حائل,حائل,غرناطة,محل,تجاري,9,0,0
2025,4,حائل,حائل,المطار,استديو,سكني,1,16800,560
2025,4,حائل,حائل,السلام,استديو,سكني,2,15000,210
2025,4,حائل,حائل,المدائن,محل,تجاري,24,0,0
2025,4,حائل,الأجفر,حى صلاح الدين,شقة,سكني,23,13633.33,104.49
2025,4,حائل,الشعلانيه,الشعلانية,شقة,سكني,6,13066.66,106.68
2025,4,حائل,سميراء,المملكة,فيلا,سكني,1,9600,48
2025,4,حائل,حائل,مغيضة,فيلا,سكني,1,20000,63.89
2025,4,حائل,الوهيبيه,الوهيبية,شقة,سكني,3,17833.33,99.44
2025,4,حائل,مشاش  بن جازي,مشاش بن جازي,شقة,سكني,1,6000,40
2025,4,حائل,جبة,الثامن,دور,سكني,1,12000,60
2025,4,حائل,تربة,الروضة,استديو,سكني,1,6000,30
2025,4,حائل,حائل,الرصف,محل,تجاري,56,0,0
2025,4,حائل,حائل,الملك عبدالله,مكتب,تجاري,3,0,0
2025,4,حائل,جبة,حي ج2,شقة,سكني,1,16000,80
2025,4,حائل,حائل,شرق الصناعية,محل,تجاري,5,0,0
2025,4,حائل,المصع,المصع,شقة,سكني,1,18000,150
2025,4,حائل,حائل,السمراء,دور,سكني,31,15300,82.03
2025,4,حائل,تربة,الدهناء,محل,تجاري,4,0,0
2025,4,حائل,حائل,صلاح الدين,محل,تجاري,17,0,0
2025,4,حائل,حائل,الودي,دور,سكني,18,18200,56.77
2025,4,حائل,حائل,الجامعيين,دور,سكني,7,15000,90.2
2025,4,حائل,حائل,إشبيليا,دور,سكني,3,26333.33,114.55
2025,4,حائل,حائل,مغيضة,شقة,سكني,22,13900,147.36
2025,4,حائل,الحائط,النسيم,محل,تجاري,1,0,0
2025,4,حائل,حائل,المجد,استديو,سكني,1,5000,33.33
2025,4,حائل,الشنان,الخليج,شقة,سكني,12,15250,107.98
2025,4,حائل,حائل,الورود,شقة,سكني,94,16953.92,129.52
2025,4,حائل,ضبيعه,ضبيعة,محل,تجاري,3,0,0
2025,4,حائل,سميراء,النهضة,شقة,سكني,2,12500,74.87
2025,4,حائل,حائل,السويفلة,محل,تجاري,19,0,0
2025,4,حائل,الجفر,الجفر,شقة,سكني,4,16602.5,126.01
2025,4,حائل,حائل,السمراء,محل,تجاري,42,0,0
2025,4,حائل,الخطه,الخطة,فيلا,سكني,1,14400,72
2025,4,حائل,بقعاء,حي ج2,شقة,سكني,16,11353.84,92.29
2025,4,حائل,حائل,الوسيطاء,محل,تجاري,142,0,0
2025,4,حائل,الشملى,النخيل الغربي,دور,سكني,2,18000,73.83
2025,4,حائل,حائل,الملك عبدالله,فيلا,سكني,1,33000,66
2025,4,حائل,الارشاويه,الإرشاوية,محل,تجاري,3,0,0
2025,4,حائل,حائل,المنتزة الغربي,شقة,سكني,107,15937.93,116.26
2025,4,حائل,بقعاء,مخطط الظهيره,شقة,سكني,34,11188.88,84.69
2025,4,حائل,تربة,زرود,دور,سكني,4,6000,40
2025,4,حائل,تربة,النفود,شقة,سكني,7,14000,118.37
2025,4,حائل,حائل,صبابة,محل,تجاري,15,0,0
2025,4,حائل,تربة,الصناعي,محل,تجاري,2,0,0
2025,4,حائل,حائل,المنطقة الصناعية,معرض تجاري,تجاري,1,0,0
2025,4,حائل,الحفير,الحفير,شقة,سكني,15,16892.85,112.1
2025,4,حائل,حائل,الوسيطاء,استديو,سكني,59,7021.42,224.06
2025,4,حائل,الحائط,الصناعية,محل,تجاري,1,0,0
2025,4,حائل,حائل,الخزامى,فيلا,سكني,7,26740,74.49
2025,4,حائل,حائل,المصيف,دور,سكني,13,20299.33,90.82
2025,4,حائل,المهينيه,المهينية,شقة,سكني,1,14400,120
2025,4,حائل,بقعاء,مخطط بقعاء الشرقية,دور,سكني,2,9000,36
2025,4,حائل,غزلانه,غزلانة,دور,سكني,1,60000,468.38
2025,4,حائل,السليمي,السمراء,شقة,سكني,5,15600,145
2025,4,حائل,العراديه,العرادية,محل,تجاري,2,0,0
2025,4,حائل,تربة,السلام,دور,سكني,2,9000,51.98
2025,4,حائل,السليمي,العدل,شقة,سكني,10,12511.11,80.4
2025,4,حائل,السعيره,السعيرة,محل,تجاري,1,0,0
2025,4,حائل,الخوير,الخوير,شقة,سكني,2,8000,69.66
2025,4,حائل,الرفايع,الرفايع,شقة,سكني,7,14480,133.11
2025,4,حائل,حائل,الورود,محل,تجاري,25,0,0
2025,4,حائل,بدائع الشق,الشق,شقة,سكني,1,12000,77.41
2025,4,حائل,الجفاليه,الجفالية,فيلا,سكني,1,14000,14.92
2025,4,حائل,حائل,الملك عبدالله,شقة,سكني,46,16557.14,113.74
2025,4,حائل,حائل,النقرة,فيلا,سكني,31,31014,96.93
2025,4,حائل,قنا,قناء,محل,تجاري,3,0,0
2025,4,حائل,الشنان,النهضة,دور,سكني,9,13500,64.88
2025,4,حائل,القاعد,القاعد,شقة,سكني,30,13376.92,106.32
2025,4,حائل,حائل,الوادي,دور,سكني,69,19785.52,82.12
2025,4,حائل,الغزالة - الغزاله,وسط الغزالة,شقة,سكني,19,12823.52,101.52
2025,4,حائل,حائل,المنتزة الشرقي,محل,تجاري,57,0,0
2025,4,حائل,حائل,المدائن,دور,سكني,71,20226.08,77.26
2025,4,حائل,حائل,غرب أجا,دور,سكني,5,20560,98.8
2025,4,حائل,سراء,سراء,شقة,سكني,1,6000,20
2025,4,حائل,حائل,السويفلة الجديد,محل,تجاري,3,0,0
2025,4,حائل,الارشاويه,الإرشاوية,فيلا,سكني,1,14400,24.08
2025,4,حائل,حائل,أجا,محل,تجاري,43,0,0
2025,4,حائل,حائل,غرب أجا,شقة,سكني,58,18001.11,126.92
2025,4,حائل,حائل,المنتزة الغربي,محل,تجاري,33,0,0
2025,4,حائل,حائل,النقرة,محل,تجاري,233,0,0
2025,4,حائل,الحليفه السفلى,الحليفة السفلى,شقة,سكني,69,15415.78,123.3
2025,4,حائل,بقعاء,حي ج3,فيلا,سكني,1,13800,30
2025,4,حائل,حائل,ضاحية الملك فهد,محل,تجاري,3,0,0
2025,4,حائل,الصخيره الجنوبيه,صخيرة الصبّان,شقة,سكني,1,18000,211.76
2025,4,حائل,حائل,الزهراء,شقة,سكني,135,17008.23,116.84
2025,4,حائل,حائل,الرصف,شقة,سكني,128,15830.42,105.66
2025,4,حائل,تربة,الزهراء,شقة,سكني,11,7200,82.16
2025,4,حائل,حائل,غرناطة,فيلا,سكني,1,18000,60
2025,4,حائل,الملوى,الملوي,شقة,سكني,1,18000,150
2025,4,حائل,الشنان,الحمراء,استديو,سكني,10,5100,130
2025,4,حائل,ام ساروت,ام ساروت,شقة,سكني,1,14000,90.32
2025,4,حائل,السليمي,الصناعية,شقة,سكني,1,18000,180
2025,4,حائل,حائل,الخماشية,مكتب,تجاري,1,0,0
2025,4,حائل,حائل,الياسمين,فيلا,سكني,4,27600,43.28
2025,4,حائل,موقق,مخطط 509,شقة,سكني,3,17500,153.33
2025,4,حائل,البدراني,البدراني,شقة,سكني,1,15000,97.4
2025,4,حائل,حائل,الوادي,معرض تجاري,تجاري,2,0,0
2025,4,حائل,تربة,السلام,شقة,سكني,10,10600,97.63
2025,4,حائل,عقله بن طواله,عقلة بن طواله,محل,تجاري,5,0,0
2025,4,حائل,بدع بن حويط,بدع بن حويط,شقة,سكني,3,16666.66,125
2025,4,حائل,حائل,قرية النيصية,استديو,سكني,55,16275,706.66
2025,4,حائل,الشملى,الواحة,شقة,سكني,18,15471.15,67.76
2025,4,حائل,فيضه اثقب,فيضة أثقب,شقة,سكني,5,17400,155.76
2025,4,حائل,الصهوه,الصهوة,دور,سكني,1,8000,22.85
2025,4,حائل,حائل,المدائن,فيلا,سكني,6,27760,70.23
2025,4,حائل,حائل,الخزامى,محل,تجاري,69,0,0
2025,4,حائل,حائل,المجد,فيلا,سكني,14,23950,75.12
2025,4,حائل,حائل,الوسيطاء,شقة,سكني,255,14781.28,114.86
2025,4,حائل,العجاجة,العجاجة,محل,تجاري,1,0,0
2025,4,حائل,حائل,قفار,دور,سكني,27,20190.9,76.69
2025,4,حائل,حائل,قرية اجا,دوبلاكس,سكني,2,29999,109.08
2025,4,حائل,حائل,الزبارة,دور,سكني,19,14443.75,79.96
2025,4,حائل,الأجفر,حى صلاح الدين,دور,سكني,1,12000,34.28
2025,4,حائل,بقعاء,مخطط بقعاء الشرقية,شقة,سكني,20,13584.61,117.61
2025,4,حائل,الشقيق,الشقيق,شقة,سكني,1,18000,60
2025,4,حائل,الخبه,الخبة,شقة,سكني,2,18000,160.42
2025,4,حائل,عثمر   المخطط,عثمر ,دور,سكني,4,15500,63.37
2025,4,حائل,الثماميه,الثمامية,شقة,سكني,6,18000,105
2025,4,حائل,حائل,أجا,دوبلاكس,سكني,2,19500,102.32
2025,4,حائل,حائل,غرناطة,شقة,سكني,59,16193.61,101.01
2025,4,حائل,الحائط,السلام,فيلا,سكني,1,30000,115.83
2025,4,حائل,حائل,السلام,دور,سكني,1,28000,112
2025,4,حائل,بقعاء,بقعاء القديمة,دور,سكني,6,10760,48.85
2025,4,حائل,حائل,قرية الجثامية,فيلا,سكني,1,36000,90
2025,4,حائل,عقله بن دانى,عقلة بن داني,شقة,سكني,1,15000,100
2025,4,حائل,وسعة الرس,وسعة الرس,شقة,سكني,2,18000,92.5
2025,4,حائل,دحله الجوازى,دحلة الجوازي,شقة,سكني,1,14000,46.66
2025,4,حائل,سميراء - مشرفة,مشرفة,شقة,سكني,3,17000,118.36
2025,4,حائل,حائل,الياسمين,استديو,سكني,9,11314.28,227.34
2025,4,حائل,حائل,الشفاء,شقة,سكني,264,16177.63,117.71
2025,4,حائل,الحليفه السفلى,الحليفة السفلى,محل,تجاري,49,0,0
2025,4,حائل,الفرحانيه,الفرحانية,شقة,سكني,5,16080,117.97
2025,4,حائل,الشملى,الحفيرة الأوسط,شقة,سكني,4,10511.25,67.83
2025,4,حائل,ضبيعه,ضبيعة,دور,سكني,2,13200,43.5
2025,4,حائل,حائل,لبدة,محل,تجاري,9,0,0
2025,4,حائل,الشنان,النهضة,استديو,سكني,1,8000,131.14
2025,4,حائل,مران,مران,شقة,سكني,1,18000,60
2025,4,حائل,الأجفر,حى الوسيطاء,فيلا,سكني,1,12000,48
2025,4,حائل,الشنان,الحمراء,محل,تجاري,10,0,0
2025,4,حائل,الشنان,الملك عبدالله,شقة,سكني,2,6000,40
2025,4,حائل,حائل,المملكة,شقة,سكني,43,15848.22,120.6
2025,4,حائل,الحفير,الحفير,دور,سكني,1,12600,32.89
2025,4,حائل,حائل,السمراء,معرض تجاري,تجاري,1,0,0
2025,4,حائل,حائل,صبابة,شقة,سكني,57,14869.23,110.13
2025,4,حائل,الشنان,الخليج,فيلا,سكني,2,18000,61.71
2025,4,حائل,الفويلق رقم 2,الفويلق رقم(2),شقة,سكني,5,12000,102
2025,4,حائل,حائل,مريفق,فيلا,سكني,1,12000,20
2025,4,حائل,الكهفه,الكهفة,فيلا,سكني,1,60000,30
2025,4,حائل,حائل,صلاح الدين,دور,سكني,1,14000,140
2025,4,حائل,حائل,الزبارة,محل,تجاري,80,0,0
2025,4,حائل,المضيح,المضيّح,محل,تجاري,3,0,0
2025,4,حائل,السليمي,الديرة,دور,سكني,1,24000,110.76
2025,4,حائل,حائل,الوادي,دوبلاكس,سكني,3,19133.33,48.5
2025,4,حائل,دحوة الضغن,دحوة الضغن,شقة,سكني,1,18000,211.76
2025,4,حائل,حائل,المزعبر,فيلا,سكني,3,58533.33,239.06
2025,4,حائل,حائل,المنتزة الغربي,معرض تجاري,تجاري,1,0,0
2025,4,حائل,حائل,قرطبة,محل,تجاري,4,0,0
2025,4,حائل,حائل,نقرة قفار,شقة,سكني,270,15797.8,117.61
2025,4,حائل,حائل,الوادي,محل,تجاري,43,0,0
2025,4,حائل,تربة,الثريا,شقة,سكني,4,14500,117.5
2025,4,حائل,الشملى,النخيل الغربي,محل,تجاري,22,0,0
2025,4,حائل,سبيعه,سبيعة,شقة,سكني,3,18000,132.01
2025,4,حائل,الأجفر,حى الوسيطاء,شقة,سكني,6,17422.5,128.23
2025,4,حائل,بدائع فايد بن سالم المثواةالجديده,المثواة الجديدة,شقة,سكني,1,14000,46.66
2025,4,حائل,الحليفه العليا,الحليفة العليا,شقة,سكني,7,14200,96.96
2025,4,حائل,حائل,إشبيليا,فيلا,سكني,8,34428.57,97.82
2025,4,حائل,حائل,قرية اجا,فيلا,سكني,7,42571.42,124.82
2025,4,حائل,الشنان,الخليج,محل,تجاري,8,0,0
2025,4,حائل,تربة,زرود,محل,تجاري,1,0,0
2025,4,حائل,الناصريه,الناصرية,محل,تجاري,7,0,0
2025,4,حائل,حائل,النفل,فيلا,سكني,2,54000,126
2025,4,حائل,غسل,غسل,شقة,سكني,1,6000,60
2025,4,حائل,بقعاء,مخطط الظهيره,محل,تجاري,4,0,0
2025,4,حائل,الصداعيه,الصداعية,دور,سكني,1,6000,46.82
2025,4,حائل,الحفير,الحفير,فيلا,سكني,1,18000,51.42
2025,4,حائل,حائل,الخماشية,معرض تجاري,تجاري,5,0,0
2025,4,حائل,فيد,فيد,شقة,سكني,9,14142.85,90.29
2025,4,حائل,حائل,الوادي,شقة,سكني,318,16256.14,116.63
2025,4,حائل,مراغان الجديد,مراغان,شقة,سكني,2,17500,115
2025,4,حائل,حائل,المجمع,محل,تجاري,26,0,0
2025,4,حائل,حائل,الملك عبدالله,محل,تجاري,18,0,0
2025,4,حائل,بقعاء,مخطط بقعاء الشرقية,محل,تجاري,3,0,0
2025,4,حائل,قريه اللخين,اللخين,شقة,سكني,1,17000,170
2025,4,حائل,بدائع الحامريه   الحامريه,بدائع الحامرية ,شقة,سكني,1,18000,140.5
2025,4,حائل,الأجفر,حى صلاح الدين,فيلا,سكني,1,18000,60
2025,4,حائل,بقعاء,حي ج7,محل,تجاري,8,0,0
2025,4,حائل,تربة,الدهناء,دور,سكني,1,14400,48
2025,4,حائل,الغزالة - الغزاله,الصناعية,فيلا,سكني,1,8000,20
2025,4,حائل,حائل,الرصف,معرض تجاري,تجاري,2,0,0
2025,4,حائل,دليهان,دليهان,محل,تجاري,2,0,0
2025,4,حائل,جبة,الأول,شقة,سكني,7,15857.14,119.48
2025,4,حائل,حائل,قرية النيصية,دور,سكني,17,23662.5,94.04
2025,4,حائل,فيضه اثقب,فيضة أثقب,فيلا,سكني,1,12000,63.15
2025,4,حائل,بقعاء,الوسطى,فيلا,سكني,1,12000,80
2025,4,حائل,ضرغط,ضرغط,شقة,سكني,1,12000,51.28
2025,4,حائل,حائل,البادية,شقة,سكني,91,14382.63,104.07
2025,4,حائل,ام شعاري,ام شعاري,شقة,سكني,1,12000,100
2025,4,حائل,تربة,الدهناء,فيلا,سكني,1,12000,93.66
2025,4,حائل,حائل,صبابة,فيلا,سكني,6,20800,54.76
2025,4,حائل,الغزالة - ارينبه,أرينبة,شقة,سكني,1,18000,112.5
2025,4,حائل,حائل,الياسمين,دوبلاكس,سكني,3,24333.33,96.66
2025,4,حائل,تربة,العروبة,شقة,سكني,2,6900,53.44
2025,4,حائل,حائل,قرية الجثامية,شقة,سكني,6,15720,118.99
2025,4,حائل,انبوان,انبوان,شقة,سكني,7,18000,171.17
2025,4,حائل,حائل,السلام,محل,تجاري,15,0,0
2025,4,حائل,الوهيبيه,الوهيبية,محل,تجاري,2,0,0
2025,4,حائل,جرمه,جرمة,شقة,سكني,1,18000,60
2025,4,حائل,الخفج,الخفج,شقة,سكني,2,15000,81.77
2025,4,حائل,العراديه,العرادية,شقة,سكني,6,18000,140.58
2025,4,حائل,قصيريات,قصيريات,شقة,سكني,2,15000,140
2025,4,حائل,حائل,النفل,استديو,سكني,4,15000,174.75
2025,4,حائل,الحمادية,ام القلبان,شقة,سكني,8,12000,70.73
2025,4,حائل,حائل,النعام,شقة,سكني,26,13368.63,103.99
2025,4,حائل,حائل,الوسيطاء,فيلا,سكني,15,22181.81,51.4
2025,4,حائل,حائل,إشبيليا,شقة,سكني,88,18220.05,130.16
2025,4,حائل,حائل,البحيرة,محل,تجاري,36,0,0
2025,4,حائل,حائل,الخماشية,شقة,سكني,38,13367.85,97.94
2025,4,حائل,حائل,ضاحية الملك فهد,دور,سكني,6,21800,79.17
2025,4,حائل,بقعاء,مخطط صلاح الدين,شقة,سكني,1,12000,100
2025,4,حائل,الحائط,الربوة,شقة,سكني,17,17261.53,180.52
2025,4,حائل,حائل,الجامعة,محل,تجاري,1,0,0
2025,4,حائل,حائل,النفل,معرض تجاري,تجاري,1,0,0
2025,4,حائل,حائل,المنتزة الشرقي,معرض تجاري,تجاري,3,0,0
2025,4,حائل,بقعاء,بقعاء القديمة,معرض تجاري,تجاري,1,0,0
2025,4,حائل,العظيم,العظيم,محل,تجاري,3,0,0
2025,4,حائل,القصير بن متروك,قصير بن متروك,شقة,سكني,1,14000,116.66
2025,4,حائل,حائل,صلاح الدين الغربي,دوبلاكس,سكني,1,16200,81
2025,4,حائل,حائل,الودي,محل,تجاري,34,0,0
2025,4,حائل,جبة,الرابع,محل,تجاري,2,0,0
2025,4,حائل,بدائع مرحب,بدائع مرحب,شقة,سكني,1,18000,181.81
2025,4,حائل,جبله,جبلة,شقة,سكني,1,15000,150
2025,4,حائل,عثمر   المخطط,عثمر ,فيلا,سكني,2,16800,112
2025,4,حائل,الشملى,الريان,شقة,سكني,5,15363,120.23
2025,4,حائل,دليهان,دليهان,شقة,سكني,2,15000,78.38
2025,4,حائل,الهديه,الهدية,شقة,سكني,1,10000,45.45
2025,4,حائل,حائل,المملكة,محل,تجاري,2,0,0
2025,4,حائل,حائل,مريفق,محل,تجاري,3,0,0
2025,4,حائل,بدايع ابضه,بدائع أبضة,دور,سكني,1,30000,234.19
2025,4,حائل,الجحفه,الجحفة,محل,تجاري,4,0,0
2025,4,حائل,الحائط,النسيم,شقة,سكني,2,17000,130
2025,4,حائل,المشيطيه,المشيطية,محل,تجاري,1,0,0
2025,4,حائل,ضبيعه,ضبيعة,شقة,سكني,29,14687.5,95.43
2025,4,حائل,الشملى,النخيل الشرقي,شقة,سكني,11,19191.25,99.54
2025,4,حائل,حائل,النقرة,دور,سكني,55,18686.02,89.51
2025,4,حائل,حائل,الرصف,دوبلاكس,سكني,2,24000,56.66
2025,4,حائل,حائل,البادية,فيلا,سكني,4,19000,73.32
2025,4,حائل,ضريغط,ضريغط,شقة,سكني,28,9763.46,78.95
2025,4,حائل,موقق,موقق,شقة,سكني,9,12637.5,99.33
2025,4,حائل,بقعاء,مخطط الظهيره,فيلا,سكني,4,17533.33,19.88
2025,4,حائل,الحائط,السلام,مكتب,تجاري,1,0,0
2025,4,حائل,بقعاء,بقعاء القديمة,فيلا,سكني,5,13150,31.43
2025,4,حائل,القدهي,القدهي,شقة,سكني,1,18000,140.5
2025,4,حائل,تربة,فوار,شقة,سكني,8,16125,111.06
2025,4,حائل,الوهيبيه,الوهيبية,دور,سكني,1,18000,150
2025,4,حائل,حائل,النفل,مكتب,تجاري,1,0,0
2025,4,حائل,حائل,الشفاء,دور,سكني,33,17920.68,74.41
2025,4,حائل,حائل,المنتزة رالشمالي,دور,سكني,12,19140,92.06
2025,4,حائل,حائل,صلاح الدين الغربي,محل,تجاري,2,0,0
2025,4,حائل,حائل,مغيضة,معرض تجاري,تجاري,3,0,0
2025,4,حائل,حائل,السمراء,شقة,سكني,208,14495.44,103.99
2025,4,حائل,الخطه,الخطة,محل,تجاري,6,0,0
2025,4,حائل,الشملى,حفيرة السبعة الأوسط,محل,تجاري,1,0,0
2025,4,حائل,حائل,العزيزية,دور,سكني,24,13688.88,84.13
2025,4,حائل,حائل,الورود,فيلا,سكني,2,28000,56
2025,4,حائل,حائل,المدينة الاقتصادية,فيلا,سكني,1,9000,36
2025,4,حائل,ارطاوى,الأرطاوي,دور,سكني,1,8000,22.85
2025,4,حائل,تربة,السلام,فيلا,سكني,1,12000,24
2025,4,حائل,حائل,السفن,دور,سكني,1,18000,120
2025,4,حائل,حائل,المزعبر,محل,تجاري,28,0,0
2025,4,حائل,حائل,التلفزيون,محل,تجاري,4,0,0
2025,4,حائل,حائل,العليا,شقة,سكني,2,14250,125
2025,4,حائل,حائل,غرب أجا,استديو,سكني,4,4800,80
2025,4,حائل,حائل,المصيف,شقة,سكني,349,17633.04,125.8
2025,4,حائل,الجبريه,الجبرية,فيلا,سكني,1,10200,68
2025,4,حائل,الشملى,حفيرة السبعة الأوسط,شقة,سكني,2,16500,165
2025,4,حائل,الشيحيه,الشيحيّة,دور,سكني,4,13500,55.18
2025,4,حائل,بقعاء,الوسطى,محل,تجاري,13,0,0
2025,4,حائل,حائل,برزان,استديو,سكني,3,5833.33,97.4
2025,4,حائل,البحره,البحرة,شقة,سكني,1,12000,80
2025,4,حائل,الأجفر,حى البلد,شقة,سكني,6,12867,89.27
2025,4,حائل,حائل,الودي,شقة,سكني,81,14500,95.94
2025,4,حائل,بقعاء,بقعاء القديمة,شقة,سكني,61,11147.9,87.42
2025,4,حائل,حائل,المزعبر,شقة,سكني,46,16617.76,111.28
2025,4,حائل,بقعاء,حي ج2,دور,سكني,1,9600,53.33
2025,4,حائل,الفويلق رقم 2,الفويلق رقم(2),فيلا,سكني,1,14400,41.14
2025,4,حائل,الخطه,الخطة,دور,سكني,3,11400,59.33
2025,4,حائل,الغزالة - الغزاله,شمال الغزالة,شقة,سكني,4,12000,69.61
2025,4,حائل,جبة,حي ج1,شقة,سكني,3,12035,100.29
2025,4,حائل,وسيطاء البدع,وسيطاء البدع,شقة,سكني,1,18000,211.76
2025,4,حائل,حائل,صلاح الدين الغربي,مكتب,تجاري,3,0,0
2025,4,حائل,عثمر   المخطط,عثمر ,محل,تجاري,3,0,0
2025,4,حائل,العاذرية,العاذرية,شقة,سكني,1,17000,170
2025,4,حائل,المضيح,المضيّح,شقة,سكني,3,18000,83.33
2025,4,حائل,العليا,العلياء,شقة,سكني,1,17500,58.33
2025,4,حائل,تربة,الصناعي,شقة,سكني,3,17166.66,103.05
2025,4,حائل,حائل,سوق المواشى,شقة,سكني,2,16800,84
2025,4,حائل,شعيب الضربة,شعيب الضربة,محل,تجاري,1,0,0
2025,4,حائل,الشنان,الخليج,استديو,سكني,2,10000,141.66
2025,4,حائل,السليمي - البركه,البركة,محل,تجاري,2,0,0
2025,4,حائل,حائل,البحيرة,شقة,سكني,19,17218.75,136.71
2025,4,حائل,الزبنيه,الزبنية,شقة,سكني,1,15000,96.77
2025,4,حائل,مخطط محمد الحبيب الزراعي,مخطط رقم(1018),محل,تجاري,4,0,0
2025,4,حائل,حائل,شراف,محل,تجاري,9,0,0
2025,4,حائل,حائل,لبدة,فيلا,سكني,2,24000,140.83
2025,4,حائل,حائل - الجديده,الجديدة,شقة,سكني,27,14323.8,118.42
2025,4,حائل,السليل,السليل,شقة,سكني,1,20000,178.57
2025,4,حائل,حائل,المنتزة الشرقي,استديو,سكني,9,7371.42,160.42
2025,4,حائل,حائل,الوادي,استديو,سكني,2,6900,115.66
2025,4,حائل,ثرل,ثرل,دور,سكني,1,8400,44.68
2025,4,حائل,بدائع الرويضات,بدائع الرويضات,شقة,سكني,1,18000,90
2025,4,حائل,موقق,موقق,دور,سكني,3,26000,85.27
2025,4,حائل,سميراء,السلام,محل,تجاري,1,0,0
2025,4,حائل,حائل,درة مشار,شقة,سكني,20,16058.82,126.67
2025,4,حائل,حائل,النقرة,استديو,سكني,77,10830,274.89
2025,4,حائل,حائل,المحطة,محل,تجاري,197,0,0
2025,4,حائل,الخطه,الخطة,شقة,سكني,22,16362.5,129.3
2025,4,حائل,حائل,اللقيطه,محل,تجاري,5,0,0
2025,4,حائل,ملحا,ملحاء,دور,سكني,1,12000,120
2025,4,حائل,تربة,الريان,شقة,سكني,7,14000,135.88
2025,4,حائل,حائل,المطار,دور,سكني,26,17709.09,92.36
2025,4,حائل,حائل,أجا,دور,سكني,21,20211.76,87.18
2025,4,حائل,حريد,حريد,شقة,سكني,3,14966.66,83.88
2025,4,حائل,الشملى,النخيل الشرقي,دور,سكني,1,15600,55.71
2025,4,حائل,روض  بن هادي,روض بن هادي,شقة,سكني,8,18000,155.47
2025,4,حائل,جبة,الثامن,شقة,سكني,2,13200,100
2025,4,حائل,الكهيفيه,الكهيفية,محل,تجاري,1,0,0
2025,4,حائل,حائل,السويفلة الجديد,شقة,سكني,20,16133.33,106.94
2025,4,حائل,الشنان,العليا,محل,تجاري,1,0,0
2025,4,حائل,الشيحيه,الشيحيّة,شقة,سكني,6,13600,109.52
2025,4,حائل,العش,العش,شقة,سكني,1,15600,173.33
2025,4,حائل,حائل,المصيف,محل,تجاري,41,0,0
2025,4,حائل,حائل,الجامعيين,مكتب,تجاري,13,0,0
2025,4,حائل,حائل,الجامعيين,استديو,سكني,33,18737.5,196.63
2025,4,حائل,حائل,اللقيطه,شقة,سكني,118,20372.64,210.2
2025,4,حائل,سميراء,المملكة,دور,سكني,1,8500,42.5
2025,4,حائل,حائل,الرصف,فيلا,سكني,1,30000,75
2025,4,حائل,الشملى,الواحة,محل,تجاري,1,0,0
2025,4,حائل,حائل,قرية اجا,معرض تجاري,تجاري,1,0,0
2025,4,حائل,حائل,النفل,دوبلاكس,سكني,2,32500,107.5
2025,4,حائل,تربة,الإسكان,شقة,سكني,2,17750,148.33
2025,4,حائل,تربة,المنتزة,شقة,سكني,2,16250,104.16
2025,4,حائل,حائل,صلاح الدين,استديو,سكني,82,23000,441.16
2025,4,حائل,القصيصه والقصة,القصيصة,شقة,سكني,1,12000,184.61
2025,4,حائل,حائل,الياسمين,شقة,سكني,178,18844.88,133.83
2025,4,حائل,بقعاء,بقعاء الشرقية القديمة,شقة,سكني,7,12000,100
2025,4,حائل,الحليفه السفلى,الحليفة السفلى,دور,سكني,1,16800,140
2025,4,حائل,حائل,المحطة,فيلا,سكني,3,31500,95.6
2025,4,حائل,الشعلانيه,الشعلانية,محل,تجاري,1,0,0
2025,4,حائل,الغزالة - الروضه,الروضة,دور,سكني,2,10500,31.42
2025,4,حائل,المهاش,المهاش,شقة,سكني,1,18000,150
2025,4,حائل,حائل,المنتزة الغربي,دور,سكني,24,15926.31,96.23
2025,4,حائل,بقعاء,مخطط الحفل,شقة,سكني,4,13200,112
2025,4,حائل,اسبطر,اسبطر,شقة,سكني,10,15000,96.88
2025,4,حائل,بقعاء,حي ج7,شقة,سكني,11,12437.5,92.76
2025,4,حائل,حائل,السويفلة الجديد,فيلا,سكني,2,31000,85.15
2025,4,حائل,الحليفه السفلى,الحليفة السفلى,مكتب,تجاري,1,0,0
2025,4,حائل,حائل,شرق الصناعية,دور,سكني,3,18000,64.03
2025,4,حائل,الشنان,الملك عبدالله,معرض تجاري,تجاري,1,0,0
