المؤشر العقاري لمدينة جدة  في عام 2018 و2019 و2020 و 2021,,,,,,,,,,,,,,,,,
,,,,,,,,,,,,,,,,,
المدينة,جده,,,,,,,,,,,,,,,,
حالة العملية(معتمدة/ملغية/..),معتمدة,,,,,,,,,,,,,,,,
,,,,,,,,,,,,,,,,,
,,,,,,,,,,,,,,,,,
,,,2018,2018,2018,2019,2019,2019,2020,2020,2020,2021,2021,2021,,,
الشهر_ميلادي,تصنيف العقار,نوع العقار,السعر بالريال السعودي,المساحة بالمتر المربع,عدد الصفقات,السعر بالريال السعودي,المساحة بالمتر المربع,عدد الصفقات,السعر بالريال السعودي,المساحة بالمتر المربع,عدد الصفقات,السعر بالريال السعودي,المساحة بالمتر المربع,عدد الصفقات,,,
يناير,,,1514934597,1218177.9930000005,1603,2298598907,1649879.1801,2741,2666207100,2317882.5159999994,2732,2817203195,2796795.9903000016,3314,,,
يناير,سكني,,1217804859,833191.0530000005,1478,1757735095,1363350.3501,2476,2000964339,1516269.2559999996,2357,1998330703,1928878.2803000004,2701,,,
يناير,سكني,قطعة أرض,922479061,745537.4920000006,964,1384013524,1242492.5251000002,1849,1738968425,1418094.2399999995,1867,1814364697,1885937.7700000005,2448,,,
يناير,سكني,عمارة,,,,2500000,1319.4,1,,,,43641017,2420,3,,,
يناير,سكني,فيلا,10368929,4516.335000000001,10,7210000,3722.7900000000004,9,22798390,21817.440000000002,33,22092725,6773.49,12,,,
يناير,سكني,شقة,280626352,77761.43600000007,500,343534841,91063.255,599,230013289,67438.06600000002,442,116477264,32443.93029999998,236,,,
يناير,سكني,معرض/محل,215517,45.22,1,,,,835000,187.32,5,,,,,,
يناير,سكني,مركز تجاري,575000,1790,2,770000,620,2,,,,1505000,655.87,1,,,
يناير,سكني,بيت,,,,4694000,9119.65,14,5459680,5674.46,9,250000,647.22,1,,,
يناير,سكني,مرفق,3540000,3540.57,1,15012730,15012.73,2,2889555,3057.73,1,,,,,,
يناير,تجاري,,296529738,152833.77000000002,123,540863812,286528.83,265,665242761,801613.2599999998,375,712749968,842610.4700000001,456,,,
يناير,تجاري,قطعة أرض,294130085,150167.51,121,540863812,286528.83,265,664172761,801313.2599999998,374,712749968,842610.4700000001,456,,,
يناير,تجاري,فيلا,,,,,,,1070000,300,1,,,,,,
يناير,تجاري,معرض/محل,1939653,216.26,1,,,,,,,,,,,,
يناير,تجاري,مرفق,460000,2450,1,,,,,,,,,,,,
يناير,زراعي,,600000,232153.17,2,,,,,,,106122524,25307.24000000001,157,,,
يناير,زراعي,قطعة أرض,,,,,,,,,,105822524,24443.74000000001,156,,,
يناير,زراعي,أرض زراعية,600000,232153.17,2,,,,,,,300000,863.5,1,,,
فبراير,,,1447269970,850455.3575,1552,2467704377,3294960.9760000003,2368,3036018605,2927726.9250999996,2666,3031996711,2732488.9158,3611,,,
فبراير,سكني,,1088211699,653516.2875,1405,1518067412,1193660.3559999997,2123,2017595609,1656094.7901000003,2353,2053598985,2079481.9102999996,2890,,,
فبراير,سكني,قطعة أرض,816733923,565172.4105,842,1193299124,1079758.2759999998,1568,1677378495,1536246.5295000004,1845,1877394000,2027219.5199999998,2622,,,
فبراير,سكني,عمارة,,,,2450000,1691.9,2,5950000,1345.71,3,10050000,1530,2,,,
فبراير,سكني,فيلا,9888000,4534.08,12,10591041,20387.889999999996,36,40712499,23378.715,52,8989022,5335.56,11,,,
فبراير,سكني,شقة,220682471,64011.85700000002,422,305908247,76389.53000000004,488,259654504,85142.61559999993,445,143975083,40131.47030000003,250,,,
فبراير,سكني,معرض/محل,38560305,8652.240000000003,123,190000,77.6,1,984000,84,3,,,,,,
فبراير,سكني,مركز تجاري,400000,2120.37,1,380000,300,1,28500000,3469.38,1,2360880,590.22,2,,,
فبراير,سكني,بيت,,,,5249000,15055.16,27,1100000,2695.5,2,7590000,1075.1399999999999,2,,,
فبراير,سكني,مرفق,1947000,9025.33,5,,,,3316111,3732.34,2,3240000,3600,1,,,
فبراير,تجاري,,359058271,196939.07000000004,147,945636965,2079610.9600000002,244,1015512996,1263325.215,306,856695189,622922.5424999999,545,,,
فبراير,تجاري,قطعة أرض,358196203,196579.08000000002,143,945321965,2078985.9600000002,243,1012494996,1260909.915,302,836094689,617065.1424999998,525,,,
فبراير,تجاري,عمارة,,,,,,,,,,3200000,552,1,,,
فبراير,تجاري,فيلا,,,,,,,2490000,825,1,,,,,,
فبراير,تجاري,شقة,215517,218.45,1,,,,200000,90.3,1,17400500,5305.4,19,,,
فبراير,تجاري,معرض/محل,646551,141.54,3,,,,328000,1500,2,,,,,,
فبراير,تجاري,بيت,,,,315000,625,1,,,,,,,,,
فبراير,زراعي,,,,,4000000,21689.66,1,2910000,8306.92,7,121702537,30084.463000000003,176,,,
فبراير,زراعي,قطعة أرض,,,,,,,2110000,567.5500000000001,6,121702537,30084.463000000003,176,,,
فبراير,زراعي,أرض زراعية,,,,4000000,21689.66,1,800000,7739.37,1,,,,,,
مارس,,,1264248902,1005109.5360000005,1576,1886035833,1339508.4185,2300,1335891032,1253329.0539999998,1831,4175423242,3130732.8479999998,3538,,,
مارس,سكني,,1088386355,672779.5260000005,1436,1530808329,1149454.5085000002,2107,1000797238,918176.7439999998,1607,2287759915,2007577.8759999997,2890,,,
مارس,سكني,قطعة أرض,849463818,588456.3100000004,926,1167572693,1007928.9020000001,1492,807021263,850099.8799999999,1270,2168313508,1961165.3539999996,2656,,,
مارس,سكني,عمارة,100000,963.15,1,4350000,1715.9,3,,,,7676000,4456.41,6,,,
مارس,سكني,فيلا,20170000,7337.3,15,21191825,31062.350000000002,54,23147633,11623.01,23,15951723,6542.05,14,,,
مارس,سكني,شقة,216852537,75454.76600000008,490,325656451,83364.84650000007,521,152528342,48097.403999999966,304,93288788,30071.261999999995,212,,,
مارس,سكني,معرض/محل,1500000,120,3,740000,1288.56,2,15000000,1254.2,6,,,,,,
مارس,سكني,بيت,300000,448,1,10697360,22093.949999999997,34,600000,735.4,2,,,,,,
مارس,سكني,مرفق,,,,600000,2000,1,2500000,6366.85,2,2529896,5342.8,2,,,
مارس,تجاري,,175762547,105158.84000000003,139,355227504,190053.90999999997,193,324508794,237410.40000000002,217,1752208094,783910.4699999999,494,,,
مارس,تجاري,قطعة أرض,175762547,105158.84000000003,139,354879004,189886.52999999997,192,322936919,236797.90000000002,215,1749858094,783599.9699999999,493,,,
مارس,تجاري,فيلا,,,,,,,1150000,300,1,2350000,310.5,1,,,
مارس,تجاري,شقة,,,,348500,167.38,1,,,,,,,,,
مارس,تجاري,قصر,,,,,,,421875,312.5,1,,,,,,
مارس,زراعي,,100000,227171.17,1,,,,10585000,97741.91,7,135455233,339244.50200000004,154,,,
مارس,زراعي,قطعة أرض,,,,,,,3885000,1022.8000000000001,6,89815688,24855.34199999999,150,,,
مارس,زراعي,أرض زراعية,100000,227171.17,1,,,,6700000,96719.11,1,45639545,314389.16000000003,4,,,
ابريل,,,1693146036,1038903.3356999995,1654,2061196690,1382646.9084000008,2329,276389697,148883.514,347,1600723474,1387328.342,1841,,,
ابريل,سكني,,1282437527,812890.0489999995,1475,1707525413,1142537.2284000008,2124,230490526,130004.10399999999,320,1165484050,1085169.627,1496,,,
ابريل,سكني,قطعة أرض,1036290859,740509.2849999996,1054,1270769334,1027995.3484000007,1563,151539585,107805.234,200,1077967221,1057839.5550000002,1336,,,
ابريل,سكني,عمارة,3700000,912.5,2,2200000,268,1,,,,,,,,,
ابريل,سكني,فيلا,47522441,12142.47,27,23406907,11411.330000000002,24,1150000,300,1,8645719,3670.9800000000005,12,,,
ابريل,سكني,شقة,194444227,59089.59400000003,390,407839172,92261.08000000005,527,77800941,21898.87,119,78531110,22950.09199999999,147,,,
ابريل,سكني,مركز تجاري,,,,1600000,1250,1,,,,,,,,,
ابريل,سكني,بيت,480000,236.2,2,1410000,2157.19,5,,,,340000,709,1,,,
ابريل,سكني,مرفق,,,,300000,7194.28,3,,,,,,,,,
ابريل,تجاري,,408908509,203419.2867,178,353671277,240109.67999999993,205,41151171,17695.370000000003,22,390110674,289606.1199999998,273,,,
ابريل,تجاري,قطعة أرض,408908509,203419.2867,178,353671277,240109.67999999993,205,41151171,17695.370000000003,22,390110674,289606.1199999998,273,,,
ابريل,زراعي,,1800000,22594,1,,,,4748000,1184.04,5,45128750,12552.595000000001,72,,,
ابريل,زراعي,قطعة أرض,,,,,,,4748000,1184.04,5,45128750,12552.595000000001,72,,,
ابريل,زراعي,أرض زراعية,1800000,22594,1,,,,,,,,,,,,
مايو,,,1313881170,761859.282,1375,2520935004,1028073.8670000006,1673,443259862,284265.315,591,,,,,,
مايو,سكني,,995535909,588106.417,1220,1265496243,811143.7170000005,1506,374155538,232547.10499999998,514,,,,,,
مايو,سكني,قطعة أرض,811466912,527337.095,841,950931297,739740.9760000005,1112,277447714,200547.16499999998,345,,,,,,
مايو,سكني,عمارة,,,,1640000,313.61,1,3480000,895.6,2,,,,,,
مايو,سكني,فيلا,18807842,7005.650000000001,17,47946518,8678.926,16,3232000,1801.5,4,,,,,,
مايو,سكني,شقة,165161155,53708.57200000003,361,263978428,61895.70500000003,376,83015824,24835.07,159,,,,,,
مايو,سكني,معرض/محل,100000,55.1,1,,,,3000000,242.49,1,,,,,,
مايو,سكني,مركز تجاري,,,,,,,1600000,1250,1,,,,,,
مايو,سكني,بيت,,,,1000000,514.5,1,380000,99.45,1,,,,,,
مايو,سكني,مرفق,,,,,,,2000000,2875.83,1,,,,,,
مايو,تجاري,,318345261,173752.86500000002,155,1255338761,195808.15000000002,166,63744846,50227.149999999994,71,,,,,,
مايو,تجاري,قطعة أرض,318345261,173752.86500000002,155,1255338761,195808.15000000002,166,62564846,49822.869999999995,70,,,,,,
مايو,تجاري,شقة,,,,,,,1180000,404.28,1,,,,,,
مايو,زراعي,,,,,100000,21122,1,5359478,1491.06,6,,,,,,
مايو,زراعي,قطعة أرض,,,,,,,5359478,1491.06,6,,,,,,
مايو,زراعي,أرض زراعية,,,,100000,21122,1,,,,,,,,,
يونيو,,,2400815893,3378113.5554999993,412,1733079565,907822.0000000001,1310,5236966469,4198722.142,3766,,,,,,
يونيو,سكني,,517954541,187386.4155,362,1556772945,775271.699,1182,3737568120,2092859.0260000005,3236,,,,,,
يونيو,سكني,قطعة أرض,458234384,168239.4455,235,1352160167,709277.236,817,3305130810,1946293.5050000004,2575,,,,,,
يونيو,سكني,عمارة,,,,,,,10300000,2717,2,,,,,,
يونيو,سكني,فيلا,700000,480,1,11974161,14169.855,27,41126422,17950.647000000004,39,,,,,,
يونيو,سكني,شقة,58870157,18611.92,125,192278617,51199.608,337,357918203,96140.45400000006,604,,,,,,
يونيو,سكني,معرض/محل,150000,55.05,1,,,,,,,,,,,,
يونيو,سكني,مركز تجاري,,,,,,,13717900,10563.5,3,,,,,,
يونيو,سكني,بيت,,,,360000,625,1,2742000,5476.9400000000005,9,,,,,,
يونيو,سكني,مرفق,,,,,,,5992785,13216.98,3,,,,,,
يونيو,سكني,إستراحة,,,,,,,640000,500,1,,,,,,
يونيو,تجاري,,1877861352,3169037.4799999995,49,175506620,132305.491,127,1474958840,2099167.236,490,,,,,,
يونيو,تجاري,قطعة أرض,1877861352,3169037.4799999995,49,175506620,132305.491,127,1471323840,2097329.946,486,,,,,,
يونيو,تجاري,عمارة,,,,,,,155000,277.86,2,,,,,,
يونيو,تجاري,فيلا,,,,,,,1680000,283.31,1,,,,,,
يونيو,تجاري,بيت,,,,,,,1800000,1276.12,1,,,,,,
يونيو,زراعي,,5000000,21689.66,1,800000,244.81,1,24439509,6695.879999999999,40,,,,,,
يونيو,زراعي,قطعة أرض,,,,,,,24439509,6695.879999999999,40,,,,,,
يونيو,زراعي,معرض/محل,,,,800000,244.81,1,,,,,,,,,
يونيو,زراعي,أرض زراعية,5000000,21689.66,1,,,,,,,,,,,,
يوليو,,,1346059518,948463.5355000001,1560,2112177329,1723731.3804999995,2550,1228655884,1337321.539499999,2003,,,,,,
يوليو,سكني,,1125303644,725329.3855000001,1400,1608980871,1360610.5204999996,2279,1016979944,1171914.839499999,1824,,,,,,
يوليو,سكني,قطعة أرض,892858485,650004.8765000001,929,1355109257,1279172.1121999999,1819,870239182,1121628.5049999992,1548,,,,,,
يوليو,سكني,عمارة,5020000,1145,2,100000,207.64,1,2050000,840,1,,,,,,
يوليو,سكني,فيلا,13412948,5002.015,14,16656063,14766.1533,27,6234914,4194.48,6,,,,,,
يوليو,سكني,شقة,213587211,67480.37399999997,452,236705551,65839.61500000002,431,136605848,37639.43450000002,262,,,,,,
يوليو,سكني,معرض/محل,200000,81.46,1,,,,,,,,,,,,
يوليو,سكني,مركز تجاري,,,,,,,250000,3966.92,1,,,,,,
يوليو,سكني,قصر,50000,895.5,1,,,,,,,,,,,,
يوليو,سكني,بيت,175000,720.16,1,410000,625,1,1600000,3645.5,6,,,,,,
يوليو,تجاري,,220755874,223134.14999999997,160,492196458,322309.86,269,180980746,156399.29,133,,,,,,
يوليو,تجاري,قطعة أرض,220755874,223134.14999999997,160,439721458,314505.81999999995,265,180980746,156399.29,133,,,,,,
يوليو,تجاري,شقة,,,,1840000,532.9,2,,,,,,,,,
يوليو,تجاري,معرض/محل,,,,635000,195.52,1,,,,,,,,,
يوليو,تجاري,مركز تجاري,,,,50000000,7075.62,1,,,,,,,,,
يوليو,زراعي,,,,,11000000,40811,2,30695194,9007.409999999994,46,,,,,,
يوليو,زراعي,قطعة أرض,,,,,,,30695194,9007.409999999994,46,,,,,,
يوليو,زراعي,أرض زراعية,,,,11000000,40811,2,,,,,,,,,
اوغسطس,,,1198586044,2463250.019000001,840,1515230534,974400.3760000006,1552,1336101450,1308024.889,1882,,,,,,
اوغسطس,سكني,,607890304,347146.1090000001,746,1051512052,800723.6060000006,1355,1042147319,1023339.0140000001,1610,,,,,,
اوغسطس,سكني,قطعة أرض,498666229,306625.4510000001,482,884934077,741369.8800000006,1073,909396148,978980.99,1359,,,,,,
اوغسطس,سكني,عمارة,446908,225,1,3115003,906.62,2,2500000,750,1,,,,,,
اوغسطس,سكني,فيلا,8004599,2843.3700000000003,9,12399508,5047.615,13,9369129,3063.5720000000006,8,,,,,,
اوغسطس,سكني,شقة,100101568,36659.60799999998,252,120243464,39659.53099999999,261,119382042,37423.95199999999,237,,,,,,
اوغسطس,سكني,مركز تجاري,396000,528,1,1400000,1048.03,1,,,,,,,,,
اوغسطس,سكني,بيت,275000,264.68,1,22920000,4598.68,4,1500000,3120.5,5,,,,,,
اوغسطس,سكني,مرفق,,,,6500000,8093.25,1,,,,,,,,,
اوغسطس,تجاري,,590695740,2116103.91,94,463718482,173676.76999999996,197,252095237,270933.82,196,,,,,,
اوغسطس,تجاري,قطعة أرض,590695740,2116103.91,94,463343482,173364.26999999996,196,251445237,270709.58,195,,,,,,
اوغسطس,تجاري,فيلا,,,,,,,650000,224.24,1,,,,,,
اوغسطس,تجاري,شقة,,,,375000,312.5,1,,,,,,,,,
اوغسطس,زراعي,,,,,,,,41858894,13752.054999999997,76,,,,,,
اوغسطس,زراعي,قطعة أرض,,,,,,,41858894,13752.054999999997,76,,,,,,
سبتمبر,,,1542220964,1884269.1884,1239,2136402192,2056289.0649999997,3063,2415291623,1988135.079000002,2688,,,,,,
سبتمبر,سكني,,913597547,558189.4789999999,1136,1658073695,1656263.8849999998,2715,1475780304,1501807.590000002,2241,,,,,,
سبتمبر,سكني,قطعة أرض,743758049,496646.76999999996,770,1401086666,1570745.185,2227,1313815419,1445228.2850000018,1933,,,,,,
سبتمبر,سكني,عمارة,1650000,525,1,7120000,1840,3,6500000,1976.5,3,,,,,,
سبتمبر,سكني,فيلا,12240000,5005.86,9,12118087,11401.95,21,21342469,8309.975999999999,17,,,,,,
سبتمبر,سكني,شقة,154574498,52354.448999999964,353,232483942,67047.85199999998,452,133217416,43771.079000000056,285,,,,,,
سبتمبر,سكني,معرض/محل,,,,1855000,147.228,4,,,,,,,,,
سبتمبر,سكني,مركز تجاري,1100000,1900,1,,,,,,,,,,,,
سبتمبر,سكني,بيت,175000,110.4,1,3410000,5081.67,8,905000,2521.75,3,,,,,,
سبتمبر,سكني,مرفق,100000,1647,1,,,,,,,,,,,,
سبتمبر,تجاري,,628623417,1326079.7094,103,471225808,301032.98,347,879540536,464986.25,311,,,,,,
سبتمبر,تجاري,قطعة أرض,628623417,1326079.7094,103,468725808,300229.31,345,878040536,460990.69,310,,,,,,
سبتمبر,تجاري,شقة,,,,2500000,803.67,2,,,,,,,,,
سبتمبر,تجاري,معرض/محل,,,,,,,1500000,3995.56,1,,,,,,
سبتمبر,زراعي,,,,,7102689,98992.2,1,59970783,21341.238999999998,136,,,,,,
سبتمبر,زراعي,قطعة أرض,,,,,,,59970783,21341.238999999998,136,,,,,,
سبتمبر,زراعي,أرض زراعية,,,,7102689,98992.2,1,,,,,,,,,
اكتوبر,,,1895759545,1173362.6693999998,1755,2393539748,1964466.9387000005,3196,2463144789,2289599.6206000005,2811,,,,,,
اكتوبر,سكني,,1417698501,813492.8119,1526,1995454663,1623702.6020000004,2809,1598394035,1688337.3886000004,2340,,,,,,
اكتوبر,سكني,قطعة أرض,1224637487,747941.7298999999,1102,1527684634,1519197.428,2222,1492415712,1644310.6816000002,2137,,,,,,
اكتوبر,سكني,عمارة,6200000,2315.24,3,4700000,1441.27,3,1700000,1535,2,,,,,,
اكتوبر,سكني,فيلا,10864376,3704.12,9,51316823,13180.96,36,19160682,13352.580000000002,24,,,,,,
اكتوبر,سكني,شقة,175996638,59531.72200000001,412,407183206,84786.28400000012,539,81289640,25289.287000000004,171,,,,,,
اكتوبر,سكني,مركز تجاري,,,,1850000,1654.8400000000001,3,1400000,835.5,1,,,,,,
اكتوبر,سكني,بيت,,,,2720000,3441.82,6,2298000,2450,4,,,,,,
اكتوبر,سكني,مرفق,,,,,,,130001,564.34,1,,,,,,
اكتوبر,تجاري,,473061044,254869.8574999999,228,398085085,340764.3366999999,387,812404486,585262.9850000002,374,,,,,,
اكتوبر,تجاري,قطعة أرض,473061044,254869.8574999999,228,391659085,339263.97669999994,385,812404486,585262.9850000002,374,,,,,,
اكتوبر,تجاري,فيلا,,,,900000,224.24,1,,,,,,,,,
اكتوبر,تجاري,بيت,,,,5526000,1276.12,1,,,,,,,,,
اكتوبر,زراعي,,5000000,105000,1,,,,52346268,15999.247000000005,97,,,,,,
اكتوبر,زراعي,قطعة أرض,,,,,,,52346268,15999.247000000005,97,,,,,,
اكتوبر,زراعي,أرض زراعية,5000000,105000,1,,,,,,,,,,,,
نوفمبر,,,1721862949,1152500.041,2022,1679967246,1274980.9080000003,2083,2865910636,3659924.079000001,3155,,,,,,
نوفمبر,سكني,,1426265304,980002.7860000001,1820,1403556582,1050115.12,1878,1910342221,1868522.924,2583,,,,,,
نوفمبر,سكني,قطعة أرض,1102185039,902804.4700000001,1362,1152539293,971420.7200000002,1440,1800909210,1827250.0550000002,2356,,,,,,
نوفمبر,سكني,عمارة,,,,9130000,2716.7,4,6700000,1000,2,,,,,,
نوفمبر,سكني,فيلا,28081627,8752.7,16,17260401,8747.15,21,9280000,6943.179999999999,12,,,,,,
نوفمبر,سكني,شقة,292516551,65954.19599999997,436,222433888,63816.529999999926,406,92393011,31809.688999999995,210,,,,,,
نوفمبر,سكني,معرض/محل,120000,235.38,3,,,,,,,,,,,,
نوفمبر,سكني,مركز تجاري,610000,640,1,410000,320,1,400000,320,1,,,,,,
نوفمبر,سكني,بيت,2752087,1616.04,2,1783000,3094.02,6,660000,1200,2,,,,,,
نوفمبر,تجاري,,295597645,172497.25500000003,202,276410664,224865.78799999994,205,889960515,1771434.6200000003,434,,,,,,
نوفمبر,تجاري,قطعة أرض,295564312,171872.25500000003,201,276210664,224735.91799999995,204,889960515,1771434.6200000003,434,,,,,,
نوفمبر,تجاري,شقة,,,,200000,129.87,1,,,,,,,,,
نوفمبر,تجاري,بيت,33333,625,1,,,,,,,,,,,,
نوفمبر,زراعي,,,,,,,,65607900,19966.535000000007,138,,,,,,
نوفمبر,زراعي,قطعة أرض,,,,,,,65607900,19966.535000000007,138,,,,,,
ديسمبر,,,1940770559,1558282.3002000002,2610,2132090918,1274684.5333000005,2038,2869842115,2590085.7025999986,3375,,,,,,
ديسمبر,سكني,,1468028182,1284912.7702000001,2324,1263961404,1012844.7453000006,1798,1934745503,1972286.1265999984,2730,,,,,,
ديسمبر,سكني,قطعة أرض,1173507666,1173688.4792000002,1782,1023516956,941323.8593000007,1391,1784311051,1923920.5399999986,2493,,,,,,
ديسمبر,سكني,عمارة,220000,1231,2,2700000,609.5,1,,,,,,,,,
ديسمبر,سكني,فيلا,19930935,7382.085,15,18263236,9816.44,27,14514109,8609.71,16,,,,,,
ديسمبر,سكني,شقة,264109581,73611.68600000005,479,208801212,57442.20599999998,372,128592607,31353.49660000001,209,,,,,,
ديسمبر,سكني,معرض/محل,,,,200000,67.32,2,190000,73.82000000000001,2,,,,,,
ديسمبر,سكني,مركز تجاري,260000,300,1,8800000,864.92,1,2961100,712.15,2,,,,,,
ديسمبر,سكني,بيت,10000000,28699.520000000008,45,1680000,2720.5,4,2945000,2795.41,5,,,,,,
ديسمبر,سكني,مرفق,,,,,,,1231636,4821,3,,,,,,
ديسمبر,تجاري,,472742377,273369.53,286,868129514,261839.78799999997,240,837674646,593868.5600000002,503,,,,,,
ديسمبر,تجاري,قطعة أرض,471692377,272409.23000000004,284,762384004,250157.62799999997,237,837674646,593868.5600000002,503,,,,,,
ديسمبر,تجاري,فيلا,800000,335.3,1,,,,,,,,,,,,
ديسمبر,تجاري,شقة,,,,850000,199.22,1,,,,,,,,,
ديسمبر,تجاري,مركز تجاري,,,,100000000,8374.68,1,,,,,,,,,
ديسمبر,تجاري,بيت,250000,625,1,,,,,,,,,,,,
ديسمبر,تجاري,مرفق,,,,4895510,3108.26,1,,,,,,,,,
ديسمبر,زراعي,,,,,,,,97421966,23931.01600000001,142,,,,,,
ديسمبر,زراعي,قطعة أرض,,,,,,,97421966,23931.01600000001,142,,,,,,
