المؤشر العقاري لمدينة مكة المكرمة  في عام 2018 و2019 و2020 و 2021,,,,,,,,,,,,,,,,,
,,,,,,,,,,,,,,,,,
المدينة,مكة المكرمة,,,,,,,,,,,,,,,,
حالة العملية(معتمدة/ملغية/..),معتمدة,,,,,,,,,,,,,,,,
,,,,,,,,,,,,,,,,,
,,,,,,,,,,,,,,,,,
,,,2018,2018,2018,2019,2019,2019,2020,2020,2020,2021,2021,2021,,,
الشهر,تصنيف العقار,نوع العقار,السعر بالريال السعودي,المساحة بالمتر المربع,عدد الصفقات,السعر بالريال السعودي,المساحة بالمتر المربع,عدد الصفقات,السعر بالريال السعودي,المساحة بالمتر المربع,عدد الصفقات,السعر بالريال السعودي,المساحة بالمتر المربع,عدد الصفقات,,,
يناير,,,640729130,529428.0771000002,693,1327550444,3464439.990000002,1050,1271134412,460229.4578,841,953785300,773542.5337000003,1077,,,
يناير,سكني,,537570769,325070.3890000002,615,1255673524,3400928.202800002,984,1192715506,394520.35779999994,791,844514765,703279.9947000004,968,,,
يناير,سكني,قطعة أرض,444642528,294255.12900000013,448,1131329570,3357136.5538000017,741,1078130393,365051.9278999999,633,806204731,692087.6477000003,890,,,
يناير,سكني,عمارة,1505000,829.38,2,900000,400,1,25387400,470.65,3,,,,,,
يناير,سكني,فيلا,8150000,5220.87,13,12800000,7666.12,19,16286998,7407.8399,22,2845000,800,2,,,
يناير,سكني,شقة,82423241,23753.61000000002,150,110543954,34725.719,222,64432065,20535.960000000003,129,34570334,10210.797000000002,75,,,
يناير,سكني,معرض/محل,,,,,,,,,,894700,181.55,1,,,
يناير,سكني,بيت,350000,600,1,100000,999.81,1,8478650,1053.98,4,,,,,,
يناير,سكني,مرفق,500000,411.4,1,,,,,,,,,,,,
يناير,تجاري,,84068361,41349.43510000001,62,68676920,36520.48909999999,63,77968906,33823.81,47,88788262,42703.88899999999,66,,,
يناير,تجاري,قطعة أرض,80460543,40794.43510000001,60,67976920,35720.48909999999,61,77968906,33823.81,47,88788262,42703.88899999999,66,,,
يناير,تجاري,فيلا,3607818,555,2,700000,800,2,,,,,,,,,
يناير,زراعي,,19090000,163008.253,16,3200000,26991.2981,3,450000,31885.29,3,20482273,27558.65,43,,,
يناير,زراعي,قطعة أرض,100000,833,1,3100000,19198.3206,2,100000,10003.53,1,19482273,17396.21,42,,,
يناير,زراعي,أرض زراعية,18990000,162175.253,15,100000,7792.9775,1,350000,21881.760000000002,2,1000000,10162.44,1,,,
فبراير,,,804854202,430165.21739999996,640,649478825,528144.9180000001,842,1315278916,1235575.4476999994,1022,963964969,1083350.0825999996,945,,,
فبراير,سكني,,725667796,318912.3074,558,573226099,477757.842,778,1119827435,936646.2876999992,948,819237787,666824.2525999995,825,,,
فبراير,سكني,قطعة أرض,666510586,297143.4494,451,497363855,450911.07300000003,617,1053010637,913876.7426999992,832,698892790,648555.3225999996,689,,,
فبراير,سكني,عمارة,,,,,,,10000,62.5,1,300000,544.37,1,,,
فبراير,سكني,فيلا,11890000,5600,14,5960000,4601.9400000000005,11,9317500,4908.1,12,5825000,2070,4,,,
فبراير,سكني,شقة,46257210,15176.857999999997,91,69557244,21850.828999999998,149,50974298,15751.445,100,114219997,15654.559999999996,131,,,
فبراير,سكني,بيت,1010000,992,2,345000,394,1,6515000,2047.5,3,,,,,,
فبراير,تجاري,,65840730,38624.479999999996,46,75902726,42185.07599999999,62,184201481,126293.55999999997,72,97843721,51513.740000000005,74,,,
فبراير,تجاري,قطعة أرض,63352186,37839.479999999996,43,73767726,40985.07599999999,59,182151481,125493.55999999997,70,97843721,51513.740000000005,74,,,
فبراير,تجاري,فيلا,738544,245,2,2135000,1200,3,2050000,800,2,,,,,,
فبراير,تجاري,معرض/محل,1750000,540,1,,,,,,,,,,,,
فبراير,زراعي,,13345676,72628.43000000001,36,350000,8202,2,11250000,172635.6,2,46883461,365012.0899999999,46,,,
فبراير,زراعي,قطعة أرض,11215676,59459.91,33,250000,7577,1,11250000,172635.6,2,46183461,344931.8899999999,44,,,
فبراير,زراعي,أرض زراعية,2130000,13168.52,3,100000,625,1,,,,700000,20080.2,2,,,
مارس,,,878576387,589330.6945999998,798,1266506074,406961.2472999995,787,638379285,4888456.6068000095,740,782526116,647977.5112000001,1037,,,
مارس,سكني,,805830449,396368.9075999998,711,1139699710,362809.60719999956,728,585246435,4858871.67680001,696,621892513,454397.61120000004,792,,,
مارس,سكني,قطعة أرض,674114381,320832.1407999998,517,1054929350,333774.3271999996,558,509612720,4834364.16680001,566,512117124,438899.04120000004,669,,,
مارس,سكني,عمارة,900000,403.26,1,,,,1100000,238,1,700000,405,1,,,
مارس,سكني,فيلا,48616447,19327.746799999997,50,14890198,7865.3,21,8145000,3757.54,9,5430000,1200,3,,,
مارس,سكني,شقة,71009621,24012.14999999999,137,69880162,21169.98000000001,149,66388715,20511.969999999983,120,103445389,13597.879999999997,118,,,
مارس,سكني,بيت,290000,579.89,2,,,,,,,200000,295.69,1,,,
مارس,سكني,مرفق,900000,323.68,1,,,,,,,,,,,,
مارس,سكني,أرض زراعية,10000000,30890.04,3,,,,,,,,,,,,
مارس,تجاري,,66928563,39990.376,64,126166364,42595.4401,57,51307750,29033.05999999999,41,87060598,54150.29000000001,84,,,
مارس,تجاري,قطعة أرض,66928563,39990.376,64,125716364,41695.4401,55,50957750,28633.05999999999,40,85860598,53750.29000000001,83,,,
مارس,تجاري,عمارة,,,,100000,500,1,,,,,,,,,
مارس,تجاري,فيلا,,,,350000,400,1,350000,400,1,1200000,400,1,,,
مارس,زراعي,,5817375,152971.411,23,640000,1556.2,2,1825100,551.87,3,73573005,139429.61,161,,,
مارس,زراعي,قطعة أرض,1708000,13640.520999999999,10,550000,1046.91,1,1825100,551.87,3,73123005,47103.71999999997,160,,,
مارس,زراعي,أرض زراعية,4109375,139330.88999999998,13,90000,509.29,1,,,,450000,92325.89,1,,,
ابريل,,,930020257,634460.2873999998,745,781873074,466711.7705000001,772,91205754,38157.88900000001,98,452475110,767147.1719999999,473,,,
ابريل,سكني,,877292074,581602.7393999998,700,701501227,364956.7605000001,729,86209164,36032.94900000001,94,346699546,515794.5150000001,304,,,
ابريل,سكني,قطعة أرض,578613193,500790.42939999985,540,609917036,323547.5405000001,538,61806895,28601.749000000003,56,332937116,501873.93000000005,270,,,
ابريل,سكني,فيلا,8790000,3620,9,6200000,4400,11,1450000,400,1,350000,400,1,,,
ابريل,سكني,شقة,72854881,25250.550000000003,146,84354191,26614.719999999983,177,22952269,7031.200000000003,37,13222430,3520.585000000001,32,,,
ابريل,سكني,بيت,330000,579.89,2,830000,800,2,,,,,,,,,
ابريل,سكني,مرفق,704000,1074,2,200000,9594.5,1,,,,,,,,,
ابريل,سكني,أرض زراعية,216000000,50287.87,1,,,,,,,190000,10000,1,,,
ابريل,تجاري,,51036883,28566.038,42,79871847,31866.75,42,3800000,1787.3600000000001,2,49287072,33985.46,47,,,
ابريل,تجاري,قطعة أرض,49986883,27755.413,39,79871847,31866.75,42,3800000,1787.3600000000001,2,47887072,33437.39,45,,,
ابريل,تجاري,فيلا,1050000,810.625,3,,,,,,,1200000,400,1,,,
ابريل,تجاري,شقة,,,,,,,,,,200000,148.07,1,,,
ابريل,زراعي,,1691300,24291.510000000002,3,500000,69888.26,1,1196590,337.58,2,56488492,217367.197,122,,,
ابريل,زراعي,قطعة أرض,751300,12537.54,1,,,,1196590,337.58,2,56488492,217367.197,122,,,
ابريل,زراعي,أرض زراعية,940000,11753.97,2,500000,69888.26,1,,,,,,,,,
مايو,,,773979077,865449.8528999999,592,399830212,364765.4896000002,528,378696315,40884.83,97,,,,,,
مايو,سكني,,594855160,376729.04999999993,541,365954428,241751.92460000017,501,367286244,36457.9,89,,,,,,
مايو,سكني,قطعة أرض,518164329,340748.5489999999,393,310701875,223690.9746000002,382,346562019,30602.660000000003,55,,,,,,
مايو,سكني,عمارة,,,,90000,500,1,,,,,,,,,
مايو,سكني,فيلا,5850000,3000,8,3250000,1600,4,,,,,,,,,
مايو,سكني,شقة,68250831,21957.171000000006,138,51632553,15838.300000000001,113,20724225,5855.240000000001,34,,,,,,
مايو,سكني,بيت,90000,983.76,1,280000,122.65,1,,,,,,,,,
مايو,سكني,أرض زراعية,2500000,10039.57,1,,,,,,,,,,,,
مايو,تجاري,,88221917,28370.068000000003,44,32875784,16047.455000000002,26,10760071,4232.35,7,,,,,,
مايو,تجاري,قطعة أرض,87871917,27970.068000000003,43,32875784,16047.455000000002,26,10760071,4232.35,7,,,,,,
مايو,تجاري,فيلا,350000,400,1,,,,,,,,,,,,
مايو,زراعي,,90902000,460350.7349,7,1000000,106966.11,1,650000,194.58,1,,,,,,
مايو,زراعي,قطعة أرض,87762000,437894.5549,2,1000000,106966.11,1,650000,194.58,1,,,,,,
مايو,زراعي,أرض زراعية,3140000,22456.18,5,,,,,,,,,,,,
يونيو,,,2352301112,98762.80499999998,234,287201266,378962.4216,434,2135290160,722856.2826999993,1509,,,,,,
يونيو,سكني,,2323059478,89532.10799999998,217,247605948,359047.9116,405,1920673487,640145.6176999994,1393,,,,,,
يونيو,سكني,قطعة أرض,2289802002,80296.08799999997,160,195414948,341604.1816,307,1792167805,602573.1246999993,1122,,,,,,
يونيو,سكني,عمارة,,,,400000,500,1,3332195,543.55,2,,,,,,
يونيو,سكني,فيلا,,,,3590000,2400,6,13950000,4000,10,,,,,,
يونيو,سكني,شقة,33257476,9236.020000000002,57,48201000,14543.729999999998,91,96051742,31958.823000000004,253,,,,,,
يونيو,سكني,بيت,,,,,,,15171745,1070.1200000000001,6,,,,,,
يونيو,تجاري,,29119134,8704.167,16,39595318,19914.51,29,207293815,77776.08499999999,98,,,,,,
يونيو,تجاري,قطعة أرض,28419134,7904.1669999999995,14,38805318,18864.51,26,207293815,77776.08499999999,98,,,,,,
يونيو,تجاري,فيلا,700000,800,2,700000,800,2,,,,,,,,,
يونيو,تجاري,بيت,,,,90000,250,1,,,,,,,,,
يونيو,زراعي,,122500,526.53,1,,,,7322858,4934.580000000001,18,,,,,,
يونيو,زراعي,قطعة أرض,122500,526.53,1,,,,7322858,4934.580000000001,18,,,,,,
يوليو,,,658859391,421802.3956999999,604,843467312,533583.1707999998,835,688464904,590360.4235,1091,,,,,,
يوليو,سكني,,389227338,352547.5556999999,554,677205221,402300.4907999999,770,622113992,548741.5785000001,1031,,,,,,
يوليو,سكني,قطعة أرض,320047274,330823.28569999995,440,599258336,372378.3707999999,608,546897239,522288.5997000001,899,,,,,,
يوليو,سكني,عمارة,,,,450000,400,1,,,,,,,,,
يوليو,سكني,فيلا,12556000,4225,10,5751088,4520.26,11,9256771,6235.12,15,,,,,,
يوليو,سكني,شقة,52538064,16677.67,101,70645797,23295.069999999992,147,59087282,17056.888799999997,111,,,,,,
يوليو,سكني,معرض/محل,2000000,29.6,1,,,,,,,,,,,,
يوليو,سكني,بيت,2086000,792,2,1100000,1706.79,3,6444700,1242.69,3,,,,,,
يوليو,سكني,مرفق,,,,,,,428000,1918.28,3,,,,,,
يوليو,تجاري,,263037967,29944.469999999998,42,125262091,48798.32999999999,64,59345912,28985.845000000005,48,,,,,,
يوليو,تجاري,قطعة أرض,261837967,28744.469999999998,39,124212091,47558.32999999999,61,58395912,28145.845000000005,46,,,,,,
يوليو,تجاري,فيلا,1200000,1200,3,1050000,1240,3,950000,840,2,,,,,,
يوليو,زراعي,,6594086,39310.369999999995,8,41000000,82484.35,1,7005000,12633.000000000002,12,,,,,,
يوليو,زراعي,قطعة أرض,1029086,22381.21,5,41000000,82484.35,1,7005000,12633.000000000002,12,,,,,,
يوليو,زراعي,أرض زراعية,5565000,16929.16,3,,,,,,,,,,,,
اوغسطس,,,491168944,256752.2902,266,501280367,287454.46199999994,448,345068566,335896.9149000001,616,,,,,,
اوغسطس,سكني,,434530813,136494.9152,242,471865369,240157.86199999994,419,310880913,310978.7149000001,566,,,,,,
اوغسطس,سكني,قطعة أرض,404029960,125068.7852,182,434161847,225919.03299999994,347,272915289,295022.36890000006,484,,,,,,
اوغسطس,سكني,عمارة,160000,75.68,1,,,,100000,50.78,1,,,,,,
اوغسطس,سكني,فيلا,2560000,2000,5,4030000,1632.17,4,10288786,7697.18,19,,,,,,
اوغسطس,سكني,شقة,27780853,9350.449999999999,54,32253522,11497.549,65,26059012,7556.915999999999,60,,,,,,
اوغسطس,سكني,بيت,,,,1420000,1109.1100000000001,3,1517826,651.47,2,,,,,,
اوغسطس,تجاري,,26378131,14478.295,19,29264998,20729.010000000002,28,27331815,22176.13,38,,,,,,
اوغسطس,تجاري,قطعة أرض,26378131,14478.295,19,29264998,20729.010000000002,28,25151815,20402.38,33,,,,,,
اوغسطس,تجاري,فيلا,,,,,,,1400000,1616.91,4,,,,,,
اوغسطس,تجاري,شقة,,,,,,,780000,156.84,1,,,,,,
اوغسطس,زراعي,,30260000,105779.08,5,150000,26567.59,1,6855838,2742.0699999999997,12,,,,,,
اوغسطس,زراعي,قطعة أرض,28500000,89922.11,1,150000,26567.59,1,6855838,2742.0699999999997,12,,,,,,
اوغسطس,زراعي,أرض زراعية,1760000,15856.97,4,,,,,,,,,,,,
سبتمبر,,,928458648,1203752.8347999998,530,679332263,538612.5332999998,926,972527476,1006541.0573000002,583,,,,,,
سبتمبر,سكني,,693233819,257732.9337999999,482,627637263,448505.09329999983,870,943262008,951837.0373000002,531,,,,,,
سبتمبر,سكني,قطعة أرض,651992986,242944.3587999999,410,557545818,422962.26249999984,725,905241047,937286.5637000002,451,,,,,,
سبتمبر,سكني,فيلا,6455000,3305,9,4150000,3200,8,10869667,6479.5236,19,,,,,,
سبتمبر,سكني,شقة,29504026,11026.806999999999,61,64076445,20187.090799999998,133,24563794,6756.650000000003,58,,,,,,
سبتمبر,سكني,بيت,5281807,456.76800000000003,2,1865000,2155.74,4,2587500,1314.3,3,,,,,,
سبتمبر,تجاري,,199108579,34162.231,44,47562500,38167.4,53,21432268,25649.76,38,,,,,,
سبتمبر,تجاري,قطعة أرض,197478829,33762.231,43,46012500,37767.4,52,20732268,24849.76,36,,,,,,
سبتمبر,تجاري,فيلا,1629750,400,1,1550000,400,1,700000,800,2,,,,,,
سبتمبر,زراعي,,36116250,911857.67,4,4132500,51940.04,3,7833200,29054.26,14,,,,,,
سبتمبر,زراعي,قطعة أرض,3016250,1371.33,1,3412500,50926,1,7833200,29054.26,14,,,,,,
سبتمبر,زراعي,أرض زراعية,33100000,910486.3400000001,3,720000,1014.04,2,,,,,,,,,
اكتوبر,,,789212503,610535.5279,688,1128013109,775370.2381,977,703454947,852051.1268999999,771,,,,,,
اكتوبر,سكني,,676410910,368517.63669999986,639,1025101897,464618.01749999984,915,609950337,617144.2559,693,,,,,,
اكتوبر,سكني,قطعة أرض,556289817,342515.3857999999,508,951378437,436110.29749999987,766,579945283,607812.6259,644,,,,,,
اكتوبر,سكني,عمارة,52310183,938.6029,3,2247000,1109.3000000000002,3,1282500,255.5,1,,,,,,
اكتوبر,سكني,فيلا,2750000,3231.67,8,8072645,5467.51,14,9380000,2470,5,,,,,,
اكتوبر,سكني,شقة,54947296,21376.156000000006,117,62308815,20130.909999999996,129,19192554,5961.13,42,,,,,,
اكتوبر,سكني,بيت,10113614,455.822,3,400000,600,1,150000,645,1,,,,,,
اكتوبر,سكني,مرفق,,,,695000,1200,2,,,,,,,,,
اكتوبر,تجاري,,102423728,31206.060000000005,44,98556212,52630.96,54,71889250,53219.661,55,,,,,,
اكتوبر,تجاري,قطعة أرض,101173728,30806.060000000005,43,98206212,52230.96,53,69889250,52819.661,54,,,,,,
اكتوبر,تجاري,فيلا,1250000,400,1,350000,400,1,2000000,400,1,,,,,,
اكتوبر,زراعي,,10377865,210811.83120000002,5,4355000,258121.26059999998,8,21615360,181687.21000000002,23,,,,,,
اكتوبر,زراعي,قطعة أرض,377865,145310.0312,4,3125000,228761.47999999998,4,21615360,181687.21000000002,23,,,,,,
اكتوبر,زراعي,أرض زراعية,10000000,65501.8,1,1230000,29359.7806,4,,,,,,,,,
نوفمبر,,,820645617,745040.6997,794,752811096,415724.2995000001,721,957362901,860460.9557000004,1201,,,,,,
نوفمبر,سكني,,652984181,382232.2377,737,684524279,367195.4495000001,656,820987105,749363.5646000004,1078,,,,,,
نوفمبر,سكني,قطعة أرض,574258494,355918.3163,587,615826969,340350.5535000001,531,766944310,729331.8196000003,975,,,,,,
نوفمبر,سكني,عمارة,,,,3180000,1265.85,3,,,,,,,,,
نوفمبر,سكني,فيلا,17894725,5929.3674,13,10382500,7713.83,19,7883747,3593.2999999999997,8,,,,,,
نوفمبر,سكني,شقة,58736017,18711.043999999998,132,51514810,15328.365999999998,98,46039048,15766.765,93,,,,,,
نوفمبر,سكني,بيت,2094945,1673.51,5,3410000,1903.08,4,20000,37.91,1,,,,,,
نوفمبر,سكني,أرض زراعية,,,,210000,633.77,1,100000,633.77,1,,,,,,
نوفمبر,تجاري,,166451436,44732.365999999995,51,67991817,46646.75,62,123366656,73262.0311,105,,,,,,
نوفمبر,تجاري,قطعة أرض,165601436,43932.365999999995,49,67991817,46646.75,62,123366656,73262.0311,105,,,,,,
نوفمبر,تجاري,فيلا,850000,800,2,,,,,,,,,,,,
نوفمبر,زراعي,,1210000,318076.096,6,295000,1882.1,3,13009140,37835.35999999999,18,,,,,,
نوفمبر,زراعي,قطعة أرض,10000,143000,1,35000,500,1,9009140,2977.2400000000002,15,,,,,,
نوفمبر,زراعي,أرض زراعية,1200000,175076.096,5,260000,1382.1,2,4000000,34858.119999999995,3,,,,,,
ديسمبر,,,2299302403,539557.3725000004,986,745692629,686056.801,770,653003222,619951.4959999999,899,,,,,,
ديسمبر,سكني,,2151107902,479024.77000000037,914,654405718,359672.1510000001,698,564359776,572860.2459999999,808,,,,,,
ديسمبر,سكني,قطعة أرض,2082782202,453161.0010000004,780,595065144,337700.10600000015,589,528876062,561608.7559999999,722,,,,,,
ديسمبر,سكني,عمارة,,,,350000,400,1,,,,,,,,,
ديسمبر,سكني,فيلا,4964931,3600,9,11822500,7665.58,19,4075000,1600,4,,,,,,
ديسمبر,سكني,شقة,62050769,20338.029000000006,121,43120199,13216.77499999999,87,31358714,9201.490000000002,81,,,,,,
ديسمبر,سكني,بيت,930000,1351.74,3,4047875,689.69,2,50000,450,1,,,,,,
ديسمبر,سكني,مرفق,380000,574,1,,,,,,,,,,,,
ديسمبر,تجاري,,147904501,57041.17000000001,70,79886911,43904.05,69,72412456,42655.770000000004,64,,,,,,
ديسمبر,تجاري,قطعة أرض,147904501,57041.17000000001,70,79536911,43504.05,68,71009956,42255.770000000004,63,,,,,,
ديسمبر,تجاري,فيلا,,,,350000,400,1,1402500,400,1,,,,,,
ديسمبر,زراعي,,290000,3491.4325,2,11400000,282480.6,3,16230990,4435.48,27,,,,,,
ديسمبر,زراعي,قطعة أرض,,,,11400000,282480.6,3,16230990,4435.48,27,,,,,,
ديسمبر,زراعي,أرض زراعية,290000,3491.4325,2,,,,,,,,,,,,
