,
,
,
,
,
,
,الرقم القياسي لأسعار العقارات (2014 = 100) ،الربع الثاني 2024  
,الجداول
,تكوين المؤشر حسب القطاع ونوع العقار    
,الأرقام القياسية ومعدلات التغير حسب القطاع ونوع العقار، الربع الثاني  2024
,الأرقام القياسية حسب القطاع ونوع العقار والمنطقة الإدارية، الربع الثاني  2024
,التغير السنوي حسب القطاع ونوع العقار والمنطقة الإدارية، الربع الثاني  2024 (%)
,التغير الربعي حسب القطاع ونوع العقار والمنطقة الإدارية، الربع الثاني  2024 (%)
,الأرقام القياسية حسب القطاع ونوع العقار، 2018-الربع الثاني 2024 (%)
,التغير السنوي حسب القطاع ونوع العقار، 2019-الربع الثاني 2024 (%) 
,التغير الربعي حسب القطاع ونوع العقار، 2018-الربع الثاني 2024 (%) 
,الأرقام القياسية حسب المنطقة الإدارية، 2018-الربع الثاني 2024 (%)
,التغير السنوي حسب المنطقة الإدارية، 2019 -الربع الثاني 2024 (%)
,التغير الربعي حسب المنطقة الإدارية، 2018-الربع الثاني 2024 (%) 
,
,www.stats.gov.sa
